,accession,label
0,YP_009788086.1,baseplate
1,YP_240178.1,baseplate
2,YP_009966714.1,baseplate
3,YP_009948863.1,baseplate
4,YP_009876391.1,baseplate
5,YP_009877639.1,baseplate
6,YP_009879447.1,baseplate
7,YP_009796307.1,baseplate
8,YP_009796521.1,baseplate
9,YP_009879807.1,baseplate
10,YP_009798832.1,baseplate
11,YP_009837624.1,baseplate
12,YP_009837662.1,baseplate
13,YP_009880602.1,baseplate
14,YP_009881343.1,baseplate
15,YP_009881144.1,baseplate
16,YP_009845871.1,baseplate
17,YP_009845957.1,baseplate
18,YP_009883600.1,baseplate
19,YP_009889912.1,baseplate
20,YP_009883160.1,baseplate
21,YP_009855586.1,baseplate
22,YP_009889482.1,baseplate
23,YP_009888259.1,baseplate
24,YP_009887848.1,baseplate
25,YP_009888662.1,baseplate
26,YP_009888052.1,baseplate
27,YP_009888464.1,baseplate
28,YP_009887665.1,baseplate
29,YP_009889271.1,baseplate
30,YP_009888869.1,baseplate
31,YP_009889074.1,baseplate
32,YP_009887473.1,baseplate
33,YP_010092932.1,baseplate
34,YP_010092934.1,baseplate
35,YP_010092937.1,baseplate
36,YP_010092947.1,baseplate
37,YP_010092948.1,baseplate
38,YP_010095665.1,baseplate
39,YP_010095668.1,baseplate
40,YP_010095958.1,baseplate
41,YP_010095961.1,baseplate
42,YP_009882215.1,baseplate
43,YP_009882219.1,baseplate
44,YP_010067339.1,baseplate
45,NP_758923.1,baseplate
46,YP_001111067.1,baseplate
47,YP_004306439.1,baseplate
48,YP_009149431.1,baseplate
49,YP_009783142.1,baseplate
50,YP_009778162.1,baseplate
51,YP_009778449.1,baseplate
52,YP_009778735.1,baseplate
53,YP_009067098.1,baseplate
54,YP_009967025.1,baseplate
55,YP_010088651.1,baseplate
56,YP_010088660.1,baseplate
57,YP_010073179.1,baseplate
58,YP_009876073.1,baseplate
59,YP_010076805.1,baseplate
60,YP_010089478.1,baseplate
61,YP_010089480.1,baseplate
62,YP_010089520.1,baseplate
63,YP_010133101.1,baseplate
64,YP_010074882.1,baseplate
65,YP_009832075.1,baseplate
66,YP_010089998.1,baseplate
67,YP_010090030.1,baseplate
68,YP_010090624.1,baseplate
69,YP_010090625.1,baseplate
70,YP_010090626.1,baseplate
71,YP_010090338.1,baseplate
72,YP_009790730.1,baseplate
73,YP_009618968.1,baseplate
74,YP_009618998.1,baseplate
75,YP_010076389.1,baseplate
76,YP_010092006.1,baseplate
77,YP_010067872.1,baseplate
78,YP_010068426.1,baseplate
79,YP_010075084.1,baseplate
80,YP_010077074.1,baseplate
81,YP_010091464.1,baseplate
82,YP_010091495.1,baseplate
83,YP_010091193.1,baseplate
84,YP_010091224.1,baseplate
85,YP_010093617.1,baseplate
86,YP_010093619.1,baseplate
87,YP_009836898.1,baseplate
88,YP_009836900.1,baseplate
89,YP_009836903.1,baseplate
90,YP_010065251.1,baseplate
91,YP_010069180.1,baseplate
92,YP_010069212.1,baseplate
93,YP_010090871.1,baseplate
94,YP_010090903.1,baseplate
95,YP_009837438.1,baseplate
96,YP_010094074.1,baseplate
97,YP_009799530.1,baseplate
98,YP_010095104.1,baseplate
99,YP_010095150.1,baseplate
100,YP_010095154.1,baseplate
101,YP_010094226.1,baseplate
102,YP_010066464.1,baseplate
103,YP_010094756.1,baseplate
104,YP_010072203.1,baseplate
105,YP_010071663.1,baseplate
106,YP_010096171.1,baseplate
107,YP_009880933.1,baseplate
108,YP_009880964.1,baseplate
109,YP_009880968.1,baseplate
110,YP_009881503.1,baseplate
111,YP_009881507.1,baseplate
112,YP_009881538.1,baseplate
113,YP_009842864.1,baseplate
114,YP_010072862.1,baseplate
115,YP_010098494.1,baseplate
116,YP_010077418.1,baseplate
117,YP_010067575.1,baseplate
118,YP_010067607.1,baseplate
119,YP_010100019.1,baseplate
120,YP_009816618.1,baseplate
121,YP_009829557.1,baseplate
122,YP_010100331.1,baseplate
123,YP_010100473.1,baseplate
124,YP_010100514.1,baseplate
125,YP_010072448.1,baseplate
126,YP_010070811.1,baseplate
127,YP_010080028.1,baseplate
128,YP_009833299.1,baseplate
129,YP_010101750.1,baseplate
130,YP_010068098.1,baseplate
131,YP_009850382.1,baseplate
132,YP_009850387.1,baseplate
133,YP_009850542.1,baseplate
134,YP_010075996.1,baseplate
135,YP_010076245.1,baseplate
136,YP_009850033.1,baseplate
137,YP_009883912.1,baseplate
138,YP_009887152.1,baseplate
139,YP_009887153.1,baseplate
140,YP_009887157.1,baseplate
141,YP_009887187.1,baseplate
142,YP_010077427.1,baseplate
143,YP_009855904.1,baseplate
144,YP_009856169.1,baseplate
145,YP_009914333.1,baseplate
146,YP_009914427.1,baseplate
147,YP_009913696.1,baseplate
148,YP_010068680.1,baseplate
149,YP_010071938.1,baseplate
150,YP_010072753.1,baseplate
151,YP_010114056.1,baseplate
152,YP_009966156.1,baseplate
153,YP_010355392.1,baseplate
154,YP_009881903.1,baseplate
155,YP_001642390.1,baseplate
156,YP_529888.1,baseplate
157,YP_007236476.1,baseplate
158,YP_008859233.1,baseplate
159,YP_009834650.1,baseplate
160,YP_009834884.1,baseplate
161,YP_009850969.1,baseplate
162,YP_009859399.1,baseplate
163,YP_010095667.1,baseplate
164,YP_010095960.1,baseplate
165,YP_008857061.1,baseplate
166,YP_009623478.1,baseplate
167,YP_009200008.1,baseplate
168,YP_009273826.1,baseplate
169,YP_009598049.1,baseplate
170,YP_009598120.1,baseplate
171,YP_010067337.1,baseplate
172,YP_010067071.1,baseplate
173,YP_004415082.1,baseplate
174,YP_009153789.1,baseplate
175,YP_009035513.1,baseplate
176,YP_009148629.1,baseplate
177,YP_009030796.1,baseplate
178,YP_009111007.1,baseplate
179,YP_009782139.1,baseplate
180,YP_009287399.1,baseplate
181,YP_010088324.1,baseplate
182,YP_010066843.1,baseplate
183,YP_010066382.1,baseplate
184,YP_010065985.1,baseplate
185,YP_009284053.1,baseplate
186,YP_009190763.1,baseplate
187,YP_009210108.1,baseplate
188,YP_009625062.1,baseplate
189,YP_009625405.1,baseplate
190,YP_009197267.1,baseplate
191,YP_009180688.1,baseplate
192,YP_010073181.1,baseplate
193,YP_009288877.1,baseplate
194,YP_009786271.1,baseplate
195,YP_010076803.1,baseplate
196,YP_010089479.1,baseplate
197,YP_010074912.1,baseplate
198,YP_010090028.1,baseplate
199,YP_010090587.1,baseplate
200,YP_010092347.1,baseplate
201,YP_009618996.1,baseplate
202,YP_009619120.1,baseplate
203,YP_010076387.1,baseplate
204,YP_010092051.1,baseplate
205,YP_010067870.1,baseplate
206,YP_010068424.1,baseplate
207,YP_010075082.1,baseplate
208,YP_010077072.1,baseplate
209,YP_010091493.1,baseplate
210,YP_010091222.1,baseplate
211,YP_010073564.1,baseplate
212,YP_010073843.1,baseplate
213,YP_010093656.1,baseplate
214,YP_009836899.1,baseplate
215,YP_009836939.1,baseplate
216,YP_010065249.1,baseplate
217,YP_010069210.1,baseplate
218,YP_010069750.1,baseplate
219,YP_010094228.1,baseplate
220,YP_010094500.1,baseplate
221,YP_010066466.1,baseplate
222,YP_010094758.1,baseplate
223,YP_010072167.1,baseplate
224,YP_010072201.1,baseplate
225,YP_010071661.1,baseplate
226,YP_010096169.1,baseplate
227,YP_010096254.1,baseplate
228,YP_009880969.1,baseplate
229,YP_009881502.1,baseplate
230,YP_010072860.1,baseplate
231,YP_010098496.1,baseplate
232,YP_010077181.1,baseplate
233,YP_010067605.1,baseplate
234,YP_010100329.1,baseplate
235,YP_010100478.1,baseplate
236,YP_010100515.1,baseplate
237,YP_010070290.1,baseplate
238,YP_010070016.1,baseplate
239,YP_010070569.1,baseplate
240,YP_010072478.1,baseplate
241,YP_010069482.1,baseplate
242,YP_010071393.1,baseplate
243,YP_010070841.1,baseplate
244,YP_010068096.1,baseplate
245,YP_009850352.1,baseplate
246,YP_009850386.1,baseplate
247,YP_010075994.1,baseplate
248,YP_010076276.1,baseplate
249,YP_009883877.1,baseplate
250,YP_010075458.1,baseplate
251,YP_010077425.1,baseplate
252,YP_010068952.1,baseplate
253,YP_010074106.1,baseplate
254,YP_010074391.1,baseplate
255,YP_010074579.1,baseplate
256,YP_010065831.1,baseplate
257,YP_010065558.1,baseplate
258,YP_010075728.1,baseplate
259,YP_010070957.1,baseplate
260,YP_010068678.1,baseplate
261,YP_010071936.1,baseplate
262,YP_010072751.1,baseplate
263,YP_010278314.1,baseplate
264,YP_010099728.1,baseplate
265,NP_944089.1,baseplate
266,NP_944090.1,baseplate
267,NP_944091.1,baseplate
268,YP_656368.1,baseplate
269,YP_656369.1,baseplate
270,YP_656370.1,baseplate
271,YP_656404.1,baseplate
272,YP_656406.1,baseplate
273,YP_656410.1,baseplate
274,YP_656411.1,baseplate
275,YP_238869.1,baseplate
276,YP_238870.1,baseplate
277,YP_238871.1,baseplate
278,YP_238905.1,baseplate
279,YP_238906.1,baseplate
280,YP_238907.1,baseplate
281,YP_238909.1,baseplate
282,YP_238910.1,baseplate
283,YP_238911.1,baseplate
284,YP_238912.1,baseplate
285,YP_009140268.1,baseplate
286,YP_009140305.1,baseplate
287,YP_009140306.1,baseplate
288,YP_003579962.1,baseplate
289,YP_003580037.1,baseplate
290,YP_003580038.1,baseplate
291,YP_003580040.1,baseplate
292,YP_009168374.1,baseplate
293,YP_003969098.1,baseplate
294,YP_003969100.1,baseplate
295,YP_003969101.1,baseplate
296,YP_003969102.1,baseplate
297,YP_003969104.1,baseplate
298,YP_003969105.1,baseplate
299,YP_003969106.1,baseplate
300,YP_003969143.1,baseplate
301,YP_003969144.1,baseplate
302,YP_003969145.1,baseplate
303,YP_003969146.1,baseplate
304,YP_003969148.1,baseplate
305,YP_003969149.1,baseplate
306,YP_003969150.1,baseplate
307,YP_003969615.1,baseplate
308,YP_003969616.1,baseplate
309,YP_003969619.1,baseplate
310,YP_003969627.1,baseplate
311,YP_003969628.1,baseplate
312,YP_003969629.1,baseplate
313,YP_007002676.1,baseplate
314,YP_008061166.1,baseplate
315,YP_006489154.1,baseplate
316,YP_006489153.1,baseplate
317,YP_006489100.1,baseplate
318,YP_006489099.1,baseplate
319,YP_009001469.1,baseplate
320,YP_006489095.1,baseplate
321,YP_006489094.1,baseplate
322,YP_009001470.1,baseplate
323,YP_006489089.1,baseplate
324,YP_007004730.1,baseplate
325,YP_004895204.1,baseplate
326,YP_007008011.1,baseplate
327,YP_007348737.1,baseplate
328,YP_007348834.1,baseplate
329,YP_007348835.1,baseplate
330,YP_007348836.1,baseplate
331,YP_007348838.1,baseplate
332,YP_006383630.1,baseplate
333,YP_006986370.1,baseplate
334,YP_006986377.1,baseplate
335,YP_006986470.1,baseplate
336,YP_006986471.1,baseplate
337,YP_006986472.1,baseplate
338,YP_007010854.1,baseplate
339,YP_007010857.1,baseplate
340,YP_007010858.1,baseplate
341,YP_007010354.1,baseplate
342,YP_007010355.1,baseplate
343,YP_007010356.1,baseplate
344,YP_007010357.1,baseplate
345,YP_007010364.1,baseplate
346,YP_007010367.1,baseplate
347,YP_007010370.1,baseplate
348,YP_007010371.1,baseplate
349,YP_009101449.1,baseplate
350,YP_009217550.1,baseplate
351,YP_009217551.1,baseplate
352,YP_009217552.1,baseplate
353,YP_009217587.1,baseplate
354,YP_009217589.1,baseplate
355,YP_009217590.1,baseplate
356,YP_009217591.1,baseplate
357,YP_007349148.1,baseplate
358,YP_007349149.1,baseplate
359,YP_008060621.1,baseplate
360,YP_008060628.1,baseplate
361,YP_008060718.1,baseplate
362,YP_008060719.1,baseplate
363,YP_008060720.1,baseplate
364,YP_008060721.1,baseplate
365,YP_008060722.1,baseplate
366,YP_008061627.1,baseplate
367,YP_009221264.1,baseplate
368,YP_009098969.1,baseplate
369,YP_008770028.1,baseplate
370,YP_008771789.1,baseplate
371,YP_008771790.1,baseplate
372,YP_008770996.1,baseplate
373,YP_009030380.1,baseplate
374,YP_009021328.1,baseplate
375,YP_009097706.1,baseplate
376,YP_009097803.1,baseplate
377,YP_009097804.1,baseplate
378,YP_009097805.1,baseplate
379,YP_009151114.1,baseplate
380,YP_009151644.1,baseplate
381,YP_009151646.1,baseplate
382,YP_009147536.1,baseplate
383,YP_009147537.1,baseplate
384,YP_009147566.1,baseplate
385,YP_009126066.1,baseplate
386,YP_009784963.1,baseplate
387,YP_009220970.1,baseplate
388,YP_009218541.1,baseplate
389,YP_009218542.1,baseplate
390,YP_009218543.1,baseplate
391,YP_009218544.1,baseplate
392,YP_009218637.1,baseplate
393,YP_009194345.1,baseplate
394,YP_009194446.1,baseplate
395,YP_009194447.1,baseplate
396,YP_009194448.1,baseplate
397,YP_009607297.1,baseplate
398,YP_009607395.1,baseplate
399,YP_009607396.1,baseplate
400,YP_009607397.1,baseplate
401,YP_009607399.1,baseplate
402,YP_009607018.1,baseplate
403,YP_009607117.1,baseplate
404,YP_009607118.1,baseplate
405,YP_009607119.1,baseplate
406,YP_009194918.1,baseplate
407,YP_009194925.1,baseplate
408,YP_009195016.1,baseplate
409,YP_009195017.1,baseplate
410,YP_009195018.1,baseplate
411,YP_009616612.1,baseplate
412,YP_009302433.1,baseplate
413,YP_009302438.1,baseplate
414,YP_009302439.1,baseplate
415,YP_009302442.1,baseplate
416,YP_009302444.1,baseplate
417,YP_009615948.1,baseplate
418,YP_009615949.1,baseplate
419,YP_009616103.1,baseplate
420,YP_009283849.1,baseplate
421,YP_009283850.1,baseplate
422,YP_009293438.1,baseplate
423,YP_009293437.1,baseplate
424,YP_009285640.1,baseplate
425,YP_009285735.1,baseplate
426,YP_009285736.1,baseplate
427,YP_009285737.1,baseplate
428,YP_009285738.1,baseplate
429,YP_009831399.1,baseplate
430,YP_009831498.1,baseplate
431,YP_009831499.1,baseplate
432,YP_009831500.1,baseplate
433,YP_009626337.1,baseplate
434,YP_009322938.1,baseplate
435,YP_009322940.1,baseplate
436,YP_009322941.1,baseplate
437,YP_009323062.1,baseplate
438,YP_009831119.1,baseplate
439,YP_009831216.1,baseplate
440,YP_009831217.1,baseplate
441,YP_009831218.1,baseplate
442,YP_009876392.1,baseplate
443,YP_009599732.1,baseplate
444,YP_009609645.1,baseplate
445,YP_009609649.1,baseplate
446,YP_009609678.1,baseplate
447,YP_009609969.1,baseplate
448,YP_009610052.1,baseplate
449,YP_009834664.1,baseplate
450,YP_009834657.1,baseplate
451,YP_009834654.1,baseplate
452,YP_009834651.1,baseplate
453,YP_009612407.1,baseplate
454,YP_009612483.1,baseplate
455,YP_009877638.1,baseplate
456,YP_009612989.1,baseplate
457,YP_009613020.1,baseplate
458,YP_009613021.1,baseplate
459,YP_009613022.1,baseplate
460,YP_009613024.1,baseplate
461,YP_009613025.1,baseplate
462,YP_009613026.1,baseplate
463,YP_009613027.1,baseplate
464,YP_009613222.1,baseplate
465,YP_009613223.1,baseplate
466,YP_009613224.1,baseplate
467,YP_009834885.1,baseplate
468,YP_009834888.1,baseplate
469,YP_009834891.1,baseplate
470,YP_009834898.1,baseplate
471,YP_009834899.1,baseplate
472,YP_009834900.1,baseplate
473,YP_009621068.1,baseplate
474,YP_009879446.1,baseplate
475,YP_009796308.1,baseplate
476,YP_009796522.1,baseplate
477,YP_009879808.1,baseplate
478,YP_009798797.1,baseplate
479,YP_009798833.1,baseplate
480,YP_009837623.1,baseplate
481,YP_009802284.1,baseplate
482,YP_009804806.1,baseplate
483,YP_009804973.1,baseplate
484,YP_009880601.1,baseplate
485,YP_009805745.1,baseplate
486,YP_009881342.1,baseplate
487,YP_009881143.1,baseplate
488,YP_009814690.1,baseplate
489,YP_009883562.1,baseplate
490,YP_009883601.1,baseplate
491,YP_009889913.1,baseplate
492,YP_009883159.1,baseplate
493,YP_009889440.1,baseplate
494,YP_009889483.1,baseplate
495,YP_010059443.1,baseplate
496,YP_010115142.1,baseplate
497,YP_010089021.1,baseplate
498,YP_010089113.1,baseplate
499,YP_010089114.1,baseplate
500,YP_010089115.1,baseplate
501,YP_010092946.1,baseplate
502,YP_010092949.1,baseplate
503,YP_010095663.1,baseplate
504,YP_010095664.1,baseplate
505,YP_010095702.1,baseplate
506,YP_010095703.1,baseplate
507,YP_010095704.1,baseplate
508,YP_010095705.1,baseplate
509,YP_010095747.1,baseplate
510,YP_010095748.1,baseplate
511,YP_010095749.1,baseplate
512,YP_010095750.1,baseplate
513,YP_010095956.1,baseplate
514,YP_010095957.1,baseplate
515,NP_899579.1,baseplate
516,NP_899588.1,baseplate
517,NP_899589.1,baseplate
518,YP_008125533.1,baseplate
519,YP_008125164.1,baseplate
520,YP_008125165.2,baseplate
521,YP_009006263.1,baseplate
522,YP_009006270.1,baseplate
523,YP_009006271.1,baseplate
524,YP_009006273.1,baseplate
525,YP_009201402.1,baseplate
526,YP_009201404.1,baseplate
527,YP_009201405.1,baseplate
528,YP_009201414.1,baseplate
529,YP_010089758.1,baseplate
530,YP_009882252.1,baseplate
531,NP_049765.1,baseplate
532,NP_049766.1,baseplate
533,NP_049767.1,baseplate
534,NP_049802.1,baseplate
535,NP_049806.1,baseplate
536,NP_049807.1,baseplate
537,YP_010067298.1,baseplate
538,YP_010067299.1,baseplate
539,YP_010067300.1,baseplate
540,YP_010067341.1,baseplate
541,YP_010067342.1,baseplate
542,YP_010067036.1,baseplate
543,YP_010067037.1,baseplate
544,YP_010067038.1,baseplate
545,YP_010067075.1,baseplate
546,YP_010067076.1,baseplate
547,YP_002854111.1,baseplate
548,YP_002854112.1,baseplate
549,YP_002854113.1,baseplate
550,YP_002854144.1,baseplate
551,YP_002854148.1,baseplate
552,YP_002854149.1,baseplate
553,NP_861858.1,baseplate
554,NP_861859.1,baseplate
555,NP_861860.1,baseplate
556,NP_861893.1,baseplate
557,NP_861897.1,baseplate
558,NP_861898.1,baseplate
559,NP_996720.1,baseplate
560,NP_945300.1,baseplate
561,YP_009098538.1,baseplate
562,YP_009098539.1,baseplate
563,YP_009098540.1,baseplate
564,YP_009098573.1,baseplate
565,YP_009098577.1,baseplate
566,YP_009098578.1,baseplate
567,NP_112714.1,baseplate
568,YP_009167525.1,baseplate
569,YP_009167526.1,baseplate
570,YP_009167527.1,baseplate
571,YP_009167558.1,baseplate
572,YP_009167560.1,baseplate
573,YP_009167562.1,baseplate
574,YP_009167563.1,baseplate
575,NP_891709.1,baseplate
576,NP_891710.1,baseplate
577,NP_891715.1,baseplate
578,NP_891745.1,baseplate
579,NP_891746.1,baseplate
580,NP_891747.1,baseplate
581,NP_891751.1,baseplate
582,NP_891752.1,baseplate
583,YP_001285382.1,baseplate
584,NP_599049.1,baseplate
585,YP_239748.1,baseplate
586,YP_008318497.1,baseplate
587,YP_009167970.1,baseplate
588,YP_009167971.1,baseplate
589,YP_009167972.1,baseplate
590,YP_009168005.1,baseplate
591,YP_009168007.1,baseplate
592,YP_009168009.1,baseplate
593,YP_009168010.1,baseplate
594,YP_009102358.1,baseplate
595,YP_009102359.1,baseplate
596,YP_009102360.1,baseplate
597,YP_009102391.1,baseplate
598,YP_009102395.1,baseplate
599,YP_009102396.1,baseplate
600,NP_076693.1,baseplate
601,YP_008318357.1,baseplate
602,YP_009041337.1,baseplate
603,YP_195236.1,baseplate
604,YP_001039830.1,baseplate
605,YP_214344.1,baseplate
606,YP_214640.1,baseplate
607,YP_214642.1,baseplate
608,YP_240927.1,baseplate
609,YP_001595282.1,baseplate
610,YP_001595283.1,baseplate
611,YP_001595284.1,baseplate
612,YP_001595313.1,baseplate
613,YP_001595315.1,baseplate
614,YP_001595319.1,baseplate
615,YP_001595320.1,baseplate
616,YP_009224529.1,baseplate
617,YP_529578.1,baseplate
618,YP_239593.1,baseplate
619,YP_239672.1,baseplate
620,YP_240256.1,baseplate
621,YP_240330.1,baseplate
622,YP_240404.1,baseplate
623,YP_240480.1,baseplate
624,YP_240557.1,baseplate
625,YP_240631.1,baseplate
626,YP_240696.1,baseplate
627,YP_240770.1,baseplate
628,YP_293734.1,baseplate
629,YP_293735.1,baseplate
630,YP_717680.1,baseplate
631,YP_717685.1,baseplate
632,YP_717767.1,baseplate
633,YP_001111066.1,baseplate
634,YP_004322992.1,baseplate
635,YP_004322994.1,baseplate
636,YP_004322253.1,baseplate
637,YP_004322254.1,baseplate
638,YP_004324378.1,baseplate
639,YP_004323234.1,baseplate
640,YP_004323236.1,baseplate
641,YP_004323698.1,baseplate
642,YP_004323700.1,baseplate
643,YP_004322758.1,baseplate
644,YP_004322760.1,baseplate
645,YP_004322762.1,baseplate
646,YP_004323920.1,baseplate
647,YP_004323922.1,baseplate
648,YP_004324696.1,baseplate
649,YP_004324698.1,baseplate
650,YP_004324069.1,baseplate
651,YP_004324154.1,baseplate
652,YP_004324157.1,baseplate
653,YP_004324920.1,baseplate
654,YP_004324922.1,baseplate
655,YP_004323385.1,baseplate
656,YP_004323395.1,baseplate
657,YP_004323454.1,baseplate
658,YP_004323463.1,baseplate
659,YP_004322438.1,baseplate
660,YP_004322449.1,baseplate
661,YP_004322511.1,baseplate
662,YP_004322520.1,baseplate
663,YP_007002955.1,baseplate
664,YP_001686747.1,baseplate
665,YP_009781964.1,baseplate
666,YP_007677247.1,baseplate
667,YP_003097387.1,baseplate
668,YP_003097468.1,baseplate
669,YP_003097469.1,baseplate
670,YP_002221459.1,baseplate
671,YP_002221461.1,baseplate
672,YP_007877504.1,baseplate
673,YP_002922214.1,baseplate
674,YP_002922215.1,baseplate
675,YP_002922219.1,baseplate
676,YP_002922252.1,baseplate
677,YP_002922253.1,baseplate
678,YP_002922254.1,baseplate
679,YP_002922259.1,baseplate
680,YP_002922260.1,baseplate
681,YP_002922499.1,baseplate
682,YP_002922500.1,baseplate
683,YP_002922501.1,baseplate
684,YP_002922533.1,baseplate
685,YP_002922535.1,baseplate
686,YP_002922539.1,baseplate
687,YP_002922540.1,baseplate
688,YP_002455802.1,baseplate
689,YP_003934790.1,baseplate
690,YP_003934791.1,baseplate
691,YP_003934792.1,baseplate
692,YP_003934825.1,baseplate
693,YP_003934827.1,baseplate
694,YP_003934829.1,baseplate
695,YP_003934830.1,baseplate
696,YP_003934831.1,baseplate
697,YP_003934832.1,baseplate
698,YP_003335793.1,baseplate
699,YP_009302095.1,baseplate
700,YP_009302174.1,baseplate
701,YP_009302176.1,baseplate
702,YP_003734296.1,baseplate
703,YP_004063885.1,baseplate
704,YP_004010017.1,baseplate
705,YP_007672926.1,baseplate
706,YP_007672929.1,baseplate
707,YP_008126533.1,baseplate
708,YP_009782993.1,baseplate
709,YP_009782995.1,baseplate
710,YP_007002237.1,baseplate
711,YP_004957053.1,baseplate
712,YP_007675549.1,baseplate
713,YP_007675477.1,baseplate
714,YP_007518106.1,baseplate
715,YP_004327325.1,baseplate
716,YP_004327327.1,baseplate
717,YP_010079804.1,baseplate
718,YP_004415048.1,baseplate
719,YP_004415049.1,baseplate
720,YP_004415050.1,baseplate
721,YP_004415086.1,baseplate
722,YP_004415087.1,baseplate
723,YP_008873617.1,baseplate
724,YP_004508437.1,baseplate
725,YP_004508438.1,baseplate
726,YP_004508441.1,baseplate
727,YP_004508501.1,baseplate
728,YP_009780095.1,baseplate
729,YP_008854244.1,baseplate
730,YP_008854068.1,baseplate
731,YP_009806357.1,baseplate
732,YP_009806359.1,baseplate
733,YP_007004250.1,baseplate
734,YP_007004251.1,baseplate
735,YP_007004252.1,baseplate
736,YP_007004253.1,baseplate
737,YP_007004255.1,baseplate
738,YP_007004257.1,baseplate
739,YP_007004291.1,baseplate
740,YP_007004292.1,baseplate
741,YP_007004293.1,baseplate
742,YP_007004896.1,baseplate
743,YP_007004897.1,baseplate
744,YP_007004898.1,baseplate
745,YP_007004929.1,baseplate
746,YP_007004931.1,baseplate
747,YP_007004933.1,baseplate
748,YP_007004934.1,baseplate
749,YP_007004532.1,baseplate
750,YP_007004533.1,baseplate
751,YP_007004534.1,baseplate
752,YP_007004565.1,baseplate
753,YP_007004567.1,baseplate
754,YP_007004569.1,baseplate
755,YP_007004570.1,baseplate
756,YP_007501184.1,baseplate
757,YP_007501185.1,baseplate
758,YP_007501186.1,baseplate
759,YP_007501224.1,baseplate
760,YP_007501226.1,baseplate
761,YP_007501228.1,baseplate
762,YP_007501229.1,baseplate
763,YP_006907797.1,baseplate
764,YP_006987055.1,baseplate
765,YP_006987336.1,baseplate
766,YP_006986707.1,baseplate
767,YP_006986708.1,baseplate
768,YP_006986709.1,baseplate
769,YP_006986711.1,baseplate
770,YP_006986744.1,baseplate
771,YP_006986746.1,baseplate
772,YP_006986748.1,baseplate
773,YP_006986749.1,baseplate
774,YP_009130746.1,baseplate
775,YP_007236614.1,baseplate
776,YP_007236617.1,baseplate
777,YP_006382269.1,baseplate
778,YP_008058982.1,baseplate
779,YP_009780590.1,baseplate
780,YP_009780821.1,baseplate
781,YP_009780828.1,baseplate
782,YP_009781268.1,baseplate
783,YP_009781501.1,baseplate
784,YP_009781732.1,baseplate
785,YP_009781035.1,baseplate
786,YP_009781042.1,baseplate
787,YP_008320258.1,baseplate
788,YP_007677858.1,baseplate
789,YP_007677859.1,baseplate
790,YP_007677860.1,baseplate
791,YP_007677861.1,baseplate
792,YP_007677891.1,baseplate
793,YP_007677892.1,baseplate
794,YP_007677893.1,baseplate
795,YP_007677895.1,baseplate
796,YP_007677896.1,baseplate
797,YP_007677897.1,baseplate
798,YP_007677898.1,baseplate
799,YP_009275806.1,baseplate
800,YP_009102625.1,baseplate
801,YP_009102626.1,baseplate
802,YP_009102627.1,baseplate
803,YP_009102662.1,baseplate
804,YP_009102664.1,baseplate
805,YP_009102666.1,baseplate
806,YP_009102667.1,baseplate
807,YP_009148136.1,baseplate
808,YP_009148137.1,baseplate
809,YP_009148138.1,baseplate
810,YP_009148139.1,baseplate
811,YP_009148172.1,baseplate
812,YP_009148174.1,baseplate
813,YP_009148176.1,baseplate
814,YP_006990574.1,baseplate
815,YP_007173621.1,baseplate
816,YP_007235987.1,baseplate
817,YP_007235988.1,baseplate
818,YP_007235989.1,baseplate
819,YP_007235990.1,baseplate
820,YP_007236028.1,baseplate
821,YP_009149398.1,baseplate
822,YP_009149399.1,baseplate
823,YP_009149400.1,baseplate
824,YP_009149436.1,baseplate
825,YP_009149437.1,baseplate
826,YP_010079768.1,baseplate
827,YP_009147465.1,baseplate
828,YP_007112487.1,baseplate
829,YP_008431169.1,baseplate
830,YP_007677539.1,baseplate
831,YP_007112754.1,baseplate
832,YP_009780473.1,baseplate
833,YP_009098254.1,baseplate
834,YP_009003125.1,baseplate
835,YP_009779065.1,baseplate
836,YP_009779067.1,baseplate
837,YP_009779281.1,baseplate
838,YP_009779283.1,baseplate
839,YP_009779496.1,baseplate
840,YP_009779498.1,baseplate
841,YP_009301511.1,baseplate
842,YP_009301512.1,baseplate
843,YP_009301517.1,baseplate
844,YP_009783143.1,baseplate
845,YP_008060505.1,baseplate
846,YP_009625847.1,baseplate
847,YP_009606456.1,baseplate
848,YP_009226339.1,baseplate
849,YP_009220084.1,baseplate
850,YP_008858662.1,baseplate
851,YP_009002879.1,baseplate
852,YP_009008135.1,baseplate
853,YP_009008136.1,baseplate
854,YP_009008213.1,baseplate
855,YP_009007933.1,baseplate
856,YP_009007938.1,baseplate
857,YP_008241908.1,baseplate
858,YP_009153752.1,baseplate
859,YP_009153753.1,baseplate
860,YP_009153754.1,baseplate
861,YP_009153793.1,baseplate
862,YP_009153794.1,baseplate
863,YP_008240312.1,baseplate
864,YP_009143024.1,baseplate
865,YP_009143025.1,baseplate
866,YP_009143026.1,baseplate
867,YP_009143035.1,baseplate
868,YP_009143039.1,baseplate
869,YP_008430889.1,baseplate
870,YP_009056742.1,baseplate
871,YP_009056743.1,baseplate
872,YP_009056744.1,baseplate
873,YP_009056775.1,baseplate
874,YP_009056777.1,baseplate
875,YP_009056779.1,baseplate
876,YP_009056780.1,baseplate
877,YP_008771126.1,baseplate
878,YP_008771459.1,baseplate
879,YP_008771460.1,baseplate
880,YP_008770323.1,baseplate
881,YP_008770324.1,baseplate
882,YP_008766880.1,baseplate
883,YP_009211598.1,baseplate
884,YP_009211599.1,baseplate
885,YP_009211630.1,baseplate
886,YP_009211632.1,baseplate
887,YP_009211634.1,baseplate
888,YP_009211635.1,baseplate
889,YP_009211636.1,baseplate
890,YP_009211637.1,baseplate
891,YP_009037338.1,baseplate
892,YP_009037339.1,baseplate
893,YP_009037340.1,baseplate
894,YP_009037573.1,baseplate
895,YP_009037574.1,baseplate
896,YP_009037576.1,baseplate
897,YP_009037578.1,baseplate
898,YP_009148595.1,baseplate
899,YP_009148596.1,baseplate
900,YP_009148597.1,baseplate
901,YP_009148633.1,baseplate
902,YP_009148634.1,baseplate
903,YP_009226590.1,baseplate
904,YP_009217653.1,baseplate
905,YP_009126135.1,baseplate
906,YP_009126137.1,baseplate
907,YP_009126138.1,baseplate
908,YP_009126349.1,baseplate
909,YP_009126350.1,baseplate
910,YP_009126351.1,baseplate
911,YP_009126390.1,baseplate
912,YP_009006748.1,baseplate
913,YP_009006769.1,baseplate
914,YP_009005436.1,baseplate
915,YP_009005437.1,baseplate
916,YP_009005471.1,baseplate
917,YP_009005475.1,baseplate
918,YP_009005476.1,baseplate
919,YP_009030212.1,baseplate
920,YP_009030213.1,baseplate
921,YP_009030214.1,baseplate
922,YP_009030249.1,baseplate
923,YP_009030251.1,baseplate
924,YP_009030253.1,baseplate
925,YP_009030255.1,baseplate
926,YP_009030256.1,baseplate
927,YP_009037002.1,baseplate
928,YP_009037003.1,baseplate
929,YP_009035625.1,baseplate
930,YP_009036557.1,baseplate
931,YP_009035298.1,baseplate
932,YP_009036180.1,baseplate
933,YP_009055863.1,baseplate
934,YP_009055864.1,baseplate
935,YP_009140654.1,baseplate
936,YP_009140656.1,baseplate
937,YP_009779714.1,baseplate
938,YP_009779928.1,baseplate
939,YP_009779930.1,baseplate
940,YP_009133348.1,baseplate
941,YP_009133413.1,baseplate
942,YP_009133416.1,baseplate
943,YP_009134217.1,baseplate
944,YP_009134219.1,baseplate
945,YP_009134331.1,baseplate
946,YP_009134479.1,baseplate
947,YP_009134480.1,baseplate
948,YP_009778160.1,baseplate
949,YP_009778268.1,baseplate
950,YP_009778418.1,baseplate
951,YP_009778447.1,baseplate
952,YP_009778558.1,baseplate
953,YP_009778705.1,baseplate
954,YP_009778706.1,baseplate
955,YP_009778733.1,baseplate
956,YP_009778837.1,baseplate
957,YP_009778983.1,baseplate
958,YP_009133643.1,baseplate
959,YP_009133645.1,baseplate
960,YP_009140796.1,baseplate
961,YP_009133985.1,baseplate
962,YP_009030762.1,baseplate
963,YP_009030763.1,baseplate
964,YP_009030764.1,baseplate
965,YP_009030800.1,baseplate
966,YP_009030801.1,baseplate
967,YP_009218443.1,baseplate
968,YP_009209245.1,baseplate
969,YP_009592763.1,baseplate
970,YP_009592768.1,baseplate
971,YP_009592798.1,baseplate
972,YP_009592801.1,baseplate
973,YP_009592802.1,baseplate
974,YP_009593154.1,baseplate
975,YP_009593155.1,baseplate
976,YP_009593158.1,baseplate
977,YP_009593188.1,baseplate
978,YP_009593193.1,baseplate
979,YP_009833537.1,baseplate
980,YP_009216879.1,baseplate
981,YP_009098039.1,baseplate
982,YP_009099349.1,baseplate
983,YP_009056437.1,baseplate
984,YP_009056438.1,baseplate
985,YP_009146606.1,baseplate
986,YP_009146607.1,baseplate
987,YP_009146608.1,baseplate
988,YP_009146639.1,baseplate
989,YP_009146641.1,baseplate
990,YP_009146645.1,baseplate
991,YP_009146646.1,baseplate
992,YP_009100697.1,baseplate
993,YP_009100701.1,baseplate
994,YP_009100702.1,baseplate
995,YP_009100703.1,baseplate
996,YP_009100705.1,baseplate
997,YP_009100734.1,baseplate
998,YP_009100738.1,baseplate
999,YP_009100739.1,baseplate
1000,YP_009110973.1,baseplate
1001,YP_009110974.1,baseplate
1002,YP_009110975.1,baseplate
1003,YP_009111011.1,baseplate
1004,YP_009111012.1,baseplate
1005,YP_009102170.1,baseplate
1006,YP_009216695.1,baseplate
1007,YP_009152230.1,baseplate
1008,YP_009205848.1,baseplate
1009,YP_009205849.1,baseplate
1010,YP_009205850.1,baseplate
1011,YP_009205882.1,baseplate
1012,YP_009205884.1,baseplate
1013,YP_009205886.1,baseplate
1014,YP_009205887.1,baseplate
1015,YP_009205888.1,baseplate
1016,YP_009205889.1,baseplate
1017,YP_009207346.1,baseplate
1018,YP_009207347.1,baseplate
1019,YP_009207348.1,baseplate
1020,YP_009207378.1,baseplate
1021,YP_009207380.1,baseplate
1022,YP_009207382.1,baseplate
1023,YP_009207383.1,baseplate
1024,YP_009207384.1,baseplate
1025,YP_009207385.1,baseplate
1026,YP_009209912.1,baseplate
1027,YP_009209913.1,baseplate
1028,YP_009209914.1,baseplate
1029,YP_009209946.1,baseplate
1030,YP_009209948.1,baseplate
1031,YP_009209950.1,baseplate
1032,YP_009209951.1,baseplate
1033,YP_009209952.1,baseplate
1034,YP_009209953.1,baseplate
1035,YP_009214002.1,baseplate
1036,YP_009214003.1,baseplate
1037,YP_009214004.1,baseplate
1038,YP_009214039.1,baseplate
1039,YP_009214041.1,baseplate
1040,YP_009214043.1,baseplate
1041,YP_009214044.1,baseplate
1042,YP_009214045.1,baseplate
1043,YP_009214046.1,baseplate
1044,YP_009195937.1,baseplate
1045,YP_009195939.1,baseplate
1046,YP_009214494.1,baseplate
1047,YP_009196095.1,baseplate
1048,YP_009213092.1,baseplate
1049,YP_009202006.1,baseplate
1050,YP_009200415.1,baseplate
1051,YP_009200416.1,baseplate
1052,YP_009200417.1,baseplate
1053,YP_009200448.1,baseplate
1054,YP_009200450.1,baseplate
1055,YP_009200452.1,baseplate
1056,YP_009200454.1,baseplate
1057,YP_009200455.1,baseplate
1058,YP_009188089.1,baseplate
1059,YP_009202229.1,baseplate
1060,YP_009593279.1,baseplate
1061,YP_009190330.1,baseplate
1062,YP_009190331.1,baseplate
1063,YP_009190334.1,baseplate
1064,YP_009190362.1,baseplate
1065,YP_009190364.1,baseplate
1066,YP_009190366.1,baseplate
1067,YP_009190367.1,baseplate
1068,YP_009190368.1,baseplate
1069,YP_009190369.1,baseplate
1070,YP_009782384.1,baseplate
1071,YP_009204087.1,baseplate
1072,YP_009209186.1,baseplate
1073,YP_009195558.1,baseplate
1074,YP_009195559.1,baseplate
1075,YP_009195560.1,baseplate
1076,YP_009195595.1,baseplate
1077,YP_009195597.1,baseplate
1078,YP_009195599.1,baseplate
1079,YP_009195601.1,baseplate
1080,YP_009193789.1,baseplate
1081,YP_009215186.1,baseplate
1082,YP_009601216.1,baseplate
1083,YP_009601217.1,baseplate
1084,YP_009601218.1,baseplate
1085,YP_009601220.1,baseplate
1086,YP_009601226.1,baseplate
1087,YP_009601230.1,baseplate
1088,YP_009601231.1,baseplate
1089,YP_009212346.1,baseplate
1090,YP_009212347.1,baseplate
1091,YP_009212348.1,baseplate
1092,YP_009212349.1,baseplate
1093,YP_009212355.1,baseplate
1094,YP_009212359.1,baseplate
1095,YP_009212360.1,baseplate
1096,YP_010088319.1,baseplate
1097,YP_010088320.1,baseplate
1098,YP_010088351.1,baseplate
1099,YP_010088352.1,baseplate
1100,YP_010088353.1,baseplate
1101,YP_010066810.1,baseplate
1102,YP_010066811.1,baseplate
1103,YP_010066812.1,baseplate
1104,YP_010066847.1,baseplate
1105,YP_010066848.1,baseplate
1106,YP_010066149.1,baseplate
1107,YP_010066150.1,baseplate
1108,YP_010066351.1,baseplate
1109,YP_010066352.1,baseplate
1110,YP_010066353.1,baseplate
1111,YP_010065953.1,baseplate
1112,YP_010065954.1,baseplate
1113,YP_010065955.1,baseplate
1114,YP_010065989.1,baseplate
1115,YP_010065990.1,baseplate
1116,YP_009284014.1,baseplate
1117,YP_009284015.1,baseplate
1118,YP_009284016.1,baseplate
1119,YP_009284057.1,baseplate
1120,YP_009284058.1,baseplate
1121,YP_009289416.1,baseplate
1122,YP_009289417.1,baseplate
1123,YP_009289418.1,baseplate
1124,YP_009289587.1,baseplate
1125,YP_009289588.1,baseplate
1126,YP_009289590.1,baseplate
1127,YP_009289592.1,baseplate
1128,YP_009225060.1,baseplate
1129,YP_009225061.1,baseplate
1130,YP_009225063.1,baseplate
1131,YP_009225065.1,baseplate
1132,YP_009225097.1,baseplate
1133,YP_009225098.1,baseplate
1134,YP_009225099.1,baseplate
1135,YP_009202887.1,baseplate
1136,YP_009202888.1,baseplate
1137,YP_009202889.1,baseplate
1138,YP_009202921.1,baseplate
1139,YP_009202923.1,baseplate
1140,YP_009202926.1,baseplate
1141,YP_009202927.1,baseplate
1142,YP_009782884.1,baseplate
1143,YP_009782626.1,baseplate
1144,YP_009203892.1,baseplate
1145,YP_009203893.1,baseplate
1146,YP_009203894.1,baseplate
1147,YP_009203924.1,baseplate
1148,YP_009203926.1,baseplate
1149,YP_009203928.1,baseplate
1150,YP_009203930.1,baseplate
1151,YP_009203931.1,baseplate
1152,YP_009593888.1,baseplate
1153,YP_009212054.1,baseplate
1154,YP_009206919.1,baseplate
1155,YP_009215045.1,baseplate
1156,YP_009190729.1,baseplate
1157,YP_009190730.1,baseplate
1158,YP_009190767.1,baseplate
1159,YP_009190768.1,baseplate
1160,YP_009188739.1,baseplate
1161,YP_009206457.1,baseplate
1162,YP_009210112.1,baseplate
1163,YP_009210113.1,baseplate
1164,YP_009210340.1,baseplate
1165,YP_009210341.1,baseplate
1166,YP_009210342.1,baseplate
1167,YP_009625057.1,baseplate
1168,YP_009625058.1,baseplate
1169,YP_009625093.1,baseplate
1170,YP_009625094.1,baseplate
1171,YP_009625095.1,baseplate
1172,YP_009625371.1,baseplate
1173,YP_009625372.1,baseplate
1174,YP_009625373.1,baseplate
1175,YP_009625409.1,baseplate
1176,YP_009625410.1,baseplate
1177,YP_009197262.1,baseplate
1178,YP_009197263.1,baseplate
1179,YP_009197299.1,baseplate
1180,YP_009197300.1,baseplate
1181,YP_009197301.1,baseplate
1182,YP_009180655.1,baseplate
1183,YP_009180656.1,baseplate
1184,YP_009180657.1,baseplate
1185,YP_009180692.1,baseplate
1186,YP_009180693.1,baseplate
1187,YP_009274786.1,baseplate
1188,YP_009274788.1,baseplate
1189,YP_009274793.1,baseplate
1190,YP_010088647.1,baseplate
1191,YP_010088648.1,baseplate
1192,YP_010088649.1,baseplate
1193,YP_010088656.1,baseplate
1194,YP_010088657.1,baseplate
1195,YP_010088658.1,baseplate
1196,YP_009302043.1,baseplate
1197,YP_009278132.1,baseplate
1198,YP_009286991.1,baseplate
1199,YP_009282507.1,baseplate
1200,YP_009284439.1,baseplate
1201,YP_009289979.1,baseplate
1202,YP_009289980.1,baseplate
1203,YP_009280916.1,baseplate
1204,YP_009291690.1,baseplate
1205,YP_009324995.1,baseplate
1206,YP_009324166.1,baseplate
1207,YP_009324167.1,baseplate
1208,YP_009324245.1,baseplate
1209,YP_009290422.1,baseplate
1210,YP_009290423.1,baseplate
1211,YP_009290424.1,baseplate
1212,YP_009290455.1,baseplate
1213,YP_009290457.1,baseplate
1214,YP_009290459.1,baseplate
1215,YP_009290460.1,baseplate
1216,YP_009286506.1,baseplate
1217,YP_009286507.1,baseplate
1218,YP_009286508.1,baseplate
1219,YP_009286545.1,baseplate
1220,YP_009286547.1,baseplate
1221,YP_009286549.1,baseplate
1222,YP_009286550.1,baseplate
1223,YP_009282064.1,baseplate
1224,YP_009281489.1,baseplate
1225,YP_009281490.1,baseplate
1226,YP_009281491.1,baseplate
1227,YP_009281521.1,baseplate
1228,YP_009281523.1,baseplate
1229,YP_009281525.1,baseplate
1230,YP_009281526.1,baseplate
1231,YP_010073176.1,baseplate
1232,YP_010073177.1,baseplate
1233,YP_010073212.1,baseplate
1234,YP_010073213.1,baseplate
1235,YP_010073214.1,baseplate
1236,YP_009324051.1,baseplate
1237,YP_009324052.1,baseplate
1238,YP_009324084.1,baseplate
1239,YP_009324087.1,baseplate
1240,YP_009324088.1,baseplate
1241,YP_009324089.1,baseplate
1242,YP_009323357.1,baseplate
1243,YP_009323358.1,baseplate
1244,YP_009323359.1,baseplate
1245,YP_009323389.1,baseplate
1246,YP_009323391.1,baseplate
1247,YP_009323394.1,baseplate
1248,YP_009323395.1,baseplate
1249,YP_009323396.1,baseplate
1250,YP_009280486.1,baseplate
1251,YP_009288842.1,baseplate
1252,YP_009288843.1,baseplate
1253,YP_009288881.1,baseplate
1254,YP_009288882.1,baseplate
1255,YP_009280006.1,baseplate
1256,YP_009280007.1,baseplate
1257,YP_009280046.1,baseplate
1258,YP_009280048.1,baseplate
1259,YP_009280050.1,baseplate
1260,YP_009280052.1,baseplate
1261,YP_009288519.1,baseplate
1262,YP_009288520.1,baseplate
1263,YP_009288521.1,baseplate
1264,YP_009288553.1,baseplate
1265,YP_009288555.1,baseplate
1266,YP_009288557.1,baseplate
1267,YP_009288558.1,baseplate
1268,YP_009277527.1,baseplate
1269,YP_009277528.1,baseplate
1270,YP_009277529.1,baseplate
1271,YP_009277561.1,baseplate
1272,YP_009277563.1,baseplate
1273,YP_009277565.1,baseplate
1274,YP_009277566.1,baseplate
1275,YP_009278914.1,baseplate
1276,YP_009278916.1,baseplate
1277,YP_009278918.1,baseplate
1278,YP_009278919.1,baseplate
1279,YP_009279146.1,baseplate
1280,YP_009279147.1,baseplate
1281,YP_009279148.1,baseplate
1282,YP_009289088.1,baseplate
1283,YP_009289089.1,baseplate
1284,YP_009289091.1,baseplate
1285,YP_009289093.1,baseplate
1286,YP_009289125.1,baseplate
1287,YP_009289126.1,baseplate
1288,YP_009289127.1,baseplate
1289,YP_009289131.1,baseplate
1290,YP_009279726.1,baseplate
1291,YP_009279281.1,baseplate
1292,YP_009285058.1,baseplate
1293,YP_009320990.1,baseplate
1294,YP_009320992.1,baseplate
1295,YP_010088739.1,baseplate
1296,YP_010088741.1,baseplate
1297,YP_009321265.1,baseplate
1298,YP_009321266.1,baseplate
1299,YP_009320436.1,baseplate
1300,YP_009320437.1,baseplate
1301,YP_009320520.1,baseplate
1302,YP_009322440.1,baseplate
1303,YP_009322445.1,baseplate
1304,YP_009322450.1,baseplate
1305,YP_009322508.1,baseplate
1306,YP_010091772.1,baseplate
1307,YP_009876072.1,baseplate
1308,YP_010076770.1,baseplate
1309,YP_010076807.1,baseplate
1310,YP_010076808.1,baseplate
1311,YP_010076771.1,baseplate
1312,YP_010076772.1,baseplate
1313,YP_009597910.1,baseplate
1314,YP_010089474.1,baseplate
1315,YP_010089522.1,baseplate
1316,YP_010089523.1,baseplate
1317,YP_010089524.1,baseplate
1318,YP_010074917.1,baseplate
1319,YP_010074916.1,baseplate
1320,YP_010074880.1,baseplate
1321,YP_010074879.1,baseplate
1322,YP_010074878.1,baseplate
1323,YP_009832076.1,baseplate
1324,YP_009832077.1,baseplate
1325,YP_010089994.1,baseplate
1326,YP_010089995.1,baseplate
1327,YP_010089996.1,baseplate
1328,YP_010090032.1,baseplate
1329,YP_010090033.1,baseplate
1330,YP_010090260.1,baseplate
1331,YP_010090261.1,baseplate
1332,YP_010090262.1,baseplate
1333,YP_009602101.1,baseplate
1334,YP_009602102.1,baseplate
1335,YP_009602106.1,baseplate
1336,YP_009602139.1,baseplate
1337,YP_009602140.1,baseplate
1338,YP_009602141.1,baseplate
1339,YP_009602143.1,baseplate
1340,YP_009602144.1,baseplate
1341,YP_009602145.1,baseplate
1342,YP_009602146.1,baseplate
1343,YP_010090586.1,baseplate
1344,YP_010090589.1,baseplate
1345,YP_010090268.1,baseplate
1346,YP_009608471.1,baseplate
1347,YP_009608472.1,baseplate
1348,YP_009608474.1,baseplate
1349,YP_009608476.1,baseplate
1350,YP_009608507.1,baseplate
1351,YP_009608508.1,baseplate
1352,YP_009608509.1,baseplate
1353,YP_009609481.1,baseplate
1354,YP_009609484.1,baseplate
1355,YP_009609485.1,baseplate
1356,YP_009609486.1,baseplate
1357,YP_009609516.1,baseplate
1358,YP_009609518.1,baseplate
1359,YP_009609520.1,baseplate
1360,YP_009609522.1,baseplate
1361,YP_009609523.1,baseplate
1362,YP_010092307.1,baseplate
1363,YP_010092312.1,baseplate
1364,YP_010092313.1,baseplate
1365,YP_010092314.1,baseplate
1366,YP_010092350.1,baseplate
1367,YP_010092351.1,baseplate
1368,YP_010092352.1,baseplate
1369,YP_009791268.1,baseplate
1370,YP_009618964.1,baseplate
1371,YP_009618965.1,baseplate
1372,YP_009618966.1,baseplate
1373,YP_009619000.1,baseplate
1374,YP_009619001.1,baseplate
1375,YP_009619088.1,baseplate
1376,YP_009619089.1,baseplate
1377,YP_009619090.1,baseplate
1378,YP_009619124.1,baseplate
1379,YP_009619125.1,baseplate
1380,YP_009614806.1,baseplate
1381,YP_009614807.1,baseplate
1382,YP_009614808.1,baseplate
1383,YP_009614840.1,baseplate
1384,YP_009614844.1,baseplate
1385,YP_009614845.1,baseplate
1386,YP_010076354.1,baseplate
1387,YP_010076355.1,baseplate
1388,YP_010076356.1,baseplate
1389,YP_010076391.1,baseplate
1390,YP_010076392.1,baseplate
1391,YP_010092003.1,baseplate
1392,YP_010092004.1,baseplate
1393,YP_010092005.1,baseplate
1394,YP_010092047.1,baseplate
1395,YP_010092048.1,baseplate
1396,YP_010067835.1,baseplate
1397,YP_010067836.1,baseplate
1398,YP_010067837.1,baseplate
1399,YP_010067874.1,baseplate
1400,YP_010067875.1,baseplate
1401,YP_010068389.1,baseplate
1402,YP_010068390.1,baseplate
1403,YP_010068391.1,baseplate
1404,YP_010068428.1,baseplate
1405,YP_010068429.1,baseplate
1406,YP_010075047.1,baseplate
1407,YP_010075048.1,baseplate
1408,YP_010075049.1,baseplate
1409,YP_010075086.1,baseplate
1410,YP_010075087.1,baseplate
1411,YP_010080136.1,baseplate
1412,YP_009878479.1,baseplate
1413,YP_009615631.1,baseplate
1414,YP_009615632.1,baseplate
1415,YP_009615633.1,baseplate
1416,YP_009615666.1,baseplate
1417,YP_009615668.1,baseplate
1418,YP_009615670.1,baseplate
1419,YP_009615671.1,baseplate
1420,YP_010077037.1,baseplate
1421,YP_010077038.1,baseplate
1422,YP_010077039.1,baseplate
1423,YP_010077076.1,baseplate
1424,YP_010077077.1,baseplate
1425,YP_010091460.1,baseplate
1426,YP_010091461.1,baseplate
1427,YP_010091462.1,baseplate
1428,YP_010091497.1,baseplate
1429,YP_010091498.1,baseplate
1430,YP_010091189.1,baseplate
1431,YP_010091190.1,baseplate
1432,YP_010091191.1,baseplate
1433,YP_010091226.1,baseplate
1434,YP_010091227.1,baseplate
1435,YP_010079544.1,baseplate
1436,YP_010073523.1,baseplate
1437,YP_010073524.1,baseplate
1438,YP_010073525.1,baseplate
1439,YP_010073568.1,baseplate
1440,YP_010073569.1,baseplate
1441,YP_010073804.1,baseplate
1442,YP_010073805.1,baseplate
1443,YP_010073806.1,baseplate
1444,YP_010073847.1,baseplate
1445,YP_010073848.1,baseplate
1446,YP_010093621.1,baseplate
1447,YP_010093657.1,baseplate
1448,YP_010093658.1,baseplate
1449,YP_009836940.1,baseplate
1450,YP_009836944.1,baseplate
1451,YP_010065214.1,baseplate
1452,YP_010065215.1,baseplate
1453,YP_010065216.1,baseplate
1454,YP_010065253.1,baseplate
1455,YP_010065254.1,baseplate
1456,YP_010069176.1,baseplate
1457,YP_010069177.1,baseplate
1458,YP_010069178.1,baseplate
1459,YP_010069214.1,baseplate
1460,YP_010069215.1,baseplate
1461,YP_010069714.1,baseplate
1462,YP_010069715.1,baseplate
1463,YP_010069716.1,baseplate
1464,YP_010069754.1,baseplate
1465,YP_010069755.1,baseplate
1466,YP_010090865.1,baseplate
1467,YP_010090869.1,baseplate
1468,YP_010090870.1,baseplate
1469,YP_010090907.1,baseplate
1470,YP_010090908.1,baseplate
1471,YP_010094043.1,baseplate
1472,YP_010094044.1,baseplate
1473,YP_010094045.1,baseplate
1474,YP_010094078.1,baseplate
1475,YP_010094079.1,baseplate
1476,YP_010095102.1,baseplate
1477,YP_010094223.1,baseplate
1478,YP_010094224.1,baseplate
1479,YP_010094225.1,baseplate
1480,YP_010094260.1,baseplate
1481,YP_010094261.1,baseplate
1482,YP_010094262.1,baseplate
1483,YP_010094495.1,baseplate
1484,YP_010094496.1,baseplate
1485,YP_010094531.1,baseplate
1486,YP_010094532.1,baseplate
1487,YP_010094533.1,baseplate
1488,YP_010066461.1,baseplate
1489,YP_010066462.1,baseplate
1490,YP_010066497.1,baseplate
1491,YP_010066498.1,baseplate
1492,YP_010066499.1,baseplate
1493,YP_010094753.1,baseplate
1494,YP_010094754.1,baseplate
1495,YP_010094755.1,baseplate
1496,YP_010094792.1,baseplate
1497,YP_010094793.1,baseplate
1498,YP_010094794.1,baseplate
1499,YP_009889793.1,baseplate
1500,YP_009889794.1,baseplate
1501,YP_009889796.1,baseplate
1502,YP_010072166.1,baseplate
1503,YP_010072205.1,baseplate
1504,YP_010072206.1,baseplate
1505,YP_010072168.1,baseplate
1506,YP_010071627.1,baseplate
1507,YP_010071628.1,baseplate
1508,YP_010071629.1,baseplate
1509,YP_010071665.1,baseplate
1510,YP_010071666.1,baseplate
1511,YP_010096134.1,baseplate
1512,YP_010096135.1,baseplate
1513,YP_010096136.1,baseplate
1514,YP_010096173.1,baseplate
1515,YP_010096174.1,baseplate
1516,YP_010096512.1,baseplate
1517,YP_010096513.1,baseplate
1518,YP_010096286.1,baseplate
1519,YP_010096287.1,baseplate
1520,YP_010096288.1,baseplate
1521,YP_009618234.1,baseplate
1522,YP_009618235.1,baseplate
1523,YP_009618236.1,baseplate
1524,YP_009618237.1,baseplate
1525,YP_009618272.1,baseplate
1526,YP_009618274.1,baseplate
1527,YP_009618276.1,baseplate
1528,YP_009618277.1,baseplate
1529,YP_009880931.1,baseplate
1530,YP_009880932.1,baseplate
1531,YP_009880967.1,baseplate
1532,YP_009881504.1,baseplate
1533,YP_009881539.1,baseplate
1534,YP_009881540.1,baseplate
1535,YP_010072864.1,baseplate
1536,YP_010072865.1,baseplate
1537,YP_010073095.1,baseplate
1538,YP_010073096.1,baseplate
1539,YP_010073097.1,baseplate
1540,YP_010098491.1,baseplate
1541,YP_010098492.1,baseplate
1542,YP_010098528.1,baseplate
1543,YP_010098529.1,baseplate
1544,YP_010098530.1,baseplate
1545,YP_009814839.1,baseplate
1546,YP_010077185.1,baseplate
1547,YP_010077186.1,baseplate
1548,YP_010077414.1,baseplate
1549,YP_010077415.1,baseplate
1550,YP_010077416.1,baseplate
1551,YP_010093208.1,baseplate
1552,YP_010093209.1,baseplate
1553,YP_010093247.1,baseplate
1554,YP_010067571.1,baseplate
1555,YP_010067609.1,baseplate
1556,YP_010067572.1,baseplate
1557,YP_010067610.1,baseplate
1558,YP_010067573.1,baseplate
1559,YP_010099984.1,baseplate
1560,YP_010099985.1,baseplate
1561,YP_010100021.1,baseplate
1562,YP_010100022.1,baseplate
1563,YP_010100023.1,baseplate
1564,YP_009816012.1,baseplate
1565,YP_009816014.1,baseplate
1566,YP_010079899.1,baseplate
1567,YP_010100298.1,baseplate
1568,YP_010100299.1,baseplate
1569,YP_010100300.1,baseplate
1570,YP_010100332.1,baseplate
1571,YP_010100334.1,baseplate
1572,YP_010100333.1,baseplate
1573,YP_010100474.1,baseplate
1574,YP_010100475.1,baseplate
1575,YP_010100516.1,baseplate
1576,YP_010070257.1,baseplate
1577,YP_010070258.1,baseplate
1578,YP_010070259.1,baseplate
1579,YP_010070294.1,baseplate
1580,YP_010070295.1,baseplate
1581,YP_010069983.1,baseplate
1582,YP_010069984.1,baseplate
1583,YP_010069985.1,baseplate
1584,YP_010070020.1,baseplate
1585,YP_010070021.1,baseplate
1586,YP_010070534.1,baseplate
1587,YP_010070535.1,baseplate
1588,YP_010070536.1,baseplate
1589,YP_010070573.1,baseplate
1590,YP_010070574.1,baseplate
1591,YP_010072444.1,baseplate
1592,YP_010072445.1,baseplate
1593,YP_010072446.1,baseplate
1594,YP_010072482.1,baseplate
1595,YP_010072483.1,baseplate
1596,YP_010069448.1,baseplate
1597,YP_010069449.1,baseplate
1598,YP_010069450.1,baseplate
1599,YP_010069487.1,baseplate
1600,YP_010069488.1,baseplate
1601,YP_010071360.1,baseplate
1602,YP_010071361.1,baseplate
1603,YP_010071362.1,baseplate
1604,YP_010071397.1,baseplate
1605,YP_010071398.1,baseplate
1606,YP_010070807.1,baseplate
1607,YP_010070808.1,baseplate
1608,YP_010070809.1,baseplate
1609,YP_010070845.1,baseplate
1610,YP_010070846.1,baseplate
1611,YP_010068063.1,baseplate
1612,YP_010068064.1,baseplate
1613,YP_010068065.1,baseplate
1614,YP_010068100.1,baseplate
1615,YP_010068101.1,baseplate
1616,YP_009850347.1,baseplate
1617,YP_009850351.1,baseplate
1618,YP_009850354.1,baseplate
1619,YP_010079646.1,baseplate
1620,YP_010075961.1,baseplate
1621,YP_010075962.1,baseplate
1622,YP_010075963.1,baseplate
1623,YP_010075998.1,baseplate
1624,YP_010075999.1,baseplate
1625,YP_010076237.1,baseplate
1626,YP_010076241.1,baseplate
1627,YP_010076242.1,baseplate
1628,YP_010076243.1,baseplate
1629,YP_010076280.1,baseplate
1630,YP_010076281.1,baseplate
1631,YP_009883875.1,baseplate
1632,YP_009883876.1,baseplate
1633,YP_009883878.1,baseplate
1634,YP_009883916.1,baseplate
1635,YP_009883917.1,baseplate
1636,YP_010075419.1,baseplate
1637,YP_010075420.1,baseplate
1638,YP_010075421.1,baseplate
1639,YP_010075462.1,baseplate
1640,YP_010075463.1,baseplate
1641,YP_009885344.1,baseplate
1642,YP_009885345.1,baseplate
1643,YP_009885347.1,baseplate
1644,YP_009885500.1,baseplate
1645,YP_009885554.1,baseplate
1646,YP_010079604.1,baseplate
1647,NP_050648.1,baseplate
1648,YP_009886932.1,baseplate
1649,YP_009886933.1,baseplate
1650,YP_009886935.1,baseplate
1651,YP_009886189.1,baseplate
1652,YP_009886190.1,baseplate
1653,YP_009886192.1,baseplate
1654,YP_009886685.1,baseplate
1655,YP_009886686.1,baseplate
1656,YP_009886688.1,baseplate
1657,YP_009886434.1,baseplate
1658,YP_009886435.1,baseplate
1659,YP_009886438.1,baseplate
1660,YP_009887154.1,baseplate
1661,YP_009887188.1,baseplate
1662,YP_009887189.1,baseplate
1663,YP_010077429.1,baseplate
1664,YP_010077430.1,baseplate
1665,YP_010077655.1,baseplate
1666,YP_010077656.1,baseplate
1667,YP_010077657.1,baseplate
1668,YP_010068947.1,baseplate
1669,YP_010068948.1,baseplate
1670,YP_010068986.1,baseplate
1671,YP_010068987.1,baseplate
1672,YP_010068988.1,baseplate
1673,YP_009855907.1,baseplate
1674,YP_009855908.1,baseplate
1675,YP_009855909.1,baseplate
1676,YP_009856167.1,baseplate
1677,YP_009856168.1,baseplate
1678,YP_010080003.1,baseplate
1679,YP_010074101.1,baseplate
1680,YP_010074102.1,baseplate
1681,YP_010074137.1,baseplate
1682,YP_010074138.1,baseplate
1683,YP_010074139.1,baseplate
1684,YP_010074358.1,baseplate
1685,YP_010074359.1,baseplate
1686,YP_010074360.1,baseplate
1687,YP_010074395.1,baseplate
1688,YP_010074396.1,baseplate
1689,YP_010074574.1,baseplate
1690,YP_010074575.1,baseplate
1691,YP_010074610.1,baseplate
1692,YP_010074611.1,baseplate
1693,YP_010074612.1,baseplate
1694,YP_010065798.1,baseplate
1695,YP_010065799.1,baseplate
1696,YP_010065800.1,baseplate
1697,YP_010065835.1,baseplate
1698,YP_010065836.1,baseplate
1699,YP_010065524.1,baseplate
1700,YP_010065525.1,baseplate
1701,YP_010065526.1,baseplate
1702,YP_010065562.1,baseplate
1703,YP_010065563.1,baseplate
1704,YP_010075694.1,baseplate
1705,YP_010075695.1,baseplate
1706,YP_010075696.1,baseplate
1707,YP_010075732.1,baseplate
1708,YP_010075733.1,baseplate
1709,YP_010070961.1,baseplate
1710,YP_010070962.1,baseplate
1711,YP_010071197.1,baseplate
1712,YP_010071198.1,baseplate
1713,YP_010071199.1,baseplate
1714,YP_010068643.1,baseplate
1715,YP_010068682.1,baseplate
1716,YP_010068644.1,baseplate
1717,YP_010068683.1,baseplate
1718,YP_010068645.1,baseplate
1719,YP_010071903.1,baseplate
1720,YP_010071940.1,baseplate
1721,YP_010071904.1,baseplate
1722,YP_010071941.1,baseplate
1723,YP_010071905.1,baseplate
1724,YP_010072718.1,baseplate
1725,YP_010072755.1,baseplate
1726,YP_010072719.1,baseplate
1727,YP_010072756.1,baseplate
1728,YP_010072720.1,baseplate
1729,YP_009594777.1,baseplate
1730,YP_009594782.1,baseplate
1731,YP_001294874.1,baseplate
1732,YP_009208182.1,baseplate
1733,NP_932497.1,baseplate
1734,NP_932498.1,baseplate
1735,NP_932499.1,baseplate
1736,NP_932533.1,baseplate
1737,NP_932534.1,baseplate
1738,NP_932535.1,baseplate
1739,NP_932537.1,baseplate
1740,NP_932538.1,baseplate
1741,NP_932539.1,baseplate
1742,NP_932540.1,baseplate
1743,YP_010355174.1,baseplate
1744,YP_010355240.1,baseplate
1745,YP_010355243.1,baseplate
1746,YP_010278319.1,baseplate
1747,YP_010278318.1,baseplate
1748,YP_010278283.1,baseplate
1749,YP_010278282.1,baseplate
1750,YP_010278281.1,baseplate
1751,YP_009881904.1,baseplate
1752,YP_010099723.1,baseplate
1753,YP_010099724.1,baseplate
1754,YP_010099760.1,baseplate
1755,YP_010099761.1,baseplate
1756,YP_010099762.1,baseplate
1757,NP_695075.1,baseplate
1758,YP_010095103.1,baseplate
1759,NP_108728.1,baseplate
1760,NP_112711.1,baseplate
1761,NP_663687.1,baseplate
1762,YP_009831406.1,baseplate
1763,YP_009831126.1,baseplate
1764,YP_009831861.1,baseplate
1765,YP_009788083.1,baseplate
1766,YP_009788088.1,baseplate
1767,YP_009790088.1,baseplate
1768,YP_009790169.1,baseplate
1769,YP_009790173.1,baseplate
1770,YP_009790959.1,baseplate
1771,YP_009791034.1,baseplate
1772,YP_009800166.1,baseplate
1773,YP_009838073.1,baseplate
1774,YP_009838235.1,baseplate
1775,YP_009838285.1,baseplate
1776,YP_009838379.1,baseplate
1777,YP_009881711.1,baseplate
1778,YP_009815121.1,baseplate
1779,YP_009815126.1,baseplate
1780,YP_009844298.1,baseplate
1781,YP_009844299.1,baseplate
1782,YP_009843956.1,baseplate
1783,YP_009843957.1,baseplate
1784,YP_009904195.1,baseplate
1785,YP_009844536.1,baseplate
1786,YP_009845146.1,baseplate
1787,YP_009822993.1,baseplate
1788,YP_009823137.1,baseplate
1789,YP_009823276.1,baseplate
1790,YP_009822715.1,baseplate
1791,YP_009822856.1,baseplate
1792,YP_009849149.1,baseplate
1793,YP_009849883.1,baseplate
1794,YP_009848645.1,baseplate
1795,YP_009884006.1,baseplate
1796,YP_009884523.1,baseplate
1797,YP_009850761.1,baseplate
1798,YP_009850903.1,baseplate
1799,YP_009850905.1,baseplate
1800,YP_009850968.1,baseplate
1801,YP_009884251.1,baseplate
1802,YP_009851111.1,baseplate
1803,YP_009851259.1,baseplate
1804,YP_009851260.1,baseplate
1805,YP_009851331.1,baseplate
1806,YP_009885961.1,baseplate
1807,YP_009855704.1,baseplate
1808,YP_009855707.1,baseplate
1809,YP_009887296.1,baseplate
1810,YP_009859401.1,baseplate
1811,YP_009984498.1,baseplate
1812,YP_009984707.1,baseplate
1813,YP_009987344.1,baseplate
1814,YP_010057086.1,baseplate
1815,YP_010058693.1,baseplate
1816,YP_010058228.1,baseplate
1817,YP_010058011.1,baseplate
1818,YP_010057775.1,baseplate
1819,YP_010058461.1,baseplate
1820,YP_010059077.1,baseplate
1821,YP_010058917.1,baseplate
1822,YP_010077795.1,baseplate
1823,YP_010077895.1,baseplate
1824,YP_010095669.1,baseplate
1825,YP_010095962.1,baseplate
1826,YP_010105156.1,baseplate
1827,YP_010107273.1,baseplate
1828,YP_010107302.1,baseplate
1829,YP_010114571.1,baseplate
1830,YP_009884134.1,baseplate
1831,YP_007678102.1,baseplate
1832,YP_009882217.1,baseplate
1833,YP_009882221.1,baseplate
1834,YP_006545.1,baseplate
1835,NP_690775.1,baseplate
1836,YP_009829894.1,baseplate
1837,NP_536665.1,baseplate
1838,NP_536836.1,baseplate
1839,NP_852776.1,baseplate
1840,YP_001039829.1,baseplate
1841,YP_240093.1,baseplate
1842,YP_240100.1,baseplate
1843,YP_001468728.1,baseplate
1844,YP_654746.1,baseplate
1845,YP_001469066.1,baseplate
1846,YP_950682.1,baseplate
1847,YP_001111224.1,baseplate
1848,YP_009167785.1,baseplate
1849,YP_001650904.1,baseplate
1850,YP_001686746.1,baseplate
1851,YP_003347514.1,baseplate
1852,YP_003347349.1,baseplate
1853,YP_003344786.1,baseplate
1854,YP_009168615.1,baseplate
1855,YP_009613844.1,baseplate
1856,YP_008129860.1,baseplate
1857,YP_009792302.1,baseplate
1858,YP_007003221.1,baseplate
1859,YP_007007235.1,baseplate
1860,YP_006383801.1,baseplate
1861,YP_008059880.1,baseplate
1862,YP_007392888.1,baseplate
1863,YP_009592225.1,baseplate
1864,YP_009150846.1,baseplate
1865,YP_008766853.1,baseplate
1866,YP_009032169.1,baseplate
1867,YP_009784221.1,baseplate
1868,YP_009948795.1,baseplate
1869,YP_009055469.1,baseplate
1870,YP_009126630.1,baseplate
1871,YP_009102176.1,baseplate
1872,YP_009206145.1,baseplate
1873,YP_009214207.1,baseplate
1874,YP_009782138.1,baseplate
1875,YP_009203520.1,baseplate
1876,YP_010066148.1,baseplate
1877,YP_009276452.1,baseplate
1878,YP_009291899.1,baseplate
1879,YP_009302038.1,baseplate
1880,YP_009786273.1,baseplate
1881,YP_009876846.1,baseplate
1882,YP_009812541.1,baseplate
1883,YP_009786985.1,baseplate
1884,YP_009597569.1,baseplate
1885,YP_009831972.1,baseplate
1886,YP_010081962.1,baseplate
1887,YP_010089476.1,baseplate
1888,YP_010089477.1,baseplate
1889,YP_010089514.1,baseplate
1890,YP_010089516.1,baseplate
1891,YP_010089517.1,baseplate
1892,YP_009788011.1,baseplate
1893,YP_009600507.1,baseplate
1894,YP_010083037.1,baseplate
1895,YP_009604499.1,baseplate
1896,YP_010090619.1,baseplate
1897,YP_010090623.1,baseplate
1898,YP_010092345.1,baseplate
1899,YP_010092349.1,baseplate
1900,YP_009914743.1,baseplate
1901,YP_009914745.1,baseplate
1902,YP_009914752.1,baseplate
1903,YP_009609873.1,baseplate
1904,YP_010081641.1,baseplate
1905,YP_010092053.1,baseplate
1906,YP_010056838.1,baseplate
1907,YP_009615312.1,baseplate
1908,YP_009702240.1,baseplate
1909,YP_010093615.1,baseplate
1910,YP_009836901.1,baseplate
1911,YP_009836905.1,baseplate
1912,YP_009797212.1,baseplate
1913,YP_009797415.1,baseplate
1914,YP_009797510.1,baseplate
1915,YP_010090901.1,baseplate
1916,YP_010090905.1,baseplate
1917,YP_010094076.1,baseplate
1918,YP_010095148.1,baseplate
1919,YP_010095152.1,baseplate
1920,YP_010094230.1,baseplate
1921,YP_010094760.1,baseplate
1922,YP_009803416.1,baseplate
1923,YP_010096252.1,baseplate
1924,YP_009880962.1,baseplate
1925,YP_009880966.1,baseplate
1926,YP_009881505.1,baseplate
1927,YP_009881509.1,baseplate
1928,YP_009842866.1,baseplate
1929,YP_009842873.1,baseplate
1930,YP_010081612.1,baseplate
1931,YP_010081700.1,baseplate
1932,YP_010081801.1,baseplate
1933,YP_010081835.1,baseplate
1934,YP_010100476.1,baseplate
1935,YP_010100480.1,baseplate
1936,YP_009873703.1,baseplate
1937,YP_009873857.1,baseplate
1938,YP_009845671.1,baseplate
1939,YP_009845841.1,baseplate
1940,YP_009850380.1,baseplate
1941,YP_009850384.1,baseplate
1942,YP_009850539.1,baseplate
1943,YP_009850544.1,baseplate
1944,YP_009883351.1,baseplate
1945,YP_010081989.1,baseplate
1946,YP_009883910.1,baseplate
1947,YP_009883914.1,baseplate
1948,YP_010059526.1,baseplate
1949,YP_009885074.1,baseplate
1950,YP_009885662.1,baseplate
1951,YP_009887155.1,baseplate
1952,YP_009887159.1,baseplate
1953,YP_009877452.1,baseplate
1954,YP_009877530.1,baseplate
1955,YP_009877489.1,baseplate
1956,YP_009877572.1,baseplate
1957,YP_009855902.1,baseplate
1958,YP_009855906.1,baseplate
1959,YP_010056049.1,baseplate
1960,YP_010109736.1,baseplate
1961,YP_010037910.1,baseplate
1962,YP_010037925.1,baseplate
1963,YP_010037974.1,baseplate
1964,YP_010037977.1,baseplate
1965,YP_010037991.1,baseplate
1966,YP_009966144.1,baseplate
1967,YP_950619.1,baseplate
1968,YP_010298328.1,baseplate
1969,YP_009850541.1,baseplate
1970,YP_009884129.1,baseplate
1971,YP_003969099.1,baseplate
1972,YP_009838246.1,baseplate
1973,YP_009844538.1,baseplate
1974,YP_009850902.1,baseplate
1975,YP_010077797.1,baseplate
1976,YP_010107369.1,baseplate
1977,YP_010090588.1,baseplate
1978,YP_009836938.1,baseplate
1979,YP_009850353.1,baseplate
1980,YP_009850355.1,baseplate
1981,YP_009273333.1,major_capsid
1982,YP_009786971.1,major_capsid
1983,YP_009883337.1,major_capsid
1984,YP_006908226.1,major_capsid
1985,YP_009788681.1,major_capsid
1986,YP_009875541.1,major_capsid
1987,YP_009880009.1,major_capsid
1988,YP_009879899.1,major_capsid
1989,YP_009832315.1,major_capsid
1990,YP_009790753.1,major_capsid
1991,YP_009792648.1,major_capsid
1992,YP_009837345.1,major_capsid
1993,YP_009800960.1,major_capsid
1994,YP_009807873.1,major_capsid
1995,YP_009840465.1,major_capsid
1996,YP_009809777.1,major_capsid
1997,YP_009809253.1,major_capsid
1998,YP_009811904.1,major_capsid
1999,YP_009812015.1,major_capsid
2000,YP_009812068.1,major_capsid
2001,YP_009883987.1,major_capsid
2002,YP_009857438.1,major_capsid
2003,YP_009887274.1,major_capsid
2004,YP_009778102.1,major_capsid
2005,YP_010052783.1,major_capsid
2006,YP_010093383.1,major_capsid
2007,YP_010093480.1,major_capsid
2008,YP_010078915.1,major_capsid
2009,YP_010105100.1,major_capsid
2010,YP_010114907.1,major_capsid
2011,YP_009810331.1,major_capsid
2012,YP_009222707.1,major_capsid
2013,YP_010077711.1,major_capsid
2014,YP_010052715.1,major_capsid
2015,NP_050151.1,major_capsid
2016,YP_001468392.1,major_capsid
2017,YP_010115324.1,major_capsid
2018,YP_239802.1,major_capsid
2019,YP_240078.1,major_capsid
2020,YP_240157.1,major_capsid
2021,YP_950669.1,major_capsid
2022,YP_950590.1,major_capsid
2023,YP_009168841.1,major_capsid
2024,YP_004306106.1,major_capsid
2025,YP_004306407.1,major_capsid
2026,YP_004306877.1,major_capsid
2027,YP_008129844.1,major_capsid
2028,YP_009792318.1,major_capsid
2029,YP_005098414.1,major_capsid
2030,YP_009130728.1,major_capsid
2031,YP_009009361.1,major_capsid
2032,YP_009785099.1,major_capsid
2033,YP_009191436.1,major_capsid
2034,YP_009187473.1,major_capsid
2035,YP_009616734.1,major_capsid
2036,YP_009812527.1,major_capsid
2037,YP_009787996.1,major_capsid
2038,YP_009788210.1,major_capsid
2039,YP_009789802.1,major_capsid
2040,YP_009910237.1,major_capsid
2041,YP_010062140.1,major_capsid
2042,YP_009797597.1,major_capsid
2043,YP_009879865.1,major_capsid
2044,YP_009823301.1,major_capsid
2045,YP_009882674.1,major_capsid
2046,YP_009882533.1,major_capsid
2047,YP_009845070.1,major_capsid
2048,YP_009902920.1,major_capsid
2049,YP_009998302.1,major_capsid
2050,YP_009998227.1,major_capsid
2051,YP_009877467.1,major_capsid
2052,YP_009877545.1,major_capsid
2053,YP_009877504.1,major_capsid
2054,YP_009877587.1,major_capsid
2055,YP_010091030.1,major_capsid
2056,YP_010078834.1,major_capsid
2057,YP_010113594.1,major_capsid
2058,YP_010109776.1,major_capsid
2059,YP_009998375.1,major_capsid
2060,YP_009997877.1,major_capsid
2061,YP_009795781.1,major_capsid
2062,YP_009800627.1,major_capsid
2063,YP_009948738.1,major_capsid
2064,YP_009788545.1,major_capsid
2065,YP_009788738.1,major_capsid
2066,YP_009784707.1,major_capsid
2067,YP_009789898.1,major_capsid
2068,YP_009834052.1,major_capsid
2069,YP_009799363.1,major_capsid
2070,YP_009800674.1,major_capsid
2071,YP_009800580.1,major_capsid
2072,YP_009800535.1,major_capsid
2073,YP_009838157.1,major_capsid
2074,YP_009881685.1,major_capsid
2075,YP_009818309.1,major_capsid
2076,YP_009908768.1,major_capsid
2077,YP_009844361.1,major_capsid
2078,YP_009845127.1,major_capsid
2079,YP_009850717.1,major_capsid
2080,YP_009851066.1,major_capsid
2081,YP_009998565.1,major_capsid
2082,YP_010051547.1,major_capsid
2083,YP_010059041.1,major_capsid
2084,YP_010060224.1,major_capsid
2085,YP_010077858.1,major_capsid
2086,YP_010107338.1,major_capsid
2087,YP_010078248.1,major_capsid
2088,YP_010078671.1,major_capsid
2089,YP_009804607.1,major_capsid
2090,YP_009850629.1,major_capsid
2091,YP_010078609.1,major_capsid
2092,YP_010078355.1,major_capsid
2093,YP_009981816.1,major_capsid
2094,YP_240311.1,major_capsid
2095,YP_240385.1,major_capsid
2096,YP_240459.1,major_capsid
2097,YP_240676.1,major_capsid
2098,YP_240749.1,major_capsid
2099,YP_008059001.1,major_capsid
2100,YP_009002861.1,major_capsid
2101,YP_009960584.1,major_capsid
2102,YP_010079943.1,major_capsid
2103,YP_010064656.1,major_capsid
2104,YP_010064789.1,major_capsid
2105,YP_010059744.1,major_capsid
2106,YP_010064604.1,major_capsid
2107,YP_009904934.1,major_capsid
2108,YP_010059491.1,major_capsid
2109,YP_010061441.1,major_capsid
2110,YP_009902221.1,major_capsid
2111,YP_010109367.1,major_capsid
2112,YP_009794073.1,major_capsid
2113,YP_009218802.1,major_capsid
2114,YP_009218533.1,major_capsid
2115,YP_009639968.1,major_capsid
2116,YP_009664205.1,major_capsid
2117,YP_009173806.1,major_capsid
2118,NP_944113.1,major_capsid
2119,YP_656387.1,major_capsid
2120,YP_112497.1,major_capsid
2121,YP_337995.1,major_capsid
2122,YP_238888.1,major_capsid
2123,YP_249589.1,major_capsid
2124,YP_762590.1,major_capsid
2125,YP_001285448.1,major_capsid
2126,YP_009220191.1,major_capsid
2127,YP_002048657.1,major_capsid
2128,YP_007878108.1,major_capsid
2129,YP_007676882.1,major_capsid
2130,YP_002727888.1,major_capsid
2131,YP_002790788.1,major_capsid
2132,YP_003347932.1,major_capsid
2133,YP_007236462.1,major_capsid
2134,YP_003580059.1,major_capsid
2135,YP_009168343.1,major_capsid
2136,YP_004421492.1,major_capsid
2137,YP_007675801.1,major_capsid
2138,YP_009103142.1,major_capsid
2139,YP_004306645.1,major_capsid
2140,YP_004306347.1,major_capsid
2141,YP_004251282.1,major_capsid
2142,YP_008061120.1,major_capsid
2143,YP_009614156.1,major_capsid
2144,YP_007005458.1,major_capsid
2145,YP_007005821.1,major_capsid
2146,YP_009017871.1,major_capsid
2147,YP_009017431.1,major_capsid
2148,YP_009016560.1,major_capsid
2149,YP_005098192.1,major_capsid
2150,YP_005087131.1,major_capsid
2151,YP_007348853.1,major_capsid
2152,YP_006561146.1,major_capsid
2153,YP_006986489.1,major_capsid
2154,YP_009110743.1,major_capsid
2155,YP_006560305.1,major_capsid
2156,YP_007010559.1,major_capsid
2157,YP_007869911.1,major_capsid
2158,YP_009217570.1,major_capsid
2159,YP_007010676.1,major_capsid
2160,YP_006908137.1,major_capsid
2161,YP_008239665.1,major_capsid
2162,YP_008126822.1,major_capsid
2163,YP_009874361.1,major_capsid
2164,YP_009215869.1,major_capsid
2165,YP_009216089.1,major_capsid
2166,YP_008060738.1,major_capsid
2167,YP_009601854.1,major_capsid
2168,YP_008061589.1,major_capsid
2169,YP_008060897.1,major_capsid
2170,YP_008061355.1,major_capsid
2171,YP_008859217.1,major_capsid
2172,YP_008241996.1,major_capsid
2173,YP_009221225.1,major_capsid
2174,YP_009098938.1,major_capsid
2175,YP_009042803.1,major_capsid
2176,YP_009099063.1,major_capsid
2177,YP_009007653.1,major_capsid
2178,YP_008770009.1,major_capsid
2179,YP_008770652.1,major_capsid
2180,YP_008770574.1,major_capsid
2181,YP_008858907.1,major_capsid
2182,YP_008859419.1,major_capsid
2183,YP_009639189.1,major_capsid
2184,YP_009639117.1,major_capsid
2185,YP_009783892.1,major_capsid
2186,YP_009592464.1,major_capsid
2187,YP_009031548.1,major_capsid
2188,YP_009625918.1,major_capsid
2189,YP_009032600.1,major_capsid
2190,YP_009043930.1,major_capsid
2191,YP_009097823.1,major_capsid
2192,YP_009099822.1,major_capsid
2193,YP_009149973.1,major_capsid
2194,YP_009152166.1,major_capsid
2195,YP_009321730.1,major_capsid
2196,YP_009099713.1,major_capsid
2197,YP_009145630.1,major_capsid
2198,YP_009148437.1,major_capsid
2199,YP_009126043.1,major_capsid
2200,YP_009198598.1,major_capsid
2201,YP_009215217.1,major_capsid
2202,YP_009222460.1,major_capsid
2203,YP_009223915.1,major_capsid
2204,YP_009200128.1,major_capsid
2205,YP_009226126.1,major_capsid
2206,YP_009218786.1,major_capsid
2207,YP_009194465.1,major_capsid
2208,YP_009607414.1,major_capsid
2209,YP_009607136.1,major_capsid
2210,YP_009204653.1,major_capsid
2211,YP_009601494.1,major_capsid
2212,YP_009225271.1,major_capsid
2213,YP_009195035.1,major_capsid
2214,YP_009189665.1,major_capsid
2215,YP_009218885.1,major_capsid
2216,YP_009601642.1,major_capsid
2217,YP_009601719.1,major_capsid
2218,YP_009604045.1,major_capsid
2219,YP_009601568.1,major_capsid
2220,YP_009616586.1,major_capsid
2221,YP_009785940.1,major_capsid
2222,YP_009595163.1,major_capsid
2223,YP_009303078.1,major_capsid
2224,YP_009301281.1,major_capsid
2225,YP_009303308.1,major_capsid
2226,YP_009595355.1,major_capsid
2227,YP_009875625.1,major_capsid
2228,YP_009301448.1,major_capsid
2229,YP_009300967.1,major_capsid
2230,YP_009603290.1,major_capsid
2231,YP_009276467.1,major_capsid
2232,YP_009276727.1,major_capsid
2233,YP_009274144.1,major_capsid
2234,YP_009275082.1,major_capsid
2235,YP_009274242.1,major_capsid
2236,YP_009273404.1,major_capsid
2237,YP_009285754.1,major_capsid
2238,YP_009831518.1,major_capsid
2239,YP_009626453.1,major_capsid
2240,YP_009323080.1,major_capsid
2241,YP_009831235.1,major_capsid
2242,YP_009290977.1,major_capsid
2243,YP_009287973.1,major_capsid
2244,YP_009787334.1,major_capsid
2245,YP_009597689.1,major_capsid
2246,YP_009788851.1,major_capsid
2247,YP_009609699.1,major_capsid
2248,YP_009609949.1,major_capsid
2249,YP_009610025.1,major_capsid
2250,YP_009791559.1,major_capsid
2251,YP_009612387.1,major_capsid
2252,YP_009612462.1,major_capsid
2253,YP_009613004.1,major_capsid
2254,YP_009615772.1,major_capsid
2255,YP_009619901.1,major_capsid
2256,YP_009795596.1,major_capsid
2257,YP_009797643.1,major_capsid
2258,YP_009797859.1,major_capsid
2259,YP_009824783.1,major_capsid
2260,YP_009622400.1,major_capsid
2261,YP_009836984.1,major_capsid
2262,YP_009622971.1,major_capsid
2263,YP_009837843.1,major_capsid
2264,YP_009801141.1,major_capsid
2265,YP_009801095.1,major_capsid
2266,YP_009801169.1,major_capsid
2267,YP_009624843.1,major_capsid
2268,YP_009804013.1,major_capsid
2269,YP_009806784.1,major_capsid
2270,YP_009808899.1,major_capsid
2271,YP_009882046.1,major_capsid
2272,YP_009816856.1,major_capsid
2273,YP_009843010.1,major_capsid
2274,YP_009819262.1,major_capsid
2275,YP_009846032.1,major_capsid
2276,YP_009849867.1,major_capsid
2277,YP_009848297.1,major_capsid
2278,YP_009883701.1,major_capsid
2279,YP_009884161.1,major_capsid
2280,YP_009884497.1,major_capsid
2281,YP_009884230.1,major_capsid
2282,YP_009853260.1,major_capsid
2283,YP_009885934.1,major_capsid
2284,YP_009856303.1,major_capsid
2285,YP_009778093.1,major_capsid
2286,YP_009997355.1,major_capsid
2287,YP_009997193.1,major_capsid
2288,YP_009997273.1,major_capsid
2289,YP_009997438.1,major_capsid
2290,YP_009997471.1,major_capsid
2291,YP_010001646.1,major_capsid
2292,YP_010001730.1,major_capsid
2293,YP_009303161.1,major_capsid
2294,YP_010049682.1,major_capsid
2295,YP_010051292.1,major_capsid
2296,YP_010051479.1,major_capsid
2297,YP_010051417.1,major_capsid
2298,YP_010051743.1,major_capsid
2299,YP_010051352.1,major_capsid
2300,YP_010051614.1,major_capsid
2301,YP_010051677.1,major_capsid
2302,YP_010057048.1,major_capsid
2303,YP_010057269.1,major_capsid
2304,YP_010057500.1,major_capsid
2305,YP_010058654.1,major_capsid
2306,YP_010058188.1,major_capsid
2307,YP_010057972.1,major_capsid
2308,YP_010057735.1,major_capsid
2309,YP_010058420.1,major_capsid
2310,YP_010058884.1,major_capsid
2311,YP_010059409.1,major_capsid
2312,YP_010089135.1,major_capsid
2313,YP_010089978.1,major_capsid
2314,YP_010082538.1,major_capsid
2315,YP_010082733.1,major_capsid
2316,YP_010115088.1,major_capsid
2317,NP_899609.1,major_capsid
2318,NP_817605.1,major_capsid
2319,YP_004327199.1,major_capsid
2320,YP_007002476.1,major_capsid
2321,YP_008857641.1,major_capsid
2322,YP_007006600.1,major_capsid
2323,YP_009800370.1,major_capsid
2324,YP_007236347.2,major_capsid
2325,YP_007236873.1,major_capsid
2326,YP_009006291.1,major_capsid
2327,YP_007348355.1,major_capsid
2328,YP_008857046.1,major_capsid
2329,YP_009008409.1,major_capsid
2330,YP_009004775.1,major_capsid
2331,YP_009623463.1,major_capsid
2332,YP_009201384.1,major_capsid
2333,YP_009208712.1,major_capsid
2334,YP_009203187.1,major_capsid
2335,YP_009223409.1,major_capsid
2336,YP_009199993.1,major_capsid
2337,YP_009186944.1,major_capsid
2338,YP_009273811.1,major_capsid
2339,YP_009291185.1,major_capsid
2340,YP_009949178.1,major_capsid
2341,YP_009598105.1,major_capsid
2342,YP_009604683.1,major_capsid
2343,YP_009795466.1,major_capsid
2344,YP_010079236.1,major_capsid
2345,YP_009624721.1,major_capsid
2346,YP_009624735.1,major_capsid
2347,YP_009980616.1,major_capsid
2348,YP_009615427.1,major_capsid
2349,YP_010079029.1,major_capsid
2350,YP_010079351.1,major_capsid
2351,YP_010079433.1,major_capsid
2352,YP_010079111.1,major_capsid
2353,YP_010079192.1,major_capsid
2354,YP_010062051.1,major_capsid
2355,NP_046760.1,major_capsid
2356,YP_009591432.1,major_capsid
2357,YP_950534.1,major_capsid
2358,NP_523335.1,major_capsid
2359,YP_009792960.1,major_capsid
2360,NP_041997.1,major_capsid
2361,NP_958060.1,major_capsid
2362,NP_046832.1,major_capsid
2363,NP_116499.1,major_capsid
2364,YP_010133227.1,major_capsid
2365,NP_542595.2,major_capsid
2366,YP_008767312.1,major_capsid
2367,YP_008767313.1,major_capsid
2368,YP_002308412.1,major_capsid
2369,NP_891732.1,major_capsid
2370,NP_680487.1,major_capsid
2371,YP_239726.1,major_capsid
2372,NP_049971.1,major_capsid
2373,NP_049929.1,major_capsid
2374,NP_944891.1,major_capsid
2375,NP_052108.1,major_capsid
2376,NP_052109.1,major_capsid
2377,NP_038327.1,major_capsid
2378,NP_663677.1,major_capsid
2379,NP_665929.1,major_capsid
2380,YP_010078041.1,major_capsid
2381,NP_076679.1,major_capsid
2382,NP_076738.1,major_capsid
2383,NP_536823.1,major_capsid
2384,NP_510986.1,major_capsid
2385,NP_821152.1,major_capsid
2386,NP_612835.1,major_capsid
2387,NP_938058.1,major_capsid
2388,NP_853592.1,major_capsid
2389,NP_813774.1,major_capsid
2390,NP_848296.1,major_capsid
2391,NP_858956.1,major_capsid
2392,NP_944284.1,major_capsid
2393,YP_001491666.1,major_capsid
2394,YP_001039818.1,major_capsid
2395,YP_024928.1,major_capsid
2396,YP_239571.1,major_capsid
2397,YP_001468644.1,major_capsid
2398,YP_293748.1,major_capsid
2399,YP_654732.1,major_capsid
2400,YP_512264.1,major_capsid
2401,YP_425009.1,major_capsid
2402,NP_839926.1,major_capsid
2403,YP_655596.1,major_capsid
2404,YP_007677161.1,major_capsid
2405,YP_717802.1,major_capsid
2406,YP_908831.1,major_capsid
2407,YP_001111033.1,major_capsid
2408,YP_005087431.1,major_capsid
2409,YP_005087382.1,major_capsid
2410,YP_005087541.1,major_capsid
2411,YP_005087453.1,major_capsid
2412,YP_001285679.1,major_capsid
2413,YP_002117758.1,major_capsid
2414,YP_001671977.1,major_capsid
2415,YP_002117674.1,major_capsid
2416,YP_001686741.1,major_capsid
2417,YP_001949782.1,major_capsid
2418,YP_001949783.1,major_capsid
2419,YP_007677276.1,major_capsid
2420,YP_007877939.1,major_capsid
2421,YP_003097339.1,major_capsid
2422,YP_002922237.1,major_capsid
2423,YP_002922847.1,major_capsid
2424,YP_003169680.1,major_capsid
2425,YP_003347548.1,major_capsid
2426,YP_009302210.1,major_capsid
2427,YP_009169185.1,major_capsid
2428,YP_009168987.1,major_capsid
2429,YP_007673099.1,major_capsid
2430,YP_008125644.1,major_capsid
2431,YP_008126425.1,major_capsid
2432,YP_007676490.1,major_capsid
2433,YP_009103797.1,major_capsid
2434,YP_009822208.1,major_capsid
2435,YP_009103533.1,major_capsid
2436,YP_009822263.1,major_capsid
2437,YP_009783030.1,major_capsid
2438,YP_004306684.1,major_capsid
2439,YP_007675586.1,major_capsid
2440,YP_007237157.1,major_capsid
2441,YP_009829492.1,major_capsid
2442,YP_007673748.1,major_capsid
2443,YP_004306451.1,major_capsid
2444,YP_007003511.1,major_capsid
2445,YP_007003398.1,major_capsid
2446,YP_010079787.1,major_capsid
2447,YP_007238029.1,major_capsid
2448,YP_007003558.1,major_capsid
2449,YP_007501015.1,major_capsid
2450,YP_004508477.1,major_capsid
2451,YP_009637545.1,major_capsid
2452,YP_009637640.1,major_capsid
2453,YP_009590867.1,major_capsid
2454,YP_009607574.1,major_capsid
2455,YP_009636181.1,major_capsid
2456,YP_009591172.1,major_capsid
2457,YP_009636534.1,major_capsid
2458,YP_009636742.1,major_capsid
2459,YP_009637453.1,major_capsid
2460,YP_009636836.1,major_capsid
2461,YP_009636924.1,major_capsid
2462,YP_009637265.1,major_capsid
2463,YP_009607942.1,major_capsid
2464,YP_009607745.1,major_capsid
2465,YP_009635428.1,major_capsid
2466,YP_009635774.1,major_capsid
2467,YP_009635513.1,major_capsid
2468,YP_009635607.1,major_capsid
2469,YP_009635692.1,major_capsid
2470,YP_009635987.1,major_capsid
2471,YP_009614532.1,major_capsid
2472,YP_009208421.1,major_capsid
2473,YP_009637823.1,major_capsid
2474,YP_004678755.1,major_capsid
2475,YP_009637916.1,major_capsid
2476,YP_006561266.1,major_capsid
2477,YP_009606690.1,major_capsid
2478,YP_009018021.1,major_capsid
2479,YP_004782186.1,major_capsid
2480,YP_007004551.1,major_capsid
2481,YP_009014098.1,major_capsid
2482,YP_009011773.1,major_capsid
2483,YP_009638100.1,major_capsid
2484,YP_009017150.1,major_capsid
2485,YP_009013912.1,major_capsid
2486,YP_009014183.1,major_capsid
2487,YP_009793108.1,major_capsid
2488,YP_008430764.1,major_capsid
2489,YP_009604789.1,major_capsid
2490,YP_009014005.1,major_capsid
2491,YP_009012702.1,major_capsid
2492,YP_009014507.1,major_capsid
2493,YP_009638190.1,major_capsid
2494,YP_009018800.1,major_capsid
2495,YP_009638278.1,major_capsid
2496,YP_010050806.1,major_tail
2497,YP_009950454.1,major_tail
2498,YP_009951784.1,major_tail
2499,YP_009951389.1,major_tail
2500,YP_009953901.1,major_tail
2501,YP_009951196.1,major_tail
2502,YP_009951881.1,major_tail
2503,YP_009951975.1,major_tail
2504,YP_009950822.1,major_tail
2505,YP_009950728.1,major_tail
2506,YP_009950914.1,major_tail
2507,YP_009950326.1,major_tail
2508,YP_009950550.1,major_tail
2509,YP_009952068.1,major_tail
2510,YP_009954096.1,major_tail
2511,YP_009953512.1,major_tail
2512,YP_009951296.1,major_tail
2513,YP_009950360.1,major_tail
2514,YP_009951585.1,major_tail
2515,YP_009952160.1,major_tail
2516,YP_009836193.1,major_tail
2517,YP_009624329.1,major_tail
2518,YP_009808580.1,major_tail
2519,YP_009814696.1,major_tail
2520,YP_009842159.1,major_tail
2521,YP_009842188.1,major_tail
2522,YP_009818315.1,major_tail
2523,YP_009843520.1,major_tail
2524,YP_009859582.1,major_tail
2525,YP_010013512.1,major_tail
2526,YP_010049688.1,major_tail
2527,YP_010050887.1,major_tail
2528,YP_010051108.1,major_tail
2529,YP_010051036.1,major_tail
2530,YP_010051298.1,major_tail
2531,YP_010051485.1,major_tail
2532,YP_010051423.1,major_tail
2533,YP_010051749.1,major_tail
2534,YP_010051358.1,major_tail
2535,YP_010051553.1,major_tail
2536,YP_010051620.1,major_tail
2537,YP_010051683.1,major_tail
2538,YP_009950166.1,major_tail
2539,YP_009951005.1,major_tail
2540,YP_009841037.1,major_tail
2541,YP_010062058.1,major_tail
2542,NP_046839.2,major_tail
2543,YP_009167730.1,major_tail
2544,YP_009909326.1,major_tail
2545,YP_010080310.1,major_tail
2546,YP_010063190.1,major_tail
2547,YP_010062410.1,major_tail
2548,YP_010080393.1,major_tail
2549,YP_010061630.1,major_tail
2550,YP_009787732.1,major_tail
2551,YP_010063928.1,major_tail
2552,YP_010059982.1,major_tail
2553,YP_010064019.1,major_tail
2554,YP_010062318.1,major_tail
2555,YP_010080498.1,major_tail
2556,YP_010080569.1,major_tail
2557,YP_010080607.1,major_tail
2558,YP_010080644.1,major_tail
2559,YP_010080718.1,major_tail
2560,YP_010080755.1,major_tail
2561,YP_010080792.1,major_tail
2562,YP_009818103.1,major_tail
2563,YP_010055304.1,major_tail
2564,YP_010055627.1,major_tail
2565,YP_010055225.1,major_tail
2566,YP_010055383.1,major_tail
2567,YP_010063362.1,major_tail
2568,YP_010063276.1,major_tail
2569,YP_009963712.1,major_tail
2570,YP_010061348.1,major_tail
2571,YP_010056347.1,major_tail
2572,YP_010055145.1,major_tail
2573,YP_009622815.1,major_tail
2574,YP_009622817.1,major_tail
2575,YP_009624540.1,major_tail
2576,YP_010055881.1,major_tail
2577,YP_010063736.1,major_tail
2578,YP_009837968.1,major_tail
2579,YP_009800829.1,major_tail
2580,YP_010061250.1,major_tail
2581,YP_010054658.1,major_tail
2582,YP_009806861.1,major_tail
2583,YP_010055068.1,major_tail
2584,YP_009950634.1,major_tail
2585,YP_010055799.1,major_tail
2586,YP_010051230.1,major_tail
2587,YP_009824485.1,major_tail
2588,YP_009824694.1,major_tail
2589,YP_010063640.1,major_tail
2590,YP_009814907.1,major_tail
2591,YP_009800880.1,major_tail
2592,YP_009824228.1,major_tail
2593,YP_010060154.1,major_tail
2594,YP_010054352.1,major_tail
2595,YP_010064115.1,major_tail
2596,YP_010080533.1,major_tail
2597,YP_010061159.1,major_tail
2598,YP_009843614.1,major_tail
2599,YP_010054990.1,major_tail
2600,YP_010061723.1,major_tail
2601,YP_010055465.1,major_tail
2602,YP_010063013.1,major_tail
2603,YP_010064873.1,major_tail
2604,YP_009849458.1,major_tail
2605,YP_009848831.1,major_tail
2606,YP_010060065.1,major_tail
2607,YP_010054579.1,major_tail
2608,YP_009900953.1,major_tail
2609,YP_010060814.1,major_tail
2610,YP_010055711.1,major_tail
2611,YP_009852127.1,major_tail
2612,YP_010056195.1,major_tail
2613,YP_010081471.1,major_tail
2614,YP_010104332.1,major_tail
2615,YP_009852773.1,major_tail
2616,YP_009852856.1,major_tail
2617,YP_009853588.1,major_tail
2618,YP_009853887.1,major_tail
2619,YP_009853683.1,major_tail
2620,YP_010061062.1,major_tail
2621,YP_010063556.1,major_tail
2622,YP_010061448.1,major_tail
2623,YP_009901332.1,major_tail
2624,YP_009856198.1,major_tail
2625,YP_009859433.1,major_tail
2626,YP_010055549.1,major_tail
2627,YP_010055964.1,major_tail
2628,YP_010056040.1,major_tail
2629,YP_010063830.1,major_tail
2630,YP_010109374.1,major_tail
2631,YP_009963829.1,major_tail
2632,YP_010061977.1,major_tail
2633,YP_010054730.1,major_tail
2634,YP_010054820.1,major_tail
2635,YP_010054901.1,major_tail
2636,YP_010056495.1,major_tail
2637,YP_009997872.1,major_tail
2638,YP_010115797.1,major_tail
2639,YP_009996962.1,major_tail
2640,YP_009819666.1,major_tail
2641,YP_010053673.1,major_tail
2642,YP_010053413.1,major_tail
2643,YP_010053559.1,major_tail
2644,YP_006990129.1,major_tail
2645,YP_009208293.1,major_tail
2646,YP_009851408.1,major_tail
2647,YP_009834058.1,major_tail
2648,YP_009838163.1,major_tail
2649,YP_009996841.1,major_tail
2650,YP_010060230.1,major_tail
2651,YP_009900709.1,major_tail
2652,YP_009900758.1,major_tail
2653,YP_009834139.1,major_tail
2654,YP_009998501.1,major_tail
2655,YP_010060982.1,major_tail
2656,YP_009998421.1,major_tail
2657,YP_010060643.1,major_tail
2658,YP_010060731.1,major_tail
2659,YP_009900812.1,major_tail
2660,YP_010060899.1,major_tail
2661,YP_010014082.1,major_tail
2662,YP_009958146.1,major_tail
2663,YP_009966498.1,major_tail
2664,YP_009955318.1,major_tail
2665,YP_006973.1,major_tail
2666,YP_655530.1,major_tail
2667,YP_001837079.1,major_tail
2668,YP_009168348.1,major_tail
2669,YP_009637355.1,major_tail
2670,YP_009638011.1,major_tail
2671,YP_009604022.1,major_tail
2672,YP_009603982.1,major_tail
2673,YP_004957649.1,major_tail
2674,YP_005087137.1,major_tail
2675,YP_007007971.1,major_tail
2676,YP_006488742.1,major_tail
2677,YP_006488747.1,major_tail
2678,YP_009196275.1,major_tail
2679,YP_009210637.1,major_tail
2680,YP_009638576.1,major_tail
2681,YP_008320486.1,major_tail
2682,YP_008320491.1,major_tail
2683,YP_008129768.1,major_tail
2684,YP_008409216.1,major_tail
2685,YP_008530610.1,major_tail
2686,YP_009603884.1,major_tail
2687,YP_009603977.1,major_tail
2688,YP_009009670.1,major_tail
2689,YP_009036387.1,major_tail
2690,YP_009592470.1,major_tail
2691,YP_009103732.1,major_tail
2692,YP_009032594.1,major_tail
2693,YP_009043617.1,major_tail
2694,YP_009215618.1,major_tail
2695,YP_009125769.1,major_tail
2696,YP_009207599.1,major_tail
2697,YP_009202648.1,major_tail
2698,YP_009848602.1,major_tail
2699,YP_009785274.1,major_tail
2700,YP_009224258.1,major_tail
2701,YP_009226662.1,major_tail
2702,YP_009189671.1,major_tail
2703,YP_009603215.1,major_tail
2704,YP_009603389.1,major_tail
2705,YP_009603391.1,major_tail
2706,YP_009603104.1,major_tail
2707,YP_009603106.1,major_tail
2708,YP_009603477.1,major_tail
2709,YP_009603479.1,major_tail
2710,YP_009323881.1,major_tail
2711,YP_009320881.1,major_tail
2712,YP_009282261.1,major_tail
2713,YP_009596678.1,major_tail
2714,YP_009596680.1,major_tail
2715,YP_009599175.1,major_tail
2716,YP_009610160.1,major_tail
2717,YP_009610161.1,major_tail
2718,YP_009791011.1,major_tail
2719,YP_009612547.1,major_tail
2720,YP_009612549.1,major_tail
2721,YP_009794975.1,major_tail
2722,YP_009795137.1,major_tail
2723,YP_009804142.1,major_tail
2724,YP_009804431.1,major_tail
2725,YP_009795323.1,major_tail
2726,YP_009804573.1,major_tail
2727,YP_009829793.1,major_tail
2728,YP_009804800.1,major_tail
2729,YP_009805130.1,major_tail
2730,YP_009806065.1,major_tail
2731,YP_009805289.1,major_tail
2732,YP_009805442.1,major_tail
2733,YP_009805592.1,major_tail
2734,YP_009805902.1,major_tail
2735,YP_009841476.1,major_tail
2736,YP_009812296.1,major_tail
2737,YP_009824376.1,major_tail
2738,YP_009824664.1,major_tail
2739,YP_009814983.1,major_tail
2740,YP_009816805.1,major_tail
2741,YP_009819421.1,major_tail
2742,YP_009819011.1,major_tail
2743,YP_009845364.1,major_tail
2744,YP_009621117.1,major_tail
2745,YP_009621310.1,major_tail
2746,YP_009849819.1,major_tail
2747,YP_009848019.1,major_tail
2748,YP_009852332.1,major_tail
2749,YP_009852058.1,major_tail
2750,YP_009853240.1,major_tail
2751,YP_006382445.1,major_tail
2752,YP_009858912.1,major_tail
2753,YP_009858573.1,major_tail
2754,YP_009857918.1,major_tail
2755,YP_009858082.1,major_tail
2756,YP_009858408.1,major_tail
2757,YP_009857768.1,major_tail
2758,YP_009858737.1,major_tail
2759,YP_009858245.1,major_tail
2760,YP_009303167.1,major_tail
2761,YP_010097541.1,major_tail
2762,YP_010101802.1,major_tail
2763,YP_010102647.1,major_tail
2764,YP_010102458.1,major_tail
2765,YP_010105813.1,major_tail
2766,YP_010105619.1,major_tail
2767,YP_010108070.1,major_tail
2768,YP_010108653.1,major_tail
2769,YP_010108264.1,major_tail
2770,YP_010108457.1,major_tail
2771,YP_010107876.1,major_tail
2772,YP_010113919.1,major_tail
2773,YP_010114198.1,major_tail
2774,YP_008126238.1,major_tail
2775,YP_009125190.1,major_tail
2776,YP_009980622.1,major_tail
2777,YP_009615421.1,major_tail
2778,YP_009956040.1,major_tail
2779,NP_050156.1,major_tail
2780,YP_009191718.1,major_tail
2781,NP_037706.1,major_tail
2782,NP_075509.1,major_tail
2783,NP_817987.1,major_tail
2784,NP_758932.1,major_tail
2785,YP_950595.1,major_tail
2786,YP_001742066.1,major_tail
2787,YP_007151680.1,major_tail
2788,YP_007151745.1,major_tail
2789,YP_007151617.1,major_tail
2790,YP_001469244.1,major_tail
2791,YP_001686756.1,major_tail
2792,YP_004934117.1,major_tail
2793,YP_007238126.1,major_tail
2794,YP_007237613.1,major_tail
2795,YP_009637551.1,major_tail
2796,YP_009607581.1,major_tail
2797,YP_009636199.1,major_tail
2798,YP_009636424.1,major_tail
2799,YP_009636541.1,major_tail
2800,YP_009636633.1,major_tail
2801,YP_009636748.1,major_tail
2802,YP_009637459.1,major_tail
2803,YP_009636842.1,major_tail
2804,YP_009636940.1,major_tail
2805,YP_009637152.1,major_tail
2806,YP_009637271.1,major_tail
2807,YP_009605017.1,major_tail
2808,YP_009607751.1,major_tail
2809,YP_009635435.1,major_tail
2810,YP_009635780.1,major_tail
2811,YP_009635520.1,major_tail
2812,YP_009635614.1,major_tail
2813,YP_009635699.1,major_tail
2814,YP_009635994.1,major_tail
2815,YP_009636076.1,major_tail
2816,YP_009613918.1,major_tail
2817,YP_009591318.1,major_tail
2818,YP_009608193.1,major_tail
2819,YP_009608086.1,major_tail
2820,YP_009637830.1,major_tail
2821,YP_009637922.1,major_tail
2822,YP_009018038.1,major_tail
2823,YP_009014105.1,major_tail
2824,YP_009638106.1,major_tail
2825,YP_009017157.1,major_tail
2826,YP_009013919.1,major_tail
2827,YP_009014189.1,major_tail
2828,YP_008430771.1,major_tail
2829,YP_009014011.1,major_tail
2830,YP_009012708.1,major_tail
2831,YP_009604881.1,major_tail
2832,YP_009014514.1,major_tail
2833,YP_009638197.1,major_tail
2834,YP_009638372.1,major_tail
2835,YP_009638284.1,major_tail
2836,YP_009101217.1,major_tail
2837,YP_009130734.1,major_tail
2838,YP_009607831.1,major_tail
2839,YP_007112286.1,major_tail
2840,YP_007111647.1,major_tail
2841,YP_007112023.1,major_tail
2842,YP_009607493.1,major_tail
2843,YP_009607662.1,major_tail
2844,YP_009008380.1,major_tail
2845,YP_009016288.1,major_tail
2846,YP_006382941.1,major_tail
2847,YP_009638477.1,major_tail
2848,YP_007237113.1,major_tail
2849,YP_009638764.1,major_tail
2850,YP_009591861.1,major_tail
2851,YP_009591986.1,major_tail
2852,YP_009638851.1,major_tail
2853,YP_008320187.1,major_tail
2854,YP_007112499.1,major_tail
2855,YP_009098167.1,major_tail
2856,YP_009044971.1,major_tail
2857,YP_007676648.1,major_tail
2858,YP_009044737.1,major_tail
2859,YP_009044314.1,major_tail
2860,YP_007677977.1,major_tail
2861,YP_008050955.1,major_tail
2862,YP_008051874.1,major_tail
2863,YP_008050788.1,major_tail
2864,YP_008051790.1,major_tail
2865,YP_008060180.1,major_tail
2866,YP_008058294.1,major_tail
2867,YP_008408969.1,major_tail
2868,YP_008410188.1,major_tail
2869,YP_008410421.1,major_tail
2870,YP_008430677.1,major_tail
2871,YP_008409075.1,major_tail
2872,YP_009219085.1,major_tail
2873,YP_008410800.1,major_tail
2874,YP_008409318.1,major_tail
2875,YP_008858450.1,major_tail
2876,YP_008856796.1,major_tail
2877,YP_008857955.1,major_tail
2878,YP_008858561.1,major_tail
2879,YP_008859133.1,major_tail
2880,YP_008858210.1,major_tail
2881,YP_008859044.1,major_tail
2882,YP_009007478.1,major_tail
2883,YP_009031209.1,major_tail
2884,YP_009021593.1,major_tail
2885,YP_009009762.1,major_tail
2886,YP_009010001.1,major_tail
2887,YP_009032408.1,major_tail
2888,YP_009043807.1,major_tail
2889,YP_009124564.1,major_tail
2890,YP_009123984.1,major_tail
2891,YP_009208904.1,major_tail
2892,YP_009124939.1,major_tail
2893,YP_009125005.1,major_tail
2894,YP_009124202.1,major_tail
2895,YP_009151921.1,major_tail
2896,YP_009201648.1,major_tail
2897,YP_009209560.1,major_tail
2898,YP_009205159.1,major_tail
2899,YP_009224148.1,major_tail
2900,YP_009221032.1,major_tail
2901,YP_009205398.1,major_tail
2902,YP_009213246.1,major_tail
2903,YP_009123889.1,major_tail
2904,YP_009222384.1,major_tail
2905,YP_009125488.1,major_tail
2906,YP_009209061.1,major_tail
2907,YP_009513918.1,major_tail
2908,YP_009212761.1,major_tail
2909,YP_009198343.1,major_tail
2910,YP_009210373.1,major_tail
2911,YP_009217875.2,major_tail
2912,YP_009198116.1,major_tail
2913,YP_009204109.1,major_tail
2914,YP_009782898.1,major_tail
2915,YP_009198791.1,major_tail
2916,YP_009211175.1,major_tail
2917,YP_009198981.1,major_tail
2918,YP_009206729.1,major_tail
2919,YP_009199816.1,major_tail
2920,YP_009202528.1,major_tail
2921,YP_009207684.1,major_tail
2922,YP_009214690.1,major_tail
2923,YP_009214371.1,major_tail
2924,YP_009199695.1,major_tail
2925,YP_009208752.1,major_tail
2926,YP_009201036.1,major_tail
2927,YP_009211732.1,major_tail
2928,YP_009210707.1,major_tail
2929,YP_009214289.1,major_tail
2930,YP_009195260.1,major_tail
2931,YP_009189893.1,major_tail
2932,YP_009187167.1,major_tail
2933,YP_009188849.1,major_tail
2934,YP_009301846.1,major_tail
2935,YP_009303479.1,major_tail
2936,YP_009304584.1,major_tail
2937,YP_009303959.1,major_tail
2938,YP_009290200.1,major_tail
2939,YP_009786255.1,major_tail
2940,YP_009283236.1,major_tail
2941,YP_009279718.1,major_tail
2942,YP_009283270.1,major_tail
2943,YP_009291260.1,major_tail
2944,YP_009977156.1,major_tail
2945,YP_009981637.1,major_tail
2946,YP_009596226.1,major_tail
2947,YP_009958553.1,major_tail
2948,YP_009979985.1,major_tail
2949,YP_009963404.1,major_tail
2950,YP_009962781.1,major_tail
2951,YP_009787816.1,major_tail
2952,YP_009956679.1,major_tail
2953,YP_009788391.1,major_tail
2954,YP_009980078.1,major_tail
2955,YP_009977332.1,major_tail
2956,YP_010013933.1,major_tail
2957,YP_009955023.1,major_tail
2958,YP_009962362.1,major_tail
2959,YP_009962155.1,major_tail
2960,YP_009958661.1,major_tail
2961,YP_009961206.1,major_tail
2962,YP_009962568.1,major_tail
2963,YP_009956570.1,major_tail
2964,YP_009961839.1,major_tail
2965,YP_009981084.1,major_tail
2966,YP_009963195.1,major_tail
2967,YP_009615358.1,major_tail
2968,YP_009615360.1,major_tail
2969,YP_009955827.1,major_tail
2970,YP_009978345.1,major_tail
2971,YP_009961008.1,major_tail
2972,YP_009960697.1,major_tail
2973,YP_009976251.1,major_tail
2974,YP_009957312.1,major_tail
2975,YP_009980170.1,major_tail
2976,YP_009977975.1,major_tail
2977,YP_009961629.1,major_tail
2978,YP_009954387.1,major_tail
2979,YP_009980713.1,major_tail
2980,YP_009976159.1,major_tail
2981,YP_009977696.1,major_tail
2982,YP_009978248.1,major_tail
2983,YP_009979447.1,major_tail
2984,YP_009960590.1,major_tail
2985,YP_009977415.1,major_tail
2986,YP_009799938.1,major_tail
2987,YP_009799517.1,major_tail
2988,YP_009978904.1,major_tail
2989,YP_009959985.1,major_tail
2990,YP_009978065.1,major_tail
2991,YP_009960906.1,major_tail
2992,YP_009955929.1,major_tail
2993,YP_009959582.1,major_tail
2994,YP_009977600.1,major_tail
2995,YP_009979897.1,major_tail
2996,YP_009954799.1,major_tail
2997,YP_009959477.1,major_tail
2998,YP_009958772.1,major_tail
2999,YP_009979356.1,major_tail
3000,YP_009979539.1,major_tail
3001,YP_009955521.1,major_tail
3002,YP_009978991.1,major_tail
3003,YP_009960798.1,major_tail
3004,YP_009962051.1,major_tail
3005,YP_009979811.1,major_tail
3006,YP_009957832.1,major_tail
3007,YP_009976688.1,major_tail
3008,YP_009980266.1,major_tail
3009,YP_009980990.1,major_tail
3010,YP_009957729.1,major_tail
3011,YP_009958868.1,major_tail
3012,YP_009959375.1,major_tail
3013,YP_009979721.1,major_tail
3014,YP_009976340.1,major_tail
3015,YP_009977789.1,major_tail
3016,YP_009956462.1,major_tail
3017,YP_009957627.1,major_tail
3018,YP_009958248.1,major_tail
3019,YP_009960290.1,major_tail
3020,YP_009961734.1,major_tail
3021,YP_009962465.1,major_tail
3022,YP_009957414.1,major_tail
3023,YP_009958965.1,major_tail
3024,YP_009955123.1,major_tail
3025,YP_009979173.1,major_tail
3026,YP_009960484.1,major_tail
3027,YP_009954490.1,major_tail
3028,YP_009959678.1,major_tail
3029,YP_009814826.1,major_tail
3030,YP_009814871.1,major_tail
3031,YP_009959171.1,major_tail
3032,YP_009957000.1,major_tail
3033,YP_009963296.1,major_tail
3034,YP_009980444.1,major_tail
3035,YP_009977072.1,major_tail
3036,YP_009977510.1,major_tail
3037,YP_009963508.1,major_tail
3038,YP_009961309.1,major_tail
3039,YP_009976424.1,major_tail
3040,YP_009981277.1,major_tail
3041,YP_010101025.1,major_tail
3042,YP_009980356.1,major_tail
3043,YP_009961525.1,major_tail
3044,YP_009955722.1,major_tail
3045,YP_009977878.1,major_tail
3046,YP_009961109.1,major_tail
3047,YP_009962884.1,major_tail
3048,YP_009956890.1,major_tail
3049,YP_009980531.1,major_tail
3050,YP_009980810.1,major_tail
3051,YP_009981461.1,major_tail
3052,YP_009961416.1,major_tail
3053,YP_009976512.1,major_tail
3054,YP_009976980.1,major_tail
3055,YP_009959276.1,major_tail
3056,YP_009956150.1,major_tail
3057,YP_009976597.1,major_tail
3058,YP_009958356.1,major_tail
3059,YP_009960387.1,major_tail
3060,YP_009978434.1,major_tail
3061,YP_009957204.1,major_tail
3062,YP_009958457.1,major_tail
3063,YP_009978810.1,major_tail
3064,YP_009959782.1,major_tail
3065,YP_009959884.1,major_tail
3066,YP_009962990.1,major_tail
3067,YP_009954698.1,major_tail
3068,YP_009955419.1,major_tail
3069,YP_009956353.1,major_tail
3070,YP_009956784.1,major_tail
3071,YP_010105199.1,major_tail
3072,YP_009980900.1,major_tail
3073,YP_009981181.1,major_tail
3074,YP_009962671.1,major_tail
3075,YP_009976885.1,major_tail
3076,YP_009976786.1,major_tail
3077,YP_009957940.1,major_tail
3078,YP_009959077.1,major_tail
3079,YP_009954907.1,major_tail
3080,YP_009963101.1,major_tail
3081,YP_009956249.1,major_tail
3082,YP_009979083.1,major_tail
3083,YP_009999771.1,major_tail
3084,YP_009978527.1,major_tail
3085,YP_009979627.1,major_tail
3086,YP_009999813.1,major_tail
3087,YP_009999886.1,major_tail
3088,YP_009978155.1,major_tail
3089,YP_009979266.1,major_tail
3090,YP_009960077.1,major_tail
3091,YP_009960185.1,major_tail
3092,YP_009961942.1,major_tail
3093,YP_009594652.1,major_tail
3094,YP_009981363.1,major_tail
3095,YP_009962250.1,major_tail
3096,YP_009955618.1,major_tail
3097,YP_009957105.1,major_tail
3098,YP_010113795.1,major_tail
3099,YP_024980.1,major_tail
3100,YP_009153040.1,major_tail
3101,YP_009148720.1,major_tail
3102,YP_009794592.1,major_tail
3103,YP_009101279.1,major_tail
3104,YP_001994753.1,major_tail
3105,YP_004123833.1,major_tail
3106,YP_009100123.1,major_tail
3107,YP_009014889.1,major_tail
3108,YP_009018249.1,major_tail
3109,YP_002014228.1,major_tail
3110,YP_001994842.1,major_tail
3111,YP_003358725.1,major_tail
3112,YP_005086970.1,major_tail
3113,YP_007005385.1,major_tail
3114,YP_009011928.1,major_tail
3115,YP_009013213.1,major_tail
3116,YP_009013477.1,major_tail
3117,YP_009013666.1,major_tail
3118,YP_009014410.1,major_tail
3119,YP_009016008.1,major_tail
3120,YP_009016090.1,major_tail
3121,YP_009016379.1,major_tail
3122,YP_009016716.1,major_tail
3123,YP_009016901.1,major_tail
3124,YP_009018887.1,major_tail
3125,YP_009150884.1,major_tail
3126,YP_007005613.1,major_tail
3127,YP_009958053.1,major_tail
3128,YP_001491591.1,major_tail
3129,YP_002223962.1,major_tail
3130,YP_002941871.1,major_tail
3131,YP_009019098.1,major_tail
3132,YP_008126602.1,major_tail
3133,YP_008126262.1,major_tail
3134,YP_008051137.1,major_tail
3135,YP_008410686.1,major_tail
3136,YP_008409549.1,major_tail
3137,YP_008410580.1,major_tail
3138,YP_008409753.1,major_tail
3139,YP_008408672.1,major_tail
3140,YP_008530486.1,major_tail
3141,YP_008410888.1,major_tail
3142,YP_008530999.1,major_tail
3143,YP_009004472.1,major_tail
3144,YP_009032067.1,major_tail
3145,YP_009032507.1,major_tail
3146,YP_009125865.1,major_tail
3147,YP_009198449.1,major_tail
3148,YP_009198237.1,major_tail
3149,YP_009195122.1,major_tail
3150,YP_009125292.1,major_tail
3151,YP_009209411.1,major_tail
3152,YP_009200638.1,major_tail
3153,YP_009203294.1,major_tail
3154,YP_009202292.1,major_tail
3155,YP_009203083.1,major_tail
3156,YP_009204204.1,major_tail
3157,YP_009209496.1,major_tail
3158,YP_009198050.1,major_tail
3159,YP_009212653.1,major_tail
3160,YP_009197600.1,major_tail
3161,YP_009199536.1,major_tail
3162,YP_009202401.1,major_tail
3163,YP_009197009.1,major_tail
3164,YP_009205059.1,major_tail
3165,YP_009205480.1,major_tail
3166,YP_009189733.1,major_tail
3167,YP_009300704.1,major_tail
3168,YP_009300706.1,major_tail
3169,YP_009303573.1,major_tail
3170,YP_009303850.1,major_tail
3171,YP_009304271.1,major_tail
3172,YP_009268946.1,major_tail
3173,YP_009269323.1,major_tail
3174,YP_009275372.1,major_tail
3175,YP_009273950.1,major_tail
3176,YP_009292527.1,major_tail
3177,YP_009290215.1,major_tail
3178,YP_009286699.1,major_tail
3179,YP_009292403.1,major_tail
3180,YP_009285966.1,major_tail
3181,YP_009277936.1,major_tail
3182,YP_009281636.1,major_tail
3183,YP_009013109.1,major_tail
3184,YP_009011353.1,major_tail
3185,YP_001994480.1,major_tail
3186,YP_001994662.1,major_tail
3187,YP_001994569.1,major_tail
3188,YP_003857144.1,major_tail
3189,YP_004538957.1,major_tail
3190,YP_009013742.1,major_tail
3191,YP_009017238.1,major_tail
3192,YP_009269045.1,major_tail
3193,YP_010013783.1,major_tail
3194,YP_010013632.1,major_tail
3195,YP_009957523.1,major_tail
3196,YP_009963612.1,major_tail
3197,YP_009622609.1,major_tail
3198,YP_009622616.1,major_tail
3199,YP_009800170.1,major_tail
3200,YP_009800316.1,major_tail
3201,YP_009801998.1,major_tail
3202,YP_009801569.1,major_tail
3203,YP_009801769.1,major_tail
3204,YP_009803134.1,major_tail
3205,YP_009838999.1,major_tail
3206,YP_009839230.1,major_tail
3207,YP_009807597.1,major_tail
3208,YP_009812633.1,major_tail
3209,YP_009840829.1,major_tail
3210,YP_009815921.1,major_tail
3211,YP_009817044.1,major_tail
3212,YP_009996794.1,major_tail
3213,YP_009996593.1,major_tail
3214,YP_009996769.1,major_tail
3215,YP_009996719.1,major_tail
3216,YP_009996821.1,major_tail
3217,YP_009996668.1,major_tail
3218,YP_009996618.1,major_tail
3219,YP_009996694.1,major_tail
3220,YP_009996744.1,major_tail
3221,YP_009996643.1,major_tail
3222,YP_009997639.1,major_tail
3223,YP_010050606.1,major_tail
3224,YP_010050955.1,major_tail
3225,YP_010101238.1,major_tail
3226,YP_010106727.1,major_tail
3227,YP_010106808.1,major_tail
3228,YP_009829887.1,major_tail
3229,NP_958543.1,major_tail
3230,YP_001039840.1,major_tail
3231,YP_004306112.1,major_tail
3232,YP_008129850.1,major_tail
3233,YP_009784207.1,major_tail
3234,YP_009786108.1,major_tail
3235,YP_009786308.1,major_tail
3236,YP_009788107.1,major_tail
3237,YP_009788162.1,major_tail
3238,YP_009788216.1,major_tail
3239,YP_009788272.1,major_tail
3240,YP_010083377.1,major_tail
3241,YP_009914720.1,major_tail
3242,YP_010062147.1,major_tail
3243,YP_009878327.1,major_tail
3244,YP_009796734.1,major_tail
3245,YP_009796793.1,major_tail
3246,YP_009796846.1,major_tail
3247,YP_009797162.1,major_tail
3248,YP_009799581.1,major_tail
3249,YP_009801495.1,major_tail
3250,YP_009801658.1,major_tail
3251,YP_009802698.1,major_tail
3252,YP_009838524.1,major_tail
3253,YP_009839495.1,major_tail
3254,YP_009839745.1,major_tail
3255,YP_009840229.1,major_tail
3256,YP_009839981.1,major_tail
3257,YP_009812721.1,major_tail
3258,YP_009812924.1,major_tail
3259,YP_009815216.1,major_tail
3260,YP_009815287.1,major_tail
3261,YP_009815356.1,major_tail
3262,YP_009815429.1,major_tail
3263,YP_009815492.1,major_tail
3264,YP_009815564.1,major_tail
3265,YP_009815631.1,major_tail
3266,YP_009818572.1,major_tail
3267,YP_009819785.1,major_tail
3268,YP_010101477.1,major_tail
3269,YP_009821462.1,major_tail
3270,YP_009821468.1,major_tail
3271,YP_009845540.1,major_tail
3272,YP_010079697.1,major_tail
3273,YP_009849051.1,major_tail
3274,YP_009848768.1,major_tail
3275,YP_009848991.1,major_tail
3276,YP_009848937.1,major_tail
3277,YP_010103433.1,major_tail
3278,YP_009847958.1,major_tail
3279,YP_010080431.1,major_tail
3280,YP_010103947.1,major_tail
3281,YP_009884416.1,major_tail
3282,YP_010104152.1,major_tail
3283,YP_010104820.1,major_tail
3284,YP_009949306.1,major_tail
3285,YP_010107454.1,major_tail
3286,YP_010245877.1,major_tail
3287,YP_010246267.1,major_tail
3288,YP_010246006.1,major_tail
3289,YP_010246681.1,major_tail
3290,YP_010246136.1,major_tail
3291,YP_010246410.1,major_tail
3292,YP_010246540.1,major_tail
3293,YP_009831526.1,minor_capsid
3294,YP_009857437.1,minor_capsid
3295,YP_003358794.1,minor_capsid
3296,YP_009003377.1,minor_capsid
3297,YP_009103070.1,minor_capsid
3298,YP_009188837.1,minor_capsid
3299,YP_009961518.1,minor_capsid
3300,YP_009909571.1,minor_capsid
3301,YP_008772087.1,minor_capsid
3302,YP_007392278.1,minor_capsid
3303,YP_238489.1,minor_capsid
3304,YP_010082172.1,minor_capsid
3305,YP_010082443.1,minor_capsid
3306,YP_010082262.1,minor_capsid
3307,YP_010082349.1,minor_capsid
3308,YP_009604021.1,minor_capsid
3309,YP_008320494.1,minor_capsid
3310,YP_008241015.1,minor_capsid
3311,YP_008241354.1,minor_capsid
3312,YP_008240950.1,minor_capsid
3313,YP_009603974.1,minor_capsid
3314,YP_009103726.1,minor_capsid
3315,YP_009226057.1,minor_capsid
3316,YP_009594356.1,minor_capsid
3317,YP_009610230.1,minor_capsid
3318,YP_010001641.1,minor_capsid
3319,YP_010001724.1,minor_capsid
3320,NP_108711.1,minor_capsid
3321,NP_695154.1,minor_capsid
3322,NP_695162.1,minor_capsid
3323,NP_695165.1,minor_capsid
3324,NP_695168.1,minor_capsid
3325,NP_663673.1,minor_capsid
3326,YP_008798254.1,minor_capsid
3327,YP_008771465.1,minor_capsid
3328,YP_009204847.1,minor_capsid
3329,YP_009210457.1,minor_capsid
3330,YP_009210458.1,minor_capsid
3331,YP_009322093.1,minor_capsid
3332,YP_009279508.1,minor_capsid
3333,YP_009279509.1,minor_capsid
3334,YP_009286352.1,minor_capsid
3335,YP_009286353.1,minor_capsid
3336,YP_010051221.1,minor_capsid
3337,YP_010109851.1,minor_capsid
3338,YP_006987965.1,minor_capsid
3339,NP_438149.1,minor_capsid
3340,YP_009788546.1,minor_capsid
3341,YP_009788739.1,minor_capsid
3342,YP_024703.1,minor_capsid
3343,YP_009837341.1,minor_capsid
3344,YP_009837342.1,minor_capsid
3345,YP_009840461.1,minor_capsid
3346,YP_009840462.1,minor_capsid
3347,YP_009808900.1,minor_capsid
3348,YP_009809778.1,minor_capsid
3349,YP_009809254.1,minor_capsid
3350,YP_009817036.1,minor_capsid
3351,YP_009852374.1,minor_capsid
3352,YP_009852573.1,minor_capsid
3353,YP_009852472.1,minor_capsid
3354,YP_009852671.1,minor_capsid
3355,YP_009887273.1,minor_capsid
3356,YP_009777940.1,minor_capsid
3357,YP_009777986.1,minor_capsid
3358,YP_009777794.1,minor_capsid
3359,YP_009810332.1,minor_capsid
3360,YP_007392796.1,minor_capsid
3361,YP_007392340.1,minor_capsid
3362,YP_007392736.1,minor_capsid
3363,YP_007392437.1,minor_capsid
3364,NP_938235.1,minor_capsid
3365,YP_001285881.1,minor_capsid
3366,NP_463471.1,minor_capsid
3367,YP_001468396.1,minor_capsid
3368,YP_001285358.1,minor_capsid
3369,YP_239723.1,minor_capsid
3370,NP_150170.1,minor_capsid
3371,YP_001642374.1,minor_capsid
3372,YP_224033.1,minor_capsid
3373,YP_239568.1,minor_capsid
3374,YP_239645.1,minor_capsid
3375,YP_529872.1,minor_capsid
3376,YP_950452.1,minor_capsid
3377,YP_001469156.1,minor_capsid
3378,YP_001469208.1,minor_capsid
3379,YP_001110833.1,minor_capsid
3380,YP_008767176.1,minor_capsid
3381,YP_008767004.1,minor_capsid
3382,YP_001111204.1,minor_capsid
3383,YP_002332452.1,minor_capsid
3384,YP_002332342.1,minor_capsid
3385,YP_002154382.1,minor_capsid
3386,YP_002221417.1,minor_capsid
3387,YP_002925105.1,minor_capsid
3388,YP_003347499.1,minor_capsid
3389,YP_003347329.1,minor_capsid
3390,YP_009168784.1,minor_capsid
3391,YP_009168836.1,minor_capsid
3392,YP_009597284.1,minor_capsid
3393,YP_009597335.1,minor_capsid
3394,YP_009822207.1,minor_capsid
3395,YP_004301279.1,minor_capsid
3396,YP_010079785.1,minor_capsid
3397,YP_004508388.1,minor_capsid
3398,YP_009591716.1,minor_capsid
3399,YP_005098130.1,minor_capsid
3400,YP_007236600.1,minor_capsid
3401,YP_007010974.1,minor_capsid
3402,YP_006560527.1,minor_capsid
3403,YP_007010458.1,minor_capsid
3404,YP_006382287.1,minor_capsid
3405,YP_009617923.1,minor_capsid
3406,YP_006906954.1,minor_capsid
3407,YP_009608685.1,minor_capsid
3408,YP_009608560.1,minor_capsid
3409,YP_010079747.1,minor_capsid
3410,YP_007010603.1,minor_capsid
3411,YP_007392851.1,minor_capsid
3412,YP_006990335.1,minor_capsid
3413,YP_009606432.1,minor_capsid
3414,YP_009226315.1,minor_capsid
3415,YP_009220061.1,minor_capsid
3416,YP_008858639.1,minor_capsid
3417,YP_008239715.1,minor_capsid
3418,YP_008241887.1,minor_capsid
3419,YP_008240330.1,minor_capsid
3420,YP_009055255.1,minor_capsid
3421,YP_008772046.1,minor_capsid
3422,YP_009032146.1,minor_capsid
3423,YP_009035496.1,minor_capsid
3424,YP_009044680.1,minor_capsid
3425,YP_009035142.1,minor_capsid
3426,YP_009009929.1,minor_capsid
3427,YP_009042209.1,minor_capsid
3428,YP_009218423.1,minor_capsid
3429,YP_009152335.1,minor_capsid
3430,YP_009102827.1,minor_capsid
3431,YP_009125673.1,minor_capsid
3432,YP_009216671.1,minor_capsid
3433,YP_009219405.1,minor_capsid
3434,YP_009208364.1,minor_capsid
3435,YP_009214138.1,minor_capsid
3436,YP_009206122.1,minor_capsid
3437,YP_009214184.1,minor_capsid
3438,YP_009191589.1,minor_capsid
3439,YP_009593387.1,minor_capsid
3440,YP_009215019.1,minor_capsid
3441,YP_009191540.1,minor_capsid
3442,YP_009273659.1,minor_capsid
3443,YP_009274619.1,minor_capsid
3444,YP_009289743.1,minor_capsid
3445,YP_009280130.1,minor_capsid
3446,YP_009833662.1,minor_capsid
3447,YP_009833663.1,minor_capsid
3448,YP_009597535.1,minor_capsid
3449,YP_010081945.1,minor_capsid
3450,YP_009788106.1,minor_capsid
3451,YP_009788161.1,minor_capsid
3452,YP_009788214.1,minor_capsid
3453,YP_009788215.1,minor_capsid
3454,YP_009788271.1,minor_capsid
3455,YP_009966366.1,minor_capsid
3456,YP_010081624.1,minor_capsid
3457,YP_009615278.1,minor_capsid
3458,YP_009620083.1,minor_capsid
3459,YP_009702217.1,minor_capsid
3460,YP_010079523.1,minor_capsid
3461,YP_009797055.1,minor_capsid
3462,YP_009797277.1,minor_capsid
3463,YP_009797284.1,minor_capsid
3464,YP_009797326.1,minor_capsid
3465,YP_009790277.1,minor_capsid
3466,YP_009812349.1,minor_capsid
3467,YP_009812922.1,minor_capsid
3468,YP_009812923.1,minor_capsid
3469,YP_010081595.1,minor_capsid
3470,YP_010081753.1,minor_capsid
3471,YP_010081784.1,minor_capsid
3472,YP_010081888.1,minor_capsid
3473,YP_009819784.1,minor_capsid
3474,YP_010079688.1,minor_capsid
3475,YP_010081972.1,minor_capsid
3476,YP_009884413.1,minor_capsid
3477,YP_010079583.1,minor_capsid
3478,YP_002332514.1,minor_capsid
3479,YP_010052430.1,minor_capsid
3480,YP_010052536.1,minor_capsid
3481,YP_010299393.1,minor_capsid
3482,YP_009795322.1,minor_tail
3483,YP_009836980.1,minor_tail
3484,YP_010062734.1,minor_tail
3485,YP_010063083.1,minor_tail
3486,YP_010050721.1,minor_tail
3487,YP_010062644.1,minor_tail
3488,YP_010050644.1,minor_tail
3489,YP_009963621.1,minor_tail
3490,YP_009950082.1,minor_tail
3491,YP_009625602.1,minor_tail
3492,YP_009806795.1,minor_tail
3493,YP_009806797.1,minor_tail
3494,YP_009815150.1,minor_tail
3495,YP_009815152.1,minor_tail
3496,YP_009884500.1,minor_tail
3497,YP_009852383.1,minor_tail
3498,YP_009852582.1,minor_tail
3499,YP_009852481.1,minor_tail
3500,YP_009852680.1,minor_tail
3501,YP_009853984.1,minor_tail
3502,YP_009853778.1,minor_tail
3503,YP_009909725.1,minor_tail
3504,YP_010002510.1,minor_tail
3505,YP_010002874.1,minor_tail
3506,YP_010002785.1,minor_tail
3507,YP_010002254.1,minor_tail
3508,YP_010002424.1,minor_tail
3509,YP_010002590.1,minor_tail
3510,YP_010013517.1,minor_tail
3511,YP_010050811.1,minor_tail
3512,YP_010050816.1,minor_tail
3513,YP_010050959.1,minor_tail
3514,YP_010050964.1,minor_tail
3515,YP_010050891.1,minor_tail
3516,YP_010050896.1,minor_tail
3517,YP_010051040.1,minor_tail
3518,YP_010089216.1,minor_tail
3519,YP_010109571.1,minor_tail
3520,YP_009950175.1,minor_tail
3521,YP_009841043.1,minor_tail
3522,YP_009841044.1,minor_tail
3523,YP_224164.1,minor_tail
3524,YP_001449306.1,minor_tail
3525,YP_009909254.1,minor_tail
3526,YP_001272528.1,minor_tail
3527,YP_002274200.1,minor_tail
3528,YP_009909179.1,minor_tail
3529,YP_009909101.1,minor_tail
3530,YP_009909409.1,minor_tail
3531,YP_009909331.1,minor_tail
3532,YP_006906045.1,minor_tail
3533,YP_006906465.1,minor_tail
3534,YP_006906559.1,minor_tail
3535,YP_006907016.1,minor_tail
3536,YP_006907148.1,minor_tail
3537,YP_006906420.1,minor_tail
3538,YP_006906512.1,minor_tail
3539,YP_006906606.1,minor_tail
3540,YP_006906915.1,minor_tail
3541,YP_006907102.1,minor_tail
3542,YP_009963941.1,minor_tail
3543,YP_009958559.1,minor_tail
3544,YP_009979992.1,minor_tail
3545,YP_009963417.1,minor_tail
3546,YP_009977339.1,minor_tail
3547,YP_009955036.1,minor_tail
3548,YP_009962374.1,minor_tail
3549,YP_009962167.1,minor_tail
3550,YP_009958670.1,minor_tail
3551,YP_009962580.1,minor_tail
3552,YP_009956582.1,minor_tail
3553,YP_009961851.1,minor_tail
3554,YP_009981091.1,minor_tail
3555,YP_009963207.1,minor_tail
3556,YP_009955840.1,minor_tail
3557,YP_009963721.1,minor_tail
3558,YP_009963724.1,minor_tail
3559,YP_009978352.1,minor_tail
3560,YP_009961021.1,minor_tail
3561,YP_010061332.1,minor_tail
3562,YP_009960709.1,minor_tail
3563,YP_009964052.1,minor_tail
3564,YP_009976258.1,minor_tail
3565,YP_009980177.1,minor_tail
3566,YP_009977982.1,minor_tail
3567,YP_009961641.1,minor_tail
3568,YP_009954400.1,minor_tail
3569,YP_009980720.1,minor_tail
3570,YP_009976166.1,minor_tail
3571,YP_009977704.1,minor_tail
3572,YP_009978255.1,minor_tail
3573,YP_009978262.1,minor_tail
3574,YP_009979454.1,minor_tail
3575,YP_009977422.1,minor_tail
3576,YP_009978911.1,minor_tail
3577,YP_009960919.1,minor_tail
3578,YP_009837974.1,minor_tail
3579,YP_010095424.1,minor_tail
3580,YP_009959489.1,minor_tail
3581,YP_009959490.1,minor_tail
3582,YP_009979546.1,minor_tail
3583,YP_010096907.1,minor_tail
3584,YP_009978998.1,minor_tail
3585,YP_009960810.1,minor_tail
3586,YP_009962064.1,minor_tail
3587,YP_009979818.1,minor_tail
3588,YP_009909782.1,minor_tail
3589,YP_009957844.1,minor_tail
3590,YP_009823969.1,minor_tail
3591,YP_009980997.1,minor_tail
3592,YP_009839502.1,minor_tail
3593,YP_009839752.1,minor_tail
3594,YP_009957741.1,minor_tail
3595,YP_009957742.1,minor_tail
3596,YP_009979728.1,minor_tail
3597,YP_009840236.1,minor_tail
3598,YP_009839988.1,minor_tail
3599,YP_009977796.1,minor_tail
3600,YP_009957426.1,minor_tail
3601,YP_009841201.1,minor_tail
3602,YP_009808376.1,minor_tail
3603,YP_009958977.1,minor_tail
3604,YP_009955135.1,minor_tail
3605,YP_009979180.1,minor_tail
3606,YP_009960496.1,minor_tail
3607,YP_009960497.1,minor_tail
3608,YP_009815361.1,minor_tail
3609,YP_009959183.1,minor_tail
3610,YP_009959184.1,minor_tail
3611,YP_009963520.1,minor_tail
3612,YP_009961321.1,minor_tail
3613,YP_009981284.1,minor_tail
3614,YP_010101037.1,minor_tail
3615,YP_009980363.1,minor_tail
3616,YP_009961532.1,minor_tail
3617,YP_010101682.1,minor_tail
3618,YP_009820560.1,minor_tail
3619,YP_009980538.1,minor_tail
3620,YP_010060281.1,minor_tail
3621,YP_010001247.1,minor_tail
3622,YP_010062995.1,minor_tail
3623,YP_009981468.1,minor_tail
3624,YP_009822316.1,minor_tail
3625,YP_009848837.1,minor_tail
3626,YP_009848838.1,minor_tail
3627,YP_009976520.1,minor_tail
3628,YP_010060048.1,minor_tail
3629,YP_009959288.1,minor_tail
3630,YP_010103821.1,minor_tail
3631,YP_010001166.1,minor_tail
3632,YP_010104161.1,minor_tail
3633,YP_010104827.1,minor_tail
3634,YP_009958466.1,minor_tail
3635,YP_010059523.1,minor_tail
3636,YP_010061046.1,minor_tail
3637,YP_009962683.1,minor_tail
3638,YP_009976893.1,minor_tail
3639,YP_009856204.1,minor_tail
3640,YP_009856205.1,minor_tail
3641,YP_009956261.1,minor_tail
3642,YP_010107461.1,minor_tail
3643,YP_009979090.1,minor_tail
3644,YP_009909581.1,minor_tail
3645,YP_009909915.1,minor_tail
3646,YP_009909655.1,minor_tail
3647,YP_009910055.1,minor_tail
3648,YP_009963838.1,minor_tail
3649,YP_009981370.1,minor_tail
3650,YP_009962262.1,minor_tail
3651,YP_009837097.1,minor_tail
3652,YP_009841691.1,minor_tail
3653,YP_010246275.1,minor_tail
3654,YP_010002871.1,minor_tail
3655,YP_010002782.1,minor_tail
3656,YP_009955324.1,minor_tail
3657,YP_008408817.1,minor_tail
3658,YP_010001494.1,minor_tail
3659,YP_010001412.1,minor_tail
3660,YP_010012401.1,minor_tail
3661,YP_010049633.1,minor_tail
3662,YP_009841047.1,minor_tail
3663,YP_009956046.1,minor_tail
3664,YP_009963411.1,minor_tail
3665,YP_009955030.1,minor_tail
3666,YP_009962368.1,minor_tail
3667,YP_009962161.1,minor_tail
3668,YP_009958667.1,minor_tail
3669,YP_009961212.1,minor_tail
3670,YP_009962581.1,minor_tail
3671,YP_009963201.1,minor_tail
3672,YP_010055309.1,minor_tail
3673,YP_010055230.1,minor_tail
3674,YP_010055388.1,minor_tail
3675,YP_009955834.1,minor_tail
3676,YP_010055150.1,minor_tail
3677,YP_009960703.1,minor_tail
3678,YP_009961635.1,minor_tail
3679,YP_009961642.1,minor_tail
3680,YP_009954394.1,minor_tail
3681,YP_009959991.1,minor_tail
3682,YP_009955935.1,minor_tail
3683,YP_009837976.1,minor_tail
3684,YP_009954805.1,minor_tail
3685,YP_009959483.1,minor_tail
3686,YP_010054663.1,minor_tail
3687,YP_009960811.1,minor_tail
3688,YP_009962058.1,minor_tail
3689,YP_009957838.1,minor_tail
3690,YP_010013248.1,minor_tail
3691,YP_010055073.1,minor_tail
3692,YP_009957420.1,minor_tail
3693,YP_009958971.1,minor_tail
3694,YP_009955129.1,minor_tail
3695,YP_009960490.1,minor_tail
3696,YP_009954496.1,minor_tail
3697,YP_009959177.1,minor_tail
3698,YP_009957006.1,minor_tail
3699,YP_009963302.1,minor_tail
3700,YP_009963514.1,minor_tail
3701,YP_010060138.1,minor_tail
3702,YP_010100834.1,minor_tail
3703,YP_009961315.1,minor_tail
3704,YP_009961533.1,minor_tail
3705,YP_009955728.1,minor_tail
3706,YP_009961115.1,minor_tail
3707,YP_009962890.1,minor_tail
3708,YP_010101484.1,minor_tail
3709,YP_009956896.1,minor_tail
3710,YP_010055470.1,minor_tail
3711,YP_010001246.1,minor_tail
3712,YP_009822315.1,minor_tail
3713,YP_009961423.1,minor_tail
3714,YP_009848841.1,minor_tail
3715,YP_010103440.1,minor_tail
3716,YP_009959282.1,minor_tail
3717,YP_010102945.1,minor_tail
3718,YP_009956157.1,minor_tail
3719,YP_010103954.1,minor_tail
3720,YP_010013366.1,minor_tail
3721,YP_009958363.1,minor_tail
3722,YP_009960393.1,minor_tail
3723,YP_009853890.1,minor_tail
3724,YP_010059528.1,minor_tail
3725,YP_009853686.1,minor_tail
3726,YP_009955425.1,minor_tail
3727,YP_009956359.1,minor_tail
3728,YP_009956790.1,minor_tail
3729,YP_010105205.1,minor_tail
3730,YP_009962677.1,minor_tail
3731,YP_009957946.1,minor_tail
3732,YP_009856208.1,minor_tail
3733,YP_009956255.1,minor_tail
3734,YP_009956262.1,minor_tail
3735,YP_010055554.1,minor_tail
3736,YP_010110074.1,minor_tail
3737,YP_010109958.1,minor_tail
3738,YP_009957529.1,minor_tail
3739,YP_009958152.1,minor_tail
3740,YP_009960191.1,minor_tail
3741,YP_010054825.1,minor_tail
3742,YP_010054907.1,minor_tail
3743,YP_009961948.1,minor_tail
3744,YP_009962256.1,minor_tail
3745,YP_009955625.1,minor_tail
3746,YP_009957112.1,minor_tail
3747,YP_010113801.1,minor_tail
3748,YP_006990134.1,minor_tail
3749,YP_009952263.1,minor_tail
3750,YP_009950459.1,minor_tail
3751,YP_009950463.1,minor_tail
3752,YP_009954004.1,minor_tail
3753,YP_009954008.1,minor_tail
3754,YP_009952537.1,minor_tail
3755,YP_009951692.1,minor_tail
3756,YP_009951789.1,minor_tail
3757,YP_009951394.1,minor_tail
3758,YP_009953906.1,minor_tail
3759,YP_009953910.1,minor_tail
3760,YP_009951201.1,minor_tail
3761,YP_009951886.1,minor_tail
3762,YP_009951980.1,minor_tail
3763,YP_009953217.1,minor_tail
3764,YP_009952814.1,minor_tail
3765,YP_009952818.1,minor_tail
3766,YP_009952617.1,minor_tail
3767,YP_009952621.1,minor_tail
3768,YP_009953319.1,minor_tail
3769,YP_009953323.1,minor_tail
3770,YP_009950827.1,minor_tail
3771,YP_009952357.1,minor_tail
3772,YP_009952361.1,minor_tail
3773,YP_009963617.1,minor_tail
3774,YP_009963619.1,minor_tail
3775,YP_009950733.1,minor_tail
3776,YP_009952452.1,minor_tail
3777,YP_009952456.1,minor_tail
3778,YP_009955323.1,minor_tail
3779,YP_009955325.1,minor_tail
3780,YP_009955326.1,minor_tail
3781,YP_009952715.1,minor_tail
3782,YP_009952719.1,minor_tail
3783,YP_009950919.1,minor_tail
3784,YP_009950081.1,minor_tail
3785,YP_009949694.1,minor_tail
3786,YP_009953810.1,minor_tail
3787,YP_009953814.1,minor_tail
3788,YP_009950317.1,minor_tail
3789,YP_009950320.1,minor_tail
3790,YP_009953111.1,minor_tail
3791,YP_009953113.1,minor_tail
3792,YP_009953117.1,minor_tail
3793,YP_009953610.1,minor_tail
3794,YP_009953614.1,minor_tail
3795,YP_009950555.1,minor_tail
3796,YP_009952073.1,minor_tail
3797,YP_009954102.1,minor_tail
3798,YP_009954300.1,minor_tail
3799,YP_009954304.1,minor_tail
3800,YP_009953517.1,minor_tail
3801,YP_009953521.1,minor_tail
3802,YP_009951301.1,minor_tail
3803,YP_009949974.1,minor_tail
3804,YP_009950365.1,minor_tail
3805,YP_009950369.1,minor_tail
3806,YP_009951590.1,minor_tail
3807,YP_009953412.1,minor_tail
3808,YP_009953414.1,minor_tail
3809,YP_009953418.1,minor_tail
3810,YP_009952910.1,minor_tail
3811,YP_009952914.1,minor_tail
3812,YP_009952165.1,minor_tail
3813,YP_655535.2,minor_tail
3814,YP_001837078.1,minor_tail
3815,YP_007675034.1,minor_tail
3816,YP_007675388.1,minor_tail
3817,YP_008061152.1,minor_tail
3818,YP_009637360.1,minor_tail
3819,YP_009637366.1,minor_tail
3820,YP_009614351.1,minor_tail
3821,YP_009211829.1,minor_tail
3822,YP_009211830.1,minor_tail
3823,YP_009614043.1,minor_tail
3824,YP_009614047.1,minor_tail
3825,YP_009638016.1,minor_tail
3826,YP_009014292.1,minor_tail
3827,YP_009014293.1,minor_tail
3828,YP_009017908.1,minor_tail
3829,YP_009016596.1,minor_tail
3830,YP_009016820.1,minor_tail
3831,YP_009016821.1,minor_tail
3832,YP_009208579.1,minor_tail
3833,YP_009208580.1,minor_tail
3834,YP_009018441.1,minor_tail
3835,YP_009018442.1,minor_tail
3836,YP_005087141.1,minor_tail
3837,YP_004957456.1,minor_tail
3838,YP_006560767.1,minor_tail
3839,YP_006561142.1,minor_tail
3840,YP_007112626.1,minor_tail
3841,YP_007007972.1,minor_tail
3842,YP_009638581.1,minor_tail
3843,YP_009638587.1,minor_tail
3844,YP_006990428.1,minor_tail
3845,YP_009189269.1,minor_tail
3846,YP_009189270.1,minor_tail
3847,YP_009601872.1,minor_tail
3848,YP_008061624.1,minor_tail
3849,YP_008060935.1,minor_tail
3850,YP_008061391.1,minor_tail
3851,YP_008061399.1,minor_tail
3852,YP_008129773.1,minor_tail
3853,YP_008129777.1,minor_tail
3854,YP_009221261.1,minor_tail
3855,YP_008409225.1,minor_tail
3856,YP_008409226.1,minor_tail
3857,YP_008530620.1,minor_tail
3858,YP_008530621.1,minor_tail
3859,YP_008530624.1,minor_tail
3860,YP_008409856.1,minor_tail
3861,YP_008409857.1,minor_tail
3862,YP_008409858.1,minor_tail
3863,YP_009005678.1,minor_tail
3864,YP_009005679.1,minor_tail
3865,YP_009004578.1,minor_tail
3866,YP_009031762.1,minor_tail
3867,YP_009190087.1,minor_tail
3868,YP_009190088.1,minor_tail
3869,YP_009187541.1,minor_tail
3870,YP_009187542.1,minor_tail
3871,YP_009009675.1,minor_tail
3872,YP_009103728.1,minor_tail
3873,YP_009031599.1,minor_tail
3874,YP_009043305.1,minor_tail
3875,YP_009043306.1,minor_tail
3876,YP_009031151.1,minor_tail
3877,YP_009031152.1,minor_tail
3878,YP_009043622.1,minor_tail
3879,YP_009215623.1,minor_tail
3880,YP_009191125.1,minor_tail
3881,YP_009055299.1,minor_tail
3882,YP_009784968.1,minor_tail
3883,YP_009125774.1,minor_tail
3884,YP_009125780.1,minor_tail
3885,YP_009194771.1,minor_tail
3886,YP_009207598.1,minor_tail
3887,YP_009224028.1,minor_tail
3888,YP_009220349.1,minor_tail
3889,YP_009215325.1,minor_tail
3890,YP_009200136.1,minor_tail
3891,YP_009219173.1,minor_tail
3892,YP_009210885.1,minor_tail
3893,YP_009210886.1,minor_tail
3894,YP_009193484.1,minor_tail
3895,YP_009193485.1,minor_tail
3896,YP_009193486.1,minor_tail
3897,YP_009202653.1,minor_tail
3898,YP_009202658.1,minor_tail
3899,YP_009202659.1,minor_tail
3900,YP_009283415.1,minor_tail
3901,YP_009848601.1,minor_tail
3902,YP_009785275.1,minor_tail
3903,YP_009604255.1,minor_tail
3904,YP_009213483.1,minor_tail
3905,YP_009213487.1,minor_tail
3906,YP_009213512.1,minor_tail
3907,YP_009616306.1,minor_tail
3908,YP_009616310.1,minor_tail
3909,YP_009616334.1,minor_tail
3910,YP_009191223.1,minor_tail
3911,YP_009191224.1,minor_tail
3912,YP_009616366.1,minor_tail
3913,YP_009616367.1,minor_tail
3914,YP_009214946.1,minor_tail
3915,YP_009214947.1,minor_tail
3916,YP_009189676.1,minor_tail
3917,YP_009200905.1,minor_tail
3918,YP_009602450.1,minor_tail
3919,YP_009602451.1,minor_tail
3920,YP_009602453.1,minor_tail
3921,YP_009602512.1,minor_tail
3922,YP_009602513.1,minor_tail
3923,YP_009602515.1,minor_tail
3924,YP_009602575.1,minor_tail
3925,YP_009602576.1,minor_tail
3926,YP_009602578.1,minor_tail
3927,YP_009602635.1,minor_tail
3928,YP_009602636.1,minor_tail
3929,YP_009602638.1,minor_tail
3930,YP_009602699.1,minor_tail
3931,YP_009602700.1,minor_tail
3932,YP_009602702.1,minor_tail
3933,YP_009602762.1,minor_tail
3934,YP_009602763.1,minor_tail
3935,YP_009602765.1,minor_tail
3936,YP_009602766.1,minor_tail
3937,YP_009602767.1,minor_tail
3938,YP_009601657.1,minor_tail
3939,YP_009602817.1,minor_tail
3940,YP_009602818.1,minor_tail
3941,YP_009602820.1,minor_tail
3942,YP_009602881.1,minor_tail
3943,YP_009602882.1,minor_tail
3944,YP_009602884.1,minor_tail
3945,YP_009601734.1,minor_tail
3946,YP_009602946.1,minor_tail
3947,YP_009602947.1,minor_tail
3948,YP_009602949.1,minor_tail
3949,YP_009602950.1,minor_tail
3950,YP_009602951.1,minor_tail
3951,YP_009601582.1,minor_tail
3952,YP_009616589.1,minor_tail
3953,YP_009303093.1,minor_tail
3954,YP_009301291.1,minor_tail
3955,YP_009301292.1,minor_tail
3956,YP_009303318.1,minor_tail
3957,YP_009303319.1,minor_tail
3958,YP_009595364.1,minor_tail
3959,YP_009302779.1,minor_tail
3960,YP_009302780.1,minor_tail
3961,YP_009302781.1,minor_tail
3962,YP_009302782.1,minor_tail
3963,YP_009301457.1,minor_tail
3964,YP_009300979.1,minor_tail
3965,YP_009300980.1,minor_tail
3966,YP_009603302.1,minor_tail
3967,YP_009603303.1,minor_tail
3968,YP_009291362.1,minor_tail
3969,YP_009301960.1,minor_tail
3970,YP_009276476.1,minor_tail
3971,YP_009276478.1,minor_tail
3972,YP_009276723.1,minor_tail
3973,YP_009276739.1,minor_tail
3974,YP_009276740.1,minor_tail
3975,YP_009274140.1,minor_tail
3976,YP_009274156.1,minor_tail
3977,YP_009274157.1,minor_tail
3978,YP_009275094.1,minor_tail
3979,YP_009275095.1,minor_tail
3980,YP_009274253.1,minor_tail
3981,YP_009274262.1,minor_tail
3982,YP_009274265.1,minor_tail
3983,YP_009273416.1,minor_tail
3984,YP_009273417.1,minor_tail
3985,YP_009287506.1,minor_tail
3986,YP_009290988.1,minor_tail
3987,YP_009288009.1,minor_tail
3988,YP_009288010.1,minor_tail
3989,YP_009282266.1,minor_tail
3990,YP_009599174.1,minor_tail
3991,YP_009599332.1,minor_tail
3992,YP_009790192.1,minor_tail
3993,YP_009609963.1,minor_tail
3994,YP_009834063.1,minor_tail
3995,YP_009610028.1,minor_tail
3996,YP_009610040.1,minor_tail
3997,YP_009610147.1,minor_tail
3998,YP_009610237.1,minor_tail
3999,YP_009610239.1,minor_tail
4000,YP_009610240.1,minor_tail
4001,YP_009791010.1,minor_tail
4002,YP_009612401.1,minor_tail
4003,YP_009612477.1,minor_tail
4004,YP_009615102.1,minor_tail
4005,YP_009804430.1,minor_tail
4006,YP_009615784.1,minor_tail
4007,YP_009619916.1,minor_tail
4008,YP_009795608.1,minor_tail
4009,YP_009795609.1,minor_tail
4010,YP_009620184.1,minor_tail
4011,YP_009620183.1,minor_tail
4012,YP_009620455.1,minor_tail
4013,YP_009620524.1,minor_tail
4014,YP_009621073.1,minor_tail
4015,YP_009804572.1,minor_tail
4016,YP_009622077.1,minor_tail
4017,YP_009622079.1,minor_tail
4018,YP_009622080.1,minor_tail
4019,YP_009622277.1,minor_tail
4020,YP_009797871.1,minor_tail
4021,YP_009797872.1,minor_tail
4022,YP_009824796.1,minor_tail
4023,YP_009824797.1,minor_tail
4024,YP_009836996.1,minor_tail
4025,YP_009836997.1,minor_tail
4026,YP_009622614.1,minor_tail
4027,YP_009622984.1,minor_tail
4028,YP_009624834.1,minor_tail
4029,YP_009802289.1,minor_tail
4030,YP_009802984.1,minor_tail
4031,YP_009802985.1,minor_tail
4032,YP_009803075.1,minor_tail
4033,YP_009838168.1,minor_tail
4034,YP_009806066.1,minor_tail
4035,YP_009805290.1,minor_tail
4036,YP_009805593.1,minor_tail
4037,YP_009805903.1,minor_tail
4038,YP_009839004.1,minor_tail
4039,YP_009839235.1,minor_tail
4040,YP_009840834.1,minor_tail
4041,YP_009881700.1,minor_tail
4042,YP_009824375.1,minor_tail
4043,YP_009824665.1,minor_tail
4044,YP_009816804.1,minor_tail
4045,YP_009843022.1,minor_tail
4046,YP_009843023.1,minor_tail
4047,YP_009819420.1,minor_tail
4048,YP_009819010.1,minor_tail
4049,YP_009845363.1,minor_tail
4050,YP_009621119.1,minor_tail
4051,YP_009621311.1,minor_tail
4052,YP_009846044.1,minor_tail
4053,YP_009846045.1,minor_tail
4054,YP_009848309.1,minor_tail
4055,YP_009848310.1,minor_tail
4056,YP_009884512.1,minor_tail
4057,YP_009852384.1,minor_tail
4058,YP_009852583.1,minor_tail
4059,YP_009852482.1,minor_tail
4060,YP_009852681.1,minor_tail
4061,YP_009852331.1,minor_tail
4062,YP_009884245.1,minor_tail
4063,YP_009853241.1,minor_tail
4064,YP_009853272.1,minor_tail
4065,YP_009853273.1,minor_tail
4066,YP_009853985.1,minor_tail
4067,YP_006382444.1,minor_tail
4068,YP_009885949.1,minor_tail
4069,YP_009856315.1,minor_tail
4070,YP_009856316.1,minor_tail
4071,YP_009856538.1,minor_tail
4072,YP_009887289.1,minor_tail
4073,YP_009198889.1,minor_tail
4074,YP_009198890.1,minor_tail
4075,YP_009189988.1,minor_tail
4076,YP_009189989.1,minor_tail
4077,YP_009019002.1,minor_tail
4078,YP_009019006.1,minor_tail
4079,YP_009215526.1,minor_tail
4080,YP_009215530.1,minor_tail
4081,YP_010002507.1,minor_tail
4082,YP_010002513.1,minor_tail
4083,YP_010002863.1,minor_tail
4084,YP_010002877.1,minor_tail
4085,YP_010002788.1,minor_tail
4086,YP_010002336.1,minor_tail
4087,YP_010002251.1,minor_tail
4088,YP_010002421.1,minor_tail
4089,YP_010002427.1,minor_tail
4090,YP_010001658.1,minor_tail
4091,YP_010001743.1,minor_tail
4092,YP_009303171.1,minor_tail
4093,YP_009303172.1,minor_tail
4094,YP_009303173.1,minor_tail
4095,YP_009303175.1,minor_tail
4096,YP_010049692.1,minor_tail
4097,YP_010049693.1,minor_tail
4098,YP_010049696.1,minor_tail
4099,YP_010050001.1,minor_tail
4100,YP_010050002.1,minor_tail
4101,YP_010050004.1,minor_tail
4102,YP_010050371.1,minor_tail
4103,YP_010050372.1,minor_tail
4104,YP_010050374.1,minor_tail
4105,YP_010050310.1,minor_tail
4106,YP_010050311.1,minor_tail
4107,YP_010050313.1,minor_tail
4108,YP_010050062.1,minor_tail
4109,YP_010050063.1,minor_tail
4110,YP_010050065.1,minor_tail
4111,YP_010050489.1,minor_tail
4112,YP_010050490.1,minor_tail
4113,YP_010050492.1,minor_tail
4114,YP_010050429.1,minor_tail
4115,YP_010050430.1,minor_tail
4116,YP_010050432.1,minor_tail
4117,YP_010049813.1,minor_tail
4118,YP_010049814.1,minor_tail
4119,YP_010049816.1,minor_tail
4120,YP_010049939.1,minor_tail
4121,YP_010049940.1,minor_tail
4122,YP_010049942.1,minor_tail
4123,YP_010050188.1,minor_tail
4124,YP_010050189.1,minor_tail
4125,YP_010050191.1,minor_tail
4126,YP_010050555.1,minor_tail
4127,YP_010050556.1,minor_tail
4128,YP_010050558.1,minor_tail
4129,YP_010049874.1,minor_tail
4130,YP_010049875.1,minor_tail
4131,YP_010049877.1,minor_tail
4132,YP_010050246.1,minor_tail
4133,YP_010050247.1,minor_tail
4134,YP_010050249.1,minor_tail
4135,YP_010050119.1,minor_tail
4136,YP_010050120.1,minor_tail
4137,YP_010050122.1,minor_tail
4138,YP_010051112.1,minor_tail
4139,YP_010051117.1,minor_tail
4140,YP_010051045.1,minor_tail
4141,YP_010051303.1,minor_tail
4142,YP_010051307.1,minor_tail
4143,YP_010051490.1,minor_tail
4144,YP_010051428.1,minor_tail
4145,YP_010051432.1,minor_tail
4146,YP_010051754.1,minor_tail
4147,YP_010051363.1,minor_tail
4148,YP_010051367.1,minor_tail
4149,YP_010051558.1,minor_tail
4150,YP_010051626.1,minor_tail
4151,YP_010051689.1,minor_tail
4152,YP_010057083.1,minor_tail
4153,YP_010057309.1,minor_tail
4154,YP_010058690.1,minor_tail
4155,YP_010058225.1,minor_tail
4156,YP_010058233.1,minor_tail
4157,YP_010058008.1,minor_tail
4158,YP_010058016.1,minor_tail
4159,YP_010057772.1,minor_tail
4160,YP_010057781.1,minor_tail
4161,YP_010058458.1,minor_tail
4162,YP_010058466.1,minor_tail
4163,YP_010059435.1,minor_tail
4164,YP_010060235.1,minor_tail
4165,YP_010089215.1,minor_tail
4166,YP_010096826.1,minor_tail
4167,YP_010096535.1,minor_tail
4168,YP_010096536.1,minor_tail
4169,YP_010097550.1,minor_tail
4170,YP_010097551.1,minor_tail
4171,YP_010099109.1,minor_tail
4172,YP_010099193.1,minor_tail
4173,YP_010099275.1,minor_tail
4174,YP_010099361.1,minor_tail
4175,YP_010099531.1,minor_tail
4176,YP_010099613.1,minor_tail
4177,YP_010101803.1,minor_tail
4178,YP_010103326.1,minor_tail
4179,YP_010102648.1,minor_tail
4180,YP_010102459.1,minor_tail
4181,YP_010104444.1,minor_tail
4182,YP_010104530.1,minor_tail
4183,YP_010105814.1,minor_tail
4184,YP_010105620.1,minor_tail
4185,YP_010108071.1,minor_tail
4186,YP_010108654.1,minor_tail
4187,YP_010108265.1,minor_tail
4188,YP_010108458.1,minor_tail
4189,YP_010107877.1,minor_tail
4190,YP_010109570.1,minor_tail
4191,YP_010114199.1,minor_tail
4192,YP_009613852.1,minor_tail
4193,YP_005087241.1,minor_tail
4194,YP_005087242.1,minor_tail
4195,YP_009004649.1,minor_tail
4196,YP_009042666.1,minor_tail
4197,YP_009042540.1,minor_tail
4198,YP_009042544.1,minor_tail
4199,YP_009125195.1,minor_tail
4200,YP_009125196.1,minor_tail
4201,YP_009125197.1,minor_tail
4202,YP_009125198.1,minor_tail
4203,YP_009125202.1,minor_tail
4204,YP_009905444.1,minor_tail
4205,YP_009950171.1,minor_tail
4206,YP_010002168.1,minor_tail
4207,YP_009980633.1,minor_tail
4208,YP_009951010.1,minor_tail
4209,YP_009841042.1,minor_tail
4210,YP_009841045.1,minor_tail
4211,YP_010062063.1,minor_tail
4212,YP_010062066.1,minor_tail
4213,YP_009953012.1,minor_tail
4214,YP_009956045.1,minor_tail
4215,YP_009956047.1,minor_tail
4216,YP_009956048.1,minor_tail
4217,NP_046844.1,minor_tail
4218,NP_042314.1,minor_tail
4219,YP_009018708.1,minor_tail
4220,NP_817994.1,minor_tail
4221,NP_817995.1,minor_tail
4222,NP_817996.1,minor_tail
4223,NP_817997.1,minor_tail
4224,NP_817999.1,minor_tail
4225,YP_223901.1,minor_tail
4226,YP_001469249.1,minor_tail
4227,YP_001469250.1,minor_tail
4228,YP_001469251.1,minor_tail
4229,YP_009617247.1,minor_tail
4230,YP_002274277.1,minor_tail
4231,YP_009031375.1,minor_tail
4232,YP_009613647.1,minor_tail
4233,YP_009613648.1,minor_tail
4234,YP_004934049.1,minor_tail
4235,YP_004957431.1,minor_tail
4236,YP_009590891.1,minor_tail
4237,YP_009607586.1,minor_tail
4238,YP_009636205.1,minor_tail
4239,YP_009636206.1,minor_tail
4240,YP_009636207.1,minor_tail
4241,YP_009636208.1,minor_tail
4242,YP_009591184.1,minor_tail
4243,YP_009591185.1,minor_tail
4244,YP_009636430.1,minor_tail
4245,YP_009636431.1,minor_tail
4246,YP_009636546.1,minor_tail
4247,YP_009636549.1,minor_tail
4248,YP_009636639.1,minor_tail
4249,YP_009636640.1,minor_tail
4250,YP_009636731.1,minor_tail
4251,YP_009637470.1,minor_tail
4252,YP_009636948.1,minor_tail
4253,YP_009636949.1,minor_tail
4254,YP_009636950.1,minor_tail
4255,YP_009636951.1,minor_tail
4256,YP_009637158.1,minor_tail
4257,YP_009637159.1,minor_tail
4258,YP_009637276.1,minor_tail
4259,YP_009637282.1,minor_tail
4260,YP_009605021.1,minor_tail
4261,YP_009605024.1,minor_tail
4262,YP_009605025.1,minor_tail
4263,YP_009607953.1,minor_tail
4264,YP_009607954.1,minor_tail
4265,YP_009607955.1,minor_tail
4266,YP_009635865.1,minor_tail
4267,YP_009635866.1,minor_tail
4268,YP_009208431.1,minor_tail
4269,YP_009208432.1,minor_tail
4270,YP_009208433.1,minor_tail
4271,YP_009208434.1,minor_tail
4272,YP_009591323.1,minor_tail
4273,YP_009591324.1,minor_tail
4274,YP_009591325.1,minor_tail
4275,YP_009608198.1,minor_tail
4276,YP_009608199.1,minor_tail
4277,YP_009608200.1,minor_tail
4278,YP_009608091.1,minor_tail
4279,YP_009608092.1,minor_tail
4280,YP_009608093.1,minor_tail
4281,YP_009637835.1,minor_tail
4282,YP_009637838.1,minor_tail
4283,YP_009637931.1,minor_tail
4284,YP_009018044.1,minor_tail
4285,YP_009018045.1,minor_tail
4286,YP_009018046.1,minor_tail
4287,YP_009018047.1,minor_tail
4288,YP_009017014.1,minor_tail
4289,YP_009017015.1,minor_tail
4290,YP_009017016.1,minor_tail
4291,YP_009011784.1,minor_tail
4292,YP_009011785.1,minor_tail
4293,YP_009011786.1,minor_tail
4294,YP_009011787.1,minor_tail
4295,YP_009017602.1,minor_tail
4296,YP_009017606.1,minor_tail
4297,YP_009638111.1,minor_tail
4298,YP_009638115.1,minor_tail
4299,YP_009017162.1,minor_tail
4300,YP_009013924.1,minor_tail
4301,YP_009604802.1,minor_tail
4302,YP_009017082.1,minor_tail
4303,YP_009017083.1,minor_tail
4304,YP_009012713.1,minor_tail
4305,YP_009604885.1,minor_tail
4306,YP_009013036.1,minor_tail
4307,YP_009014519.1,minor_tail
4308,YP_009014522.1,minor_tail
4309,YP_009638293.1,minor_tail
4310,YP_007011004.1,minor_tail
4311,YP_009607836.1,minor_tail
4312,YP_009607839.1,minor_tail
4313,YP_007112556.1,minor_tail
4314,YP_007111792.1,minor_tail
4315,YP_007111514.1,minor_tail
4316,YP_007112085.1,minor_tail
4317,YP_007112089.1,minor_tail
4318,YP_007112354.1,minor_tail
4319,YP_009607667.1,minor_tail
4320,YP_009607671.1,minor_tail
4321,YP_006560831.1,minor_tail
4322,YP_006560836.1,minor_tail
4323,YP_009016293.1,minor_tail
4324,YP_009016295.1,minor_tail
4325,YP_009016296.1,minor_tail
4326,YP_006382944.1,minor_tail
4327,YP_006382946.1,minor_tail
4328,YP_009638484.1,minor_tail
4329,YP_009638486.1,minor_tail
4330,YP_009591866.1,minor_tail
4331,YP_009591868.1,minor_tail
4332,YP_009591869.1,minor_tail
4333,YP_009591991.1,minor_tail
4334,YP_009591993.1,minor_tail
4335,YP_009591992.1,minor_tail
4336,YP_007677436.1,minor_tail
4337,YP_007869829.1,minor_tail
4338,YP_007869830.1,minor_tail
4339,YP_008050959.1,minor_tail
4340,YP_008051648.1,minor_tail
4341,YP_008051649.1,minor_tail
4342,YP_008051650.1,minor_tail
4343,YP_008051651.1,minor_tail
4344,YP_008051244.1,minor_tail
4345,YP_008051879.1,minor_tail
4346,YP_008050795.1,minor_tail
4347,YP_008050796.1,minor_tail
4348,YP_008051959.1,minor_tail
4349,YP_008051960.1,minor_tail
4350,YP_008051961.1,minor_tail
4351,YP_008051962.1,minor_tail
4352,YP_008051503.1,minor_tail
4353,YP_008051504.1,minor_tail
4354,YP_008051505.1,minor_tail
4355,YP_008051506.1,minor_tail
4356,YP_008060185.1,minor_tail
4357,YP_008058299.1,minor_tail
4358,YP_008408975.1,minor_tail
4359,YP_008408976.1,minor_tail
4360,YP_008408977.1,minor_tail
4361,YP_008410193.1,minor_tail
4362,YP_008410194.1,minor_tail
4363,YP_008410195.1,minor_tail
4364,YP_008410196.1,minor_tail
4365,YP_008410426.1,minor_tail
4366,YP_008410427.1,minor_tail
4367,YP_008410428.1,minor_tail
4368,YP_008430682.1,minor_tail
4369,YP_008430686.1,minor_tail
4370,YP_008409080.1,minor_tail
4371,YP_008409082.1,minor_tail
4372,YP_008410040.1,minor_tail
4373,YP_008410041.1,minor_tail
4374,YP_008410042.1,minor_tail
4375,YP_008410043.1,minor_tail
4376,YP_009219068.1,minor_tail
4377,YP_008409417.1,minor_tail
4378,YP_008409418.1,minor_tail
4379,YP_008409419.1,minor_tail
4380,YP_008409420.1,minor_tail
4381,YP_008430882.1,minor_tail
4382,YP_008430883.1,minor_tail
4383,YP_008410805.1,minor_tail
4384,YP_008410807.1,minor_tail
4385,YP_008410808.1,minor_tail
4386,YP_008430539.1,minor_tail
4387,YP_008430540.1,minor_tail
4388,YP_008430541.1,minor_tail
4389,YP_008430542.1,minor_tail
4390,YP_008409323.1,minor_tail
4391,YP_008859460.1,minor_tail
4392,YP_008859461.1,minor_tail
4393,YP_008859462.1,minor_tail
4394,YP_008859463.1,minor_tail
4395,YP_008858303.1,minor_tail
4396,YP_008858304.1,minor_tail
4397,YP_008858305.1,minor_tail
4398,YP_008858306.1,minor_tail
4399,YP_008857510.1,minor_tail
4400,YP_008857511.1,minor_tail
4401,YP_008857512.1,minor_tail
4402,YP_008857513.1,minor_tail
4403,YP_008858455.1,minor_tail
4404,YP_008858458.1,minor_tail
4405,YP_008856801.1,minor_tail
4406,YP_008856804.1,minor_tail
4407,YP_008859138.1,minor_tail
4408,YP_008859141.1,minor_tail
4409,YP_008857889.1,minor_tail
4410,YP_009002673.1,minor_tail
4411,YP_009055355.1,minor_tail
4412,YP_009005772.1,minor_tail
4413,YP_009005775.1,minor_tail
4414,YP_009004390.1,minor_tail
4415,YP_008858751.1,minor_tail
4416,YP_008858752.1,minor_tail
4417,YP_008858753.1,minor_tail
4418,YP_008858754.1,minor_tail
4419,YP_009004357.1,minor_tail
4420,YP_009006619.1,minor_tail
4421,YP_009006620.1,minor_tail
4422,YP_009007483.1,minor_tail
4423,YP_009007484.1,minor_tail
4424,YP_009007485.1,minor_tail
4425,YP_009007486.1,minor_tail
4426,YP_009007490.1,minor_tail
4427,YP_009007491.1,minor_tail
4428,YP_009009497.1,minor_tail
4429,YP_009031220.1,minor_tail
4430,YP_009009865.1,minor_tail
4431,YP_009021598.1,minor_tail
4432,YP_009021600.1,minor_tail
4433,YP_009021601.1,minor_tail
4434,YP_009021604.1,minor_tail
4435,YP_009009074.1,minor_tail
4436,YP_009009767.1,minor_tail
4437,YP_009032413.1,minor_tail
4438,YP_009032416.1,minor_tail
4439,YP_009032418.1,minor_tail
4440,YP_009963942.1,minor_tail
4441,YP_009963944.1,minor_tail
4442,YP_009035618.1,minor_tail
4443,YP_009036549.1,minor_tail
4444,YP_009035291.1,minor_tail
4445,YP_009036173.1,minor_tail
4446,YP_009055857.1,minor_tail
4447,YP_009043819.1,minor_tail
4448,YP_009124569.1,minor_tail
4449,YP_009124570.1,minor_tail
4450,YP_009124571.1,minor_tail
4451,YP_009124572.1,minor_tail
4452,YP_009123990.1,minor_tail
4453,YP_009123991.1,minor_tail
4454,YP_009123992.1,minor_tail
4455,YP_009123993.1,minor_tail
4456,YP_009123995.1,minor_tail
4457,YP_009123997.1,minor_tail
4458,YP_009208909.1,minor_tail
4459,YP_009208913.1,minor_tail
4460,YP_009125011.1,minor_tail
4461,YP_009125012.1,minor_tail
4462,YP_009125013.1,minor_tail
4463,YP_009124207.1,minor_tail
4464,YP_009124208.1,minor_tail
4465,YP_009124209.1,minor_tail
4466,YP_009124211.1,minor_tail
4467,YP_009201653.1,minor_tail
4468,YP_009209565.1,minor_tail
4469,YP_009209566.1,minor_tail
4470,YP_009209567.1,minor_tail
4471,YP_009209568.1,minor_tail
4472,YP_009209572.1,minor_tail
4473,YP_009205164.1,minor_tail
4474,YP_009205165.1,minor_tail
4475,YP_009224153.1,minor_tail
4476,YP_009224156.1,minor_tail
4477,YP_009197143.1,minor_tail
4478,YP_009197144.1,minor_tail
4479,YP_009197145.1,minor_tail
4480,YP_009221037.1,minor_tail
4481,YP_009205403.1,minor_tail
4482,YP_009213251.1,minor_tail
4483,YP_009213252.1,minor_tail
4484,YP_009213253.1,minor_tail
4485,YP_009213255.1,minor_tail
4486,YP_009123894.1,minor_tail
4487,YP_009123900.1,minor_tail
4488,YP_009222395.1,minor_tail
4489,YP_009125974.1,minor_tail
4490,YP_009125493.1,minor_tail
4491,YP_009125496.1,minor_tail
4492,YP_009125498.1,minor_tail
4493,YP_009125499.1,minor_tail
4494,YP_009203388.1,minor_tail
4495,YP_009203389.1,minor_tail
4496,YP_009193573.1,minor_tail
4497,YP_009193574.1,minor_tail
4498,YP_009213778.1,minor_tail
4499,YP_009209043.1,minor_tail
4500,YP_009209045.1,minor_tail
4501,YP_009209066.1,minor_tail
4502,YP_009212766.1,minor_tail
4503,YP_009198362.1,minor_tail
4504,YP_009210378.1,minor_tail
4505,YP_009210380.1,minor_tail
4506,YP_009210381.1,minor_tail
4507,YP_009210384.1,minor_tail
4508,YP_009225310.1,minor_tail
4509,YP_009225311.1,minor_tail
4510,YP_009225312.1,minor_tail
4511,YP_009225313.1,minor_tail
4512,YP_009225315.1,minor_tail
4513,YP_009277988.1,minor_tail
4514,YP_009277997.1,minor_tail
4515,YP_009603634.1,minor_tail
4516,YP_009603643.1,minor_tail
4517,YP_009159973.1,minor_tail
4518,YP_009159982.1,minor_tail
4519,YP_009198122.1,minor_tail
4520,YP_009198123.1,minor_tail
4521,YP_009198124.1,minor_tail
4522,YP_009198130.1,minor_tail
4523,YP_009211180.1,minor_tail
4524,YP_009211181.1,minor_tail
4525,YP_009211182.1,minor_tail
4526,YP_009198992.1,minor_tail
4527,YP_009206735.1,minor_tail
4528,YP_009206736.1,minor_tail
4529,YP_009206737.1,minor_tail
4530,YP_009199827.1,minor_tail
4531,YP_009194541.1,minor_tail
4532,YP_009194542.1,minor_tail
4533,YP_009194543.1,minor_tail
4534,YP_009194544.1,minor_tail
4535,YP_009224290.1,minor_tail
4536,YP_009224291.1,minor_tail
4537,YP_009224292.1,minor_tail
4538,YP_009224293.1,minor_tail
4539,YP_009197691.1,minor_tail
4540,YP_009197692.1,minor_tail
4541,YP_009197693.1,minor_tail
4542,YP_009197694.1,minor_tail
4543,YP_009592386.1,minor_tail
4544,YP_009212047.1,minor_tail
4545,YP_009212048.1,minor_tail
4546,YP_009206910.1,minor_tail
4547,YP_009206912.1,minor_tail
4548,YP_009206913.1,minor_tail
4549,YP_009202534.1,minor_tail
4550,YP_009202535.1,minor_tail
4551,YP_009202541.1,minor_tail
4552,YP_009193916.1,minor_tail
4553,YP_009214696.1,minor_tail
4554,YP_009206450.1,minor_tail
4555,YP_009206451.1,minor_tail
4556,YP_009211104.1,minor_tail
4557,YP_009214376.1,minor_tail
4558,YP_009214377.1,minor_tail
4559,YP_009214378.1,minor_tail
4560,YP_009214381.1,minor_tail
4561,YP_009214383.1,minor_tail
4562,YP_009214384.1,minor_tail
4563,YP_009199700.1,minor_tail
4564,YP_009199701.1,minor_tail
4565,YP_009199702.1,minor_tail
4566,YP_009208757.1,minor_tail
4567,YP_009208758.1,minor_tail
4568,YP_009208760.1,minor_tail
4569,YP_009208762.1,minor_tail
4570,YP_009208764.1,minor_tail
4571,YP_009201041.1,minor_tail
4572,YP_009201043.1,minor_tail
4573,YP_009201047.1,minor_tail
4574,YP_009211737.1,minor_tail
4575,YP_009211743.1,minor_tail
4576,YP_010012476.1,minor_tail
4577,YP_009210712.1,minor_tail
4578,YP_009193655.1,minor_tail
4579,YP_009214294.1,minor_tail
4580,YP_009214298.1,minor_tail
4581,YP_009195265.1,minor_tail
4582,YP_009195268.1,minor_tail
4583,YP_009195270.1,minor_tail
4584,YP_009208102.1,minor_tail
4585,YP_009615845.1,minor_tail
4586,YP_009187172.1,minor_tail
4587,YP_009187173.1,minor_tail
4588,YP_009187174.1,minor_tail
4589,YP_009187179.1,minor_tail
4590,YP_009187180.1,minor_tail
4591,YP_009304685.1,minor_tail
4592,YP_009301852.1,minor_tail
4593,YP_009301853.1,minor_tail
4594,YP_009282500.1,minor_tail
4595,YP_009284432.1,minor_tail
4596,YP_009289973.1,minor_tail
4597,YP_009280909.1,minor_tail
4598,YP_009303484.1,minor_tail
4599,YP_009304589.1,minor_tail
4600,YP_009278566.1,minor_tail
4601,YP_009304926.1,minor_tail
4602,YP_009304927.1,minor_tail
4603,YP_009304935.1,minor_tail
4604,YP_009302332.1,minor_tail
4605,YP_009302333.1,minor_tail
4606,YP_009595709.1,minor_tail
4607,YP_009595710.1,minor_tail
4608,YP_009616871.1,minor_tail
4609,YP_009616872.1,minor_tail
4610,YP_009616873.1,minor_tail
4611,YP_009304210.1,minor_tail
4612,YP_009304211.1,minor_tail
4613,YP_009595774.1,minor_tail
4614,YP_009595783.1,minor_tail
4615,YP_009595786.1,minor_tail
4616,YP_009300801.1,minor_tail
4617,YP_009300810.1,minor_tail
4618,YP_009300812.1,minor_tail
4619,YP_009304141.1,minor_tail
4620,YP_009301379.1,minor_tail
4621,YP_009301389.1,minor_tail
4622,YP_009301391.1,minor_tail
4623,YP_009286063.1,minor_tail
4624,YP_009286071.1,minor_tail
4625,YP_009286073.1,minor_tail
4626,YP_009301770.1,minor_tail
4627,YP_009301773.1,minor_tail
4628,YP_009301774.1,minor_tail
4629,YP_009303401.1,minor_tail
4630,YP_009303011.1,minor_tail
4631,YP_009303020.1,minor_tail
4632,YP_009303023.1,minor_tail
4633,YP_009302863.1,minor_tail
4634,YP_009302866.1,minor_tail
4635,YP_009304348.1,minor_tail
4636,YP_009304357.1,minor_tail
4637,YP_009304359.1,minor_tail
4638,YP_009303964.1,minor_tail
4639,YP_009303776.1,minor_tail
4640,YP_009303779.1,minor_tail
4641,YP_009282056.1,minor_tail
4642,YP_009276654.1,minor_tail
4643,YP_009276657.1,minor_tail
4644,YP_009275585.1,minor_tail
4645,YP_009274028.1,minor_tail
4646,YP_009274029.1,minor_tail
4647,YP_009274972.1,minor_tail
4648,YP_009274975.1,minor_tail
4649,YP_009274074.1,minor_tail
4650,YP_009291244.1,minor_tail
4651,YP_009291265.1,minor_tail
4652,YP_009291268.1,minor_tail
4653,YP_009291271.1,minor_tail
4654,YP_009291267.1,minor_tail
4655,YP_009977140.1,minor_tail
4656,YP_009977167.1,minor_tail
4657,YP_010056649.1,minor_tail
4658,YP_009279274.1,minor_tail
4659,YP_009285050.1,minor_tail
4660,YP_009288148.1,minor_tail
4661,YP_009288165.1,minor_tail
4662,YP_009291453.1,minor_tail
4663,YP_009291470.1,minor_tail
4664,YP_009287244.1,minor_tail
4665,YP_009287247.1,minor_tail
4666,YP_009291983.1,minor_tail
4667,YP_009289828.1,minor_tail
4668,YP_009289840.1,minor_tail
4669,YP_009596231.1,minor_tail
4670,YP_009596233.1,minor_tail
4671,YP_009596234.1,minor_tail
4672,YP_009284803.1,minor_tail
4673,YP_009284809.1,minor_tail
4674,YP_009289678.1,minor_tail
4675,YP_009289686.1,minor_tail
4676,YP_009289688.1,minor_tail
4677,YP_009596603.1,minor_tail
4678,YP_009958558.1,minor_tail
4679,YP_009958560.1,minor_tail
4680,YP_009958561.1,minor_tail
4681,YP_009958563.1,minor_tail
4682,YP_009596769.1,minor_tail
4683,YP_009596821.1,minor_tail
4684,YP_009596883.1,minor_tail
4685,YP_009596885.1,minor_tail
4686,YP_009596942.1,minor_tail
4687,YP_009597000.1,minor_tail
4688,YP_009597001.1,minor_tail
4689,YP_009597004.1,minor_tail
4690,YP_009597059.1,minor_tail
4691,YP_009597060.1,minor_tail
4692,YP_009597063.1,minor_tail
4693,YP_009963410.1,minor_tail
4694,YP_009963412.1,minor_tail
4695,YP_010061635.1,minor_tail
4696,YP_009962787.1,minor_tail
4697,YP_009962788.1,minor_tail
4698,YP_009962789.1,minor_tail
4699,YP_009956685.1,minor_tail
4700,YP_009956686.1,minor_tail
4701,YP_009956687.1,minor_tail
4702,YP_009977316.1,minor_tail
4703,YP_009977343.1,minor_tail
4704,YP_010013937.1,minor_tail
4705,YP_010013940.1,minor_tail
4706,YP_010013941.1,minor_tail
4707,YP_009955029.1,minor_tail
4708,YP_009955031.1,minor_tail
4709,YP_009955032.1,minor_tail
4710,YP_009962367.1,minor_tail
4711,YP_009962369.1,minor_tail
4712,YP_009962160.1,minor_tail
4713,YP_009962162.1,minor_tail
4714,YP_009962163.1,minor_tail
4715,YP_009962168.1,minor_tail
4716,YP_009905301.1,minor_tail
4717,YP_009958666.1,minor_tail
4718,YP_009958668.1,minor_tail
4719,YP_010063933.1,minor_tail
4720,YP_009961211.1,minor_tail
4721,YP_010059965.1,minor_tail
4722,YP_010012986.1,minor_tail
4723,YP_010012993.1,minor_tail
4724,YP_009964587.1,minor_tail
4725,YP_010012855.1,minor_tail
4726,YP_010012862.1,minor_tail
4727,YP_009964744.1,minor_tail
4728,YP_009951105.1,minor_tail
4729,YP_010012604.1,minor_tail
4730,YP_010012607.1,minor_tail
4731,YP_009962573.1,minor_tail
4732,YP_009962574.1,minor_tail
4733,YP_009962575.1,minor_tail
4734,YP_009962576.1,minor_tail
4735,YP_009610600.1,minor_tail
4736,YP_009610602.1,minor_tail
4737,YP_009610834.1,minor_tail
4738,YP_009610832.1,minor_tail
4739,YP_009611053.1,minor_tail
4740,YP_009611055.1,minor_tail
4741,YP_009611272.1,minor_tail
4742,YP_009611274.1,minor_tail
4743,YP_009611499.1,minor_tail
4744,YP_009611501.1,minor_tail
4745,YP_010064024.1,minor_tail
4746,YP_009964981.1,minor_tail
4747,YP_010062152.1,minor_tail
4748,YP_009956575.1,minor_tail
4749,YP_009956577.1,minor_tail
4750,YP_009956578.1,minor_tail
4751,YP_009956576.1,minor_tail
4752,YP_010056835.1,minor_tail
4753,YP_009961844.1,minor_tail
4754,YP_009961845.1,minor_tail
4755,YP_009961846.1,minor_tail
4756,YP_009961847.1,minor_tail
4757,YP_009981095.1,minor_tail
4758,YP_009963200.1,minor_tail
4759,YP_009963202.1,minor_tail
4760,YP_009963203.1,minor_tail
4761,YP_010063367.1,minor_tail
4762,YP_009964903.1,minor_tail
4763,YP_009955833.1,minor_tail
4764,YP_009955835.1,minor_tail
4765,YP_009955836.1,minor_tail
4766,YP_009963722.1,minor_tail
4767,YP_009978329.1,minor_tail
4768,YP_009978356.1,minor_tail
4769,YP_009961014.1,minor_tail
4770,YP_009961016.1,minor_tail
4771,YP_009961017.1,minor_tail
4772,YP_009961015.1,minor_tail
4773,YP_010052090.1,minor_tail
4774,YP_010052091.1,minor_tail
4775,YP_010060991.1,minor_tail
4776,YP_010061353.1,minor_tail
4777,YP_010061356.1,minor_tail
4778,YP_010051882.1,minor_tail
4779,YP_010051883.1,minor_tail
4780,YP_010051884.1,minor_tail
4781,YP_009623748.1,minor_tail
4782,YP_009623749.1,minor_tail
4783,YP_010056352.1,minor_tail
4784,YP_010061907.1,minor_tail
4785,YP_009960702.1,minor_tail
4786,YP_009960704.1,minor_tail
4787,YP_009960705.1,minor_tail
4788,YP_009964050.1,minor_tail
4789,YP_009976262.1,minor_tail
4790,YP_009957317.1,minor_tail
4791,YP_009957318.1,minor_tail
4792,YP_009957319.1,minor_tail
4793,YP_009957320.1,minor_tail
4794,YP_009980181.1,minor_tail
4795,YP_009977986.1,minor_tail
4796,YP_009961634.1,minor_tail
4797,YP_009961636.1,minor_tail
4798,YP_009961637.1,minor_tail
4799,YP_009954393.1,minor_tail
4800,YP_009954395.1,minor_tail
4801,YP_009954396.1,minor_tail
4802,YP_009980724.1,minor_tail
4803,YP_009977708.1,minor_tail
4804,YP_009978259.1,minor_tail
4805,YP_009979458.1,minor_tail
4806,YP_009960595.1,minor_tail
4807,YP_009960596.1,minor_tail
4808,YP_009960597.1,minor_tail
4809,YP_009977426.1,minor_tail
4810,YP_009624545.1,minor_tail
4811,YP_009624548.1,minor_tail
4812,YP_009819984.1,minor_tail
4813,YP_009978915.1,minor_tail
4814,YP_009959990.1,minor_tail
4815,YP_009959992.1,minor_tail
4816,YP_009959993.1,minor_tail
4817,YP_009954598.1,minor_tail
4818,YP_009954599.1,minor_tail
4819,YP_009954600.1,minor_tail
4820,YP_009954601.1,minor_tail
4821,YP_009978076.1,minor_tail
4822,YP_010060652.1,minor_tail
4823,YP_010063741.1,minor_tail
4824,YP_009960912.1,minor_tail
4825,YP_009960913.1,minor_tail
4826,YP_009960914.1,minor_tail
4827,YP_009955934.1,minor_tail
4828,YP_009955936.1,minor_tail
4829,YP_009959587.1,minor_tail
4830,YP_009959590.1,minor_tail
4831,YP_009959589.1,minor_tail
4832,YP_009837973.1,minor_tail
4833,YP_009977612.1,minor_tail
4834,YP_009979908.1,minor_tail
4835,YP_009965226.1,minor_tail
4836,YP_010056573.1,minor_tail
4837,YP_010095423.1,minor_tail
4838,YP_009954804.1,minor_tail
4839,YP_009954806.1,minor_tail
4840,YP_009954807.1,minor_tail
4841,YP_009959482.1,minor_tail
4842,YP_009959484.1,minor_tail
4843,YP_009959485.1,minor_tail
4844,YP_010061255.1,minor_tail
4845,YP_010061258.1,minor_tail
4846,YP_009958777.1,minor_tail
4847,YP_009958778.1,minor_tail
4848,YP_009979340.1,minor_tail
4849,YP_009979367.1,minor_tail
4850,YP_009979523.1,minor_tail
4851,YP_009979550.1,minor_tail
4852,YP_010061816.1,minor_tail
4853,YP_010096904.1,minor_tail
4854,YP_009806968.1,minor_tail
4855,YP_009806970.1,minor_tail
4856,YP_009806980.1,minor_tail
4857,YP_009955526.1,minor_tail
4858,YP_009955527.1,minor_tail
4859,YP_009978975.1,minor_tail
4860,YP_009979002.1,minor_tail
4861,YP_009960803.1,minor_tail
4862,YP_009960804.1,minor_tail
4863,YP_009960805.1,minor_tail
4864,YP_009960806.1,minor_tail
4865,YP_009962057.1,minor_tail
4866,YP_009962059.1,minor_tail
4867,YP_009962060.1,minor_tail
4868,YP_009979794.1,minor_tail
4869,YP_009979822.1,minor_tail
4870,YP_010096637.1,minor_tail
4871,YP_010096643.1,minor_tail
4872,YP_010096732.1,minor_tail
4873,YP_010096737.1,minor_tail
4874,YP_009957837.1,minor_tail
4875,YP_009957839.1,minor_tail
4876,YP_009980973.1,minor_tail
4877,YP_009839500.1,minor_tail
4878,YP_009839750.1,minor_tail
4879,YP_009957734.1,minor_tail
4880,YP_009957735.1,minor_tail
4881,YP_009957736.1,minor_tail
4882,YP_009958873.1,minor_tail
4883,YP_009958875.1,minor_tail
4884,YP_009959380.1,minor_tail
4885,YP_009959382.1,minor_tail
4886,YP_009959383.1,minor_tail
4887,YP_009979705.1,minor_tail
4888,YP_009979732.1,minor_tail
4889,YP_009840234.1,minor_tail
4890,YP_009839986.1,minor_tail
4891,YP_010052291.1,minor_tail
4892,YP_010052292.1,minor_tail
4893,YP_010052293.1,minor_tail
4894,YP_009976351.1,minor_tail
4895,YP_010051954.1,minor_tail
4896,YP_010051955.1,minor_tail
4897,YP_010051956.1,minor_tail
4898,YP_009977800.1,minor_tail
4899,YP_010098193.1,minor_tail
4900,YP_010098198.1,minor_tail
4901,YP_009956467.1,minor_tail
4902,YP_009956469.1,minor_tail
4903,YP_009956470.1,minor_tail
4904,YP_009957632.1,minor_tail
4905,YP_009957633.1,minor_tail
4906,YP_009957634.1,minor_tail
4907,YP_009957635.1,minor_tail
4908,YP_009958253.1,minor_tail
4909,YP_009958255.1,minor_tail
4910,YP_009958256.1,minor_tail
4911,YP_009960295.1,minor_tail
4912,YP_009960297.1,minor_tail
4913,YP_009960298.1,minor_tail
4914,YP_009961740.1,minor_tail
4915,YP_009961742.1,minor_tail
4916,YP_009961743.1,minor_tail
4917,YP_009962470.1,minor_tail
4918,YP_009962472.1,minor_tail
4919,YP_009957419.1,minor_tail
4920,YP_009957421.1,minor_tail
4921,YP_009957422.1,minor_tail
4922,YP_009841199.1,minor_tail
4923,YP_010001827.1,minor_tail
4924,YP_009808377.1,minor_tail
4925,YP_010097925.1,minor_tail
4926,YP_009958970.1,minor_tail
4927,YP_009958972.1,minor_tail
4928,YP_009958973.1,minor_tail
4929,YP_009955128.1,minor_tail
4930,YP_009955130.1,minor_tail
4931,YP_009955131.1,minor_tail
4932,YP_009950639.1,minor_tail
4933,YP_009979157.1,minor_tail
4934,YP_009979184.1,minor_tail
4935,YP_009960489.1,minor_tail
4936,YP_009960491.1,minor_tail
4937,YP_009960492.1,minor_tail
4938,YP_010051235.1,minor_tail
4939,YP_010051239.1,minor_tail
4940,YP_009954497.1,minor_tail
4941,YP_009959683.1,minor_tail
4942,YP_009959685.1,minor_tail
4943,YP_009959176.1,minor_tail
4944,YP_009959178.1,minor_tail
4945,YP_009959179.1,minor_tail
4946,YP_010001998.1,minor_tail
4947,YP_010001911.1,minor_tail
4948,YP_010001576.1,minor_tail
4949,YP_010099443.1,minor_tail
4950,YP_009957005.1,minor_tail
4951,YP_009957007.1,minor_tail
4952,YP_009957008.1,minor_tail
4953,YP_009963301.1,minor_tail
4954,YP_009963303.1,minor_tail
4955,YP_009963304.1,minor_tail
4956,YP_010063645.1,minor_tail
4957,YP_009980428.1,minor_tail
4958,YP_009980455.1,minor_tail
4959,YP_009977056.1,minor_tail
4960,YP_009977083.1,minor_tail
4961,YP_009977521.1,minor_tail
4962,YP_009963513.1,minor_tail
4963,YP_009963515.1,minor_tail
4964,YP_009963516.1,minor_tail
4965,YP_010064213.1,minor_tail
4966,YP_010064120.1,minor_tail
4967,YP_010100838.1,minor_tail
4968,YP_009961314.1,minor_tail
4969,YP_009961316.1,minor_tail
4970,YP_010100913.1,minor_tail
4971,YP_010100916.1,minor_tail
4972,YP_010100917.1,minor_tail
4973,YP_009981259.1,minor_tail
4974,YP_009981288.1,minor_tail
4975,YP_010101030.1,minor_tail
4976,YP_010101031.1,minor_tail
4977,YP_010101032.1,minor_tail
4978,YP_009980339.1,minor_tail
4979,YP_009961531.1,minor_tail
4980,YP_009961534.1,minor_tail
4981,YP_010061164.1,minor_tail
4982,YP_010061167.1,minor_tail
4983,YP_010101679.1,minor_tail
4984,YP_009955727.1,minor_tail
4985,YP_009955729.1,minor_tail
4986,YP_009955730.1,minor_tail
4987,YP_009977862.1,minor_tail
4988,YP_009977889.1,minor_tail
4989,YP_009964507.1,minor_tail
4990,YP_009961114.1,minor_tail
4991,YP_009961116.1,minor_tail
4992,YP_009961117.1,minor_tail
4993,YP_010061728.1,minor_tail
4994,YP_010060740.1,minor_tail
4995,YP_010101323.1,minor_tail
4996,YP_010101326.1,minor_tail
4997,YP_010101327.1,minor_tail
4998,YP_009962889.1,minor_tail
4999,YP_009962891.1,minor_tail
5000,YP_009962892.1,minor_tail
5001,YP_010101482.1,minor_tail
5002,YP_009956895.1,minor_tail
5003,YP_009956897.1,minor_tail
5004,YP_009956898.1,minor_tail
5005,YP_010052021.1,minor_tail
5006,YP_010052022.1,minor_tail
5007,YP_010061554.1,minor_tail
5008,YP_009980514.1,minor_tail
5009,YP_009980542.1,minor_tail
5010,YP_009980821.1,minor_tail
5011,YP_010001250.1,minor_tail
5012,YP_009981445.1,minor_tail
5013,YP_009981472.1,minor_tail
5014,YP_009822319.1,minor_tail
5015,YP_010101992.1,minor_tail
5016,YP_010101997.1,minor_tail
5017,YP_009964821.1,minor_tail
5018,YP_009964667.1,minor_tail
5019,YP_009961422.1,minor_tail
5020,YP_009961424.1,minor_tail
5021,YP_009961425.1,minor_tail
5022,YP_010102284.1,minor_tail
5023,YP_010102290.1,minor_tail
5024,YP_010102185.1,minor_tail
5025,YP_010102191.1,minor_tail
5026,YP_010102378.1,minor_tail
5027,YP_010102383.1,minor_tail
5028,YP_010102090.1,minor_tail
5029,YP_010102096.1,minor_tail
5030,YP_010103634.1,minor_tail
5031,YP_010103639.1,minor_tail
5032,YP_010052155.1,minor_tail
5033,YP_010052156.1,minor_tail
5034,YP_010052158.1,minor_tail
5035,YP_009848836.1,minor_tail
5036,YP_009848839.1,minor_tail
5037,YP_010103438.1,minor_tail
5038,YP_010103729.1,minor_tail
5039,YP_009976496.1,minor_tail
5040,YP_009976524.1,minor_tail
5041,YP_010054584.1,minor_tail
5042,YP_010063465.1,minor_tail
5043,YP_010102823.1,minor_tail
5044,YP_010103043.1,minor_tail
5045,YP_010103049.1,minor_tail
5046,YP_010002082.1,minor_tail
5047,YP_009976964.1,minor_tail
5048,YP_009976991.1,minor_tail
5049,YP_009959281.1,minor_tail
5050,YP_009959283.1,minor_tail
5051,YP_009959284.1,minor_tail
5052,YP_010102862.1,minor_tail
5053,YP_010059771.1,minor_tail
5054,YP_009956156.1,minor_tail
5055,YP_009956158.1,minor_tail
5056,YP_009956159.1,minor_tail
5057,YP_010103820.1,minor_tail
5058,YP_009965141.1,minor_tail
5059,YP_010060823.1,minor_tail
5060,YP_010103952.1,minor_tail
5061,YP_010056427.1,minor_tail
5062,YP_009976580.1,minor_tail
5063,YP_009976608.1,minor_tail
5064,YP_010013369.1,minor_tail
5065,YP_009965061.1,minor_tail
5066,YP_010013115.1,minor_tail
5067,YP_010013122.1,minor_tail
5068,YP_010104158.1,minor_tail
5069,YP_009954200.1,minor_tail
5070,YP_009954204.1,minor_tail
5071,YP_010050719.1,minor_tail
5072,YP_010056200.1,minor_tail
5073,YP_010104338.1,minor_tail
5074,YP_009958362.1,minor_tail
5075,YP_009958364.1,minor_tail
5076,YP_009958365.1,minor_tail
5077,YP_009960392.1,minor_tail
5078,YP_009960394.1,minor_tail
5079,YP_009960395.1,minor_tail
5080,YP_010104245.1,minor_tail
5081,YP_010104250.1,minor_tail
5082,YP_009978445.1,minor_tail
5083,YP_010104825.1,minor_tail
5084,YP_009957209.1,minor_tail
5085,YP_009957211.1,minor_tail
5086,YP_009957212.1,minor_tail
5087,YP_009958462.1,minor_tail
5088,YP_009958464.1,minor_tail
5089,YP_009978794.1,minor_tail
5090,YP_009978821.1,minor_tail
5091,YP_009959787.1,minor_tail
5092,YP_009959789.1,minor_tail
5093,YP_009959790.1,minor_tail
5094,YP_009959890.1,minor_tail
5095,YP_009959892.1,minor_tail
5096,YP_009959893.1,minor_tail
5097,YP_009962995.1,minor_tail
5098,YP_009962997.1,minor_tail
5099,YP_009962998.1,minor_tail
5100,YP_009964352.1,minor_tail
5101,YP_009954703.1,minor_tail
5102,YP_009954705.1,minor_tail
5103,YP_009954706.1,minor_tail
5104,YP_010061067.1,minor_tail
5105,YP_010061070.1,minor_tail
5106,YP_010063561.1,minor_tail
5107,YP_009955424.1,minor_tail
5108,YP_009955426.1,minor_tail
5109,YP_009955427.1,minor_tail
5110,YP_009956358.1,minor_tail
5111,YP_009956360.1,minor_tail
5112,YP_009956361.1,minor_tail
5113,YP_009956789.1,minor_tail
5114,YP_009956791.1,minor_tail
5115,YP_009956792.1,minor_tail
5116,YP_009978614.1,minor_tail
5117,YP_009978630.1,minor_tail
5118,YP_009978641.1,minor_tail
5119,YP_009978704.1,minor_tail
5120,YP_009978720.1,minor_tail
5121,YP_009978731.1,minor_tail
5122,YP_010105204.1,minor_tail
5123,YP_010105206.1,minor_tail
5124,YP_010105207.1,minor_tail
5125,YP_009980884.1,minor_tail
5126,YP_009980911.1,minor_tail
5127,YP_009981165.1,minor_tail
5128,YP_009981193.1,minor_tail
5129,YP_009962676.1,minor_tail
5130,YP_009962678.1,minor_tail
5131,YP_009962679.1,minor_tail
5132,YP_009981538.1,minor_tail
5133,YP_009981554.1,minor_tail
5134,YP_009981565.1,minor_tail
5135,YP_010061454.1,minor_tail
5136,YP_010105419.1,minor_tail
5137,YP_010105422.1,minor_tail
5138,YP_010105423.1,minor_tail
5139,YP_004934216.1,minor_tail
5140,YP_004934218.1,minor_tail
5141,YP_010064305.1,minor_tail
5142,YP_009964274.1,minor_tail
5143,YP_009976769.1,minor_tail
5144,YP_009976798.1,minor_tail
5145,YP_009957945.1,minor_tail
5146,YP_009957947.1,minor_tail
5147,YP_009957948.1,minor_tail
5148,YP_010001320.1,minor_tail
5149,YP_009856203.1,minor_tail
5150,YP_009856206.1,minor_tail
5151,YP_009959082.1,minor_tail
5152,YP_009954912.1,minor_tail
5153,YP_009954913.1,minor_tail
5154,YP_009954914.1,minor_tail
5155,YP_009954915.1,minor_tail
5156,YP_010001085.1,minor_tail
5157,YP_010001087.1,minor_tail
5158,YP_009964194.1,minor_tail
5159,YP_009963106.1,minor_tail
5160,YP_009963107.1,minor_tail
5161,YP_009963108.1,minor_tail
5162,YP_009963109.1,minor_tail
5163,YP_009956254.1,minor_tail
5164,YP_009956256.1,minor_tail
5165,YP_009956257.1,minor_tail
5166,YP_010107459.1,minor_tail
5167,YP_010107666.1,minor_tail
5168,YP_010107671.1,minor_tail
5169,YP_009979066.1,minor_tail
5170,YP_009979094.1,minor_tail
5171,YP_010055969.1,minor_tail
5172,YP_010056045.1,minor_tail
5173,YP_009964430.1,minor_tail
5174,YP_010063835.1,minor_tail
5175,YP_010052361.1,minor_tail
5176,YP_010052362.1,minor_tail
5177,YP_010051819.1,minor_tail
5178,YP_010051820.1,minor_tail
5179,YP_010052225.1,minor_tail
5180,YP_010052226.1,minor_tail
5181,YP_010109292.1,minor_tail
5182,YP_010109297.1,minor_tail
5183,YP_010109380.1,minor_tail
5184,YP_009963839.1,minor_tail
5185,YP_009963841.1,minor_tail
5186,YP_010061982.1,minor_tail
5187,YP_009978511.1,minor_tail
5188,YP_009978538.1,minor_tail
5189,YP_010013787.1,minor_tail
5190,YP_010013790.1,minor_tail
5191,YP_010013791.1,minor_tail
5192,YP_009979610.1,minor_tail
5193,YP_009979638.1,minor_tail
5194,YP_010013636.1,minor_tail
5195,YP_010013639.1,minor_tail
5196,YP_010013640.1,minor_tail
5197,YP_010014086.1,minor_tail
5198,YP_009978139.1,minor_tail
5199,YP_009978166.1,minor_tail
5200,YP_010109955.1,minor_tail
5201,YP_010109872.1,minor_tail
5202,YP_010109490.1,minor_tail
5203,YP_010109664.1,minor_tail
5204,YP_010109670.1,minor_tail
5205,YP_009979250.1,minor_tail
5206,YP_009979277.1,minor_tail
5207,YP_009957528.1,minor_tail
5208,YP_009957530.1,minor_tail
5209,YP_009957531.1,minor_tail
5210,YP_009958151.1,minor_tail
5211,YP_009958153.1,minor_tail
5212,YP_009958154.1,minor_tail
5213,YP_009960085.1,minor_tail
5214,YP_009960086.1,minor_tail
5215,YP_009960083.1,minor_tail
5216,YP_009960084.1,minor_tail
5217,YP_009960190.1,minor_tail
5218,YP_009960192.1,minor_tail
5219,YP_009960193.1,minor_tail
5220,YP_010056269.1,minor_tail
5221,YP_009961947.1,minor_tail
5222,YP_009961949.1,minor_tail
5223,YP_009961950.1,minor_tail
5224,YP_010012732.1,minor_tail
5225,YP_010012739.1,minor_tail
5226,YP_010050642.1,minor_tail
5227,YP_009981347.1,minor_tail
5228,YP_009981374.1,minor_tail
5229,YP_009962255.1,minor_tail
5230,YP_009962257.1,minor_tail
5231,YP_009962258.1,minor_tail
5232,YP_009955624.1,minor_tail
5233,YP_009955626.1,minor_tail
5234,YP_009957111.1,minor_tail
5235,YP_009957113.1,minor_tail
5236,YP_010113800.1,minor_tail
5237,YP_010113802.1,minor_tail
5238,YP_010113803.1,minor_tail
5239,YP_010114117.1,minor_tail
5240,YP_010114717.1,minor_tail
5241,YP_010114720.1,minor_tail
5242,YP_010114721.1,minor_tail
5243,YP_010056500.1,minor_tail
5244,YP_010114949.1,minor_tail
5245,YP_010114954.1,minor_tail
5246,YP_009842505.1,minor_tail
5247,YP_009841692.1,minor_tail
5248,YP_009841693.1,minor_tail
5249,YP_007236702.1,minor_tail
5250,YP_007236704.1,minor_tail
5251,YP_009794593.1,minor_tail
5252,YP_009101284.1,minor_tail
5253,YP_001994759.1,minor_tail
5254,YP_003347803.1,minor_tail
5255,YP_004123841.1,minor_tail
5256,YP_009100128.1,minor_tail
5257,YP_009100130.1,minor_tail
5258,YP_009100840.1,minor_tail
5259,YP_009100841.1,minor_tail
5260,YP_009014895.1,minor_tail
5261,YP_003856901.1,minor_tail
5262,YP_009018255.1,minor_tail
5263,YP_001994847.1,minor_tail
5264,YP_003358730.1,minor_tail
5265,YP_003856995.1,minor_tail
5266,YP_003856999.1,minor_tail
5267,YP_005086974.1,minor_tail
5268,YP_009013220.1,minor_tail
5269,YP_009013483.1,minor_tail
5270,YP_009013672.1,minor_tail
5271,YP_009016014.1,minor_tail
5272,YP_009016095.1,minor_tail
5273,YP_009016096.1,minor_tail
5274,YP_009016097.1,minor_tail
5275,YP_009016384.1,minor_tail
5276,YP_009016722.1,minor_tail
5277,YP_009016908.1,minor_tail
5278,YP_009018892.1,minor_tail
5279,YP_009018893.1,minor_tail
5280,YP_009018894.1,minor_tail
5281,YP_009150889.1,minor_tail
5282,YP_009958060.1,minor_tail
5283,YP_009958061.1,minor_tail
5284,YP_009958063.1,minor_tail
5285,YP_002941876.1,minor_tail
5286,YP_002941880.1,minor_tail
5287,YP_008126609.1,minor_tail
5288,YP_008126610.1,minor_tail
5289,YP_008126611.1,minor_tail
5290,YP_008126267.1,minor_tail
5291,YP_008051142.1,minor_tail
5292,YP_008051143.1,minor_tail
5293,YP_008051144.1,minor_tail
5294,YP_008410694.1,minor_tail
5295,YP_008410696.1,minor_tail
5296,YP_008410695.1,minor_tail
5297,YP_008410697.1,minor_tail
5298,YP_008410699.1,minor_tail
5299,YP_008409554.1,minor_tail
5300,YP_008409555.1,minor_tail
5301,YP_008409556.1,minor_tail
5302,YP_008410585.1,minor_tail
5303,YP_008410586.1,minor_tail
5304,YP_008410587.1,minor_tail
5305,YP_008409760.1,minor_tail
5306,YP_008408676.1,minor_tail
5307,YP_008530492.1,minor_tail
5308,YP_008530497.1,minor_tail
5309,YP_008408907.1,minor_tail
5310,YP_008410892.1,minor_tail
5311,YP_008531005.1,minor_tail
5312,YP_009004477.1,minor_tail
5313,YP_009007308.1,minor_tail
5314,YP_009007310.1,minor_tail
5315,YP_009007311.1,minor_tail
5316,YP_009035927.1,minor_tail
5317,YP_009032073.1,minor_tail
5318,YP_009032074.1,minor_tail
5319,YP_009032075.1,minor_tail
5320,YP_009032078.1,minor_tail
5321,YP_009032512.1,minor_tail
5322,YP_009044016.1,minor_tail
5323,YP_009044018.1,minor_tail
5324,YP_009044019.1,minor_tail
5325,YP_009124757.1,minor_tail
5326,YP_009124759.1,minor_tail
5327,YP_009124764.1,minor_tail
5328,YP_009124765.1,minor_tail
5329,YP_009124767.1,minor_tail
5330,YP_009124769.1,minor_tail
5331,YP_009124770.1,minor_tail
5332,YP_009125870.1,minor_tail
5333,YP_009125871.1,minor_tail
5334,YP_009125872.1,minor_tail
5335,YP_009125400.1,minor_tail
5336,YP_009125401.1,minor_tail
5337,YP_009198454.1,minor_tail
5338,YP_009198242.1,minor_tail
5339,YP_009195127.1,minor_tail
5340,YP_009125297.1,minor_tail
5341,YP_009125298.1,minor_tail
5342,YP_009125299.1,minor_tail
5343,YP_009209417.1,minor_tail
5344,YP_009200643.1,minor_tail
5345,YP_009200644.1,minor_tail
5346,YP_009200645.1,minor_tail
5347,YP_009200647.1,minor_tail
5348,YP_009203299.1,minor_tail
5349,YP_009202297.1,minor_tail
5350,YP_009202298.1,minor_tail
5351,YP_009202299.1,minor_tail
5352,YP_009202300.1,minor_tail
5353,YP_009225791.1,minor_tail
5354,YP_009225793.1,minor_tail
5355,YP_009124671.1,minor_tail
5356,YP_009203089.1,minor_tail
5357,YP_009204209.1,minor_tail
5358,YP_009209501.1,minor_tail
5359,YP_009198055.1,minor_tail
5360,YP_009288332.1,minor_tail
5361,YP_009288341.1,minor_tail
5362,YP_009292045.1,minor_tail
5363,YP_009292054.1,minor_tail
5364,YP_009277884.1,minor_tail
5365,YP_009277893.1,minor_tail
5366,YP_009160243.1,minor_tail
5367,YP_009160252.1,minor_tail
5368,YP_009160064.1,minor_tail
5369,YP_009160073.1,minor_tail
5370,YP_009160198.1,minor_tail
5371,YP_009160207.1,minor_tail
5372,YP_009159837.1,minor_tail
5373,YP_009159846.1,minor_tail
5374,YP_009160288.1,minor_tail
5375,YP_009160297.1,minor_tail
5376,YP_009160108.1,minor_tail
5377,YP_009160117.1,minor_tail
5378,YP_009160017.1,minor_tail
5379,YP_009160026.1,minor_tail
5380,YP_009160153.1,minor_tail
5381,YP_009160162.1,minor_tail
5382,YP_009159927.1,minor_tail
5383,YP_009159936.2,minor_tail
5384,YP_009159883.1,minor_tail
5385,YP_009159892.1,minor_tail
5386,YP_009208298.1,minor_tail
5387,YP_009212658.1,minor_tail
5388,YP_009212660.1,minor_tail
5389,YP_009197606.1,minor_tail
5390,YP_009197607.1,minor_tail
5391,YP_009197608.1,minor_tail
5392,YP_009199542.1,minor_tail
5393,YP_009202405.1,minor_tail
5394,YP_009202408.1,minor_tail
5395,YP_009197013.1,minor_tail
5396,YP_009197016.1,minor_tail
5397,YP_009205065.1,minor_tail
5398,YP_009205066.1,minor_tail
5399,YP_009205067.1,minor_tail
5400,YP_009205070.1,minor_tail
5401,YP_009205484.1,minor_tail
5402,YP_009205491.1,minor_tail
5403,YP_009189738.1,minor_tail
5404,YP_009189739.1,minor_tail
5405,YP_009189740.1,minor_tail
5406,YP_009189743.1,minor_tail
5407,YP_009189745.1,minor_tail
5408,YP_009189746.1,minor_tail
5409,YP_009300707.1,minor_tail
5410,YP_009300711.1,minor_tail
5411,YP_009303578.1,minor_tail
5412,YP_009303855.1,minor_tail
5413,YP_009303856.1,minor_tail
5414,YP_009268951.1,minor_tail
5415,YP_009268953.1,minor_tail
5416,YP_009268954.1,minor_tail
5417,YP_009269328.1,minor_tail
5418,YP_009269330.1,minor_tail
5419,YP_009269331.1,minor_tail
5420,YP_009275376.1,minor_tail
5421,YP_009275381.1,minor_tail
5422,YP_009273954.1,minor_tail
5423,YP_009273959.1,minor_tail
5424,YP_009292531.1,minor_tail
5425,YP_009292538.1,minor_tail
5426,YP_009287806.1,minor_tail
5427,YP_009290220.1,minor_tail
5428,YP_009290224.1,minor_tail
5429,YP_009286705.1,minor_tail
5430,YP_009286710.1,minor_tail
5431,YP_009281213.1,minor_tail
5432,YP_009292407.1,minor_tail
5433,YP_009292417.1,minor_tail
5434,YP_009281128.1,minor_tail
5435,YP_009281130.1,minor_tail
5436,YP_009285971.1,minor_tail
5437,YP_009285973.1,minor_tail
5438,YP_009277941.1,minor_tail
5439,YP_009281643.1,minor_tail
5440,YP_009281644.1,minor_tail
5441,YP_009281641.1,minor_tail
5442,YP_009277762.1,minor_tail
5443,YP_009277763.1,minor_tail
5444,YP_009277766.1,minor_tail
5445,YP_009013116.1,minor_tail
5446,YP_009013117.1,minor_tail
5447,YP_009013118.1,minor_tail
5448,YP_009013119.1,minor_tail
5449,YP_009011359.1,minor_tail
5450,YP_009011364.1,minor_tail
5451,YP_001994486.1,minor_tail
5452,YP_001994668.1,minor_tail
5453,YP_001994575.1,minor_tail
5454,YP_003857148.1,minor_tail
5455,YP_004538961.1,minor_tail
5456,YP_009013747.1,minor_tail
5457,YP_009013751.1,minor_tail
5458,YP_009017242.1,minor_tail
5459,YP_009269050.1,minor_tail
5460,YP_009269052.1,minor_tail
5461,YP_009269053.1,minor_tail
5462,YP_008052196.1,minor_tail
5463,YP_008052197.1,minor_tail
5464,YP_008052198.1,minor_tail
5465,YP_008052199.1,minor_tail
5466,YP_009949787.1,minor_tail
5467,YP_009853779.1,minor_tail
5468,YP_010002342.1,minor_tail
5469,YP_010013251.1,minor_tail
5470,YP_010103822.1,minor_tail
5471,YP_010092613.1,minor_tail
5472,YP_010092708.1,minor_tail
5473,YP_010093854.1,minor_tail
5474,YP_010098113.1,minor_tail
5475,YP_010098838.1,minor_tail
5476,YP_010101170.1,minor_tail
5477,YP_010103155.1,minor_tail
5478,YP_009978918.1,minor_tail
5479,YP_010064282.1,minor_tail
5480,YP_009965973.1,minor_tail
5481,YP_009954009.1,minor_tail
5482,YP_009951697.1,minor_tail
5483,YP_009951399.1,minor_tail
5484,YP_009953911.1,minor_tail
5485,YP_009951206.1,minor_tail
5486,YP_009953222.1,minor_tail
5487,YP_009953322.1,minor_tail
5488,YP_009963622.1,minor_tail
5489,YP_009949381.1,minor_tail
5490,YP_009953815.1,minor_tail
5491,YP_009953118.1,minor_tail
5492,YP_009953615.1,minor_tail
5493,YP_009950538.1,minor_tail
5494,YP_009950558.1,minor_tail
5495,YP_009953522.1,minor_tail
5496,YP_009951306.1,minor_tail
5497,YP_009949788.1,minor_tail
5498,YP_009949975.1,minor_tail
5499,YP_009950368.1,minor_tail
5500,YP_009953419.1,minor_tail
5501,YP_009952915.1,minor_tail
5502,YP_009952170.1,minor_tail
5503,YP_009785534.1,minor_tail
5504,YP_009790157.1,minor_tail
5505,YP_009836196.1,minor_tail
5506,YP_009836200.1,minor_tail
5507,YP_009796566.1,minor_tail
5508,YP_009796567.1,minor_tail
5509,YP_009622411.1,minor_tail
5510,YP_009623055.1,minor_tail
5511,YP_009623056.1,minor_tail
5512,YP_009623119.1,minor_tail
5513,YP_009623120.1,minor_tail
5514,YP_009623182.1,minor_tail
5515,YP_009623183.1,minor_tail
5516,YP_009624272.1,minor_tail
5517,YP_009624273.1,minor_tail
5518,YP_009624159.1,minor_tail
5519,YP_009624160.1,minor_tail
5520,YP_009624217.1,minor_tail
5521,YP_009624218.1,minor_tail
5522,YP_009801578.1,minor_tail
5523,YP_009801778.1,minor_tail
5524,YP_009908720.1,minor_tail
5525,YP_009908721.1,minor_tail
5526,YP_009802988.1,minor_tail
5527,YP_009802989.1,minor_tail
5528,YP_009802620.1,minor_tail
5529,YP_009802621.1,minor_tail
5530,YP_009803140.1,minor_tail
5531,YP_009806798.1,minor_tail
5532,YP_009839006.1,minor_tail
5533,YP_009839237.1,minor_tail
5534,YP_009807604.1,minor_tail
5535,YP_009807751.1,minor_tail
5536,YP_009808196.1,minor_tail
5537,YP_009840836.1,minor_tail
5538,YP_009881688.1,minor_tail
5539,YP_009815704.1,minor_tail
5540,YP_009815706.1,minor_tail
5541,YP_009815775.1,minor_tail
5542,YP_009815777.1,minor_tail
5543,YP_009815847.1,minor_tail
5544,YP_009815849.1,minor_tail
5545,YP_009815153.1,minor_tail
5546,YP_009814991.1,minor_tail
5547,YP_009815108.1,minor_tail
5548,YP_009815928.1,minor_tail
5549,YP_009815929.1,minor_tail
5550,YP_009842162.1,minor_tail
5551,YP_009842169.1,minor_tail
5552,YP_009842191.1,minor_tail
5553,YP_009842198.1,minor_tail
5554,YP_009817048.1,minor_tail
5555,YP_009817049.1,minor_tail
5556,YP_009817050.1,minor_tail
5557,YP_009817051.1,minor_tail
5558,YP_009818850.1,minor_tail
5559,YP_009818851.1,minor_tail
5560,YP_009843530.1,minor_tail
5561,YP_009819690.1,minor_tail
5562,YP_009820347.1,minor_tail
5563,YP_009845416.1,minor_tail
5564,YP_009845417.1,minor_tail
5565,YP_009845418.1,minor_tail
5566,YP_009847661.1,minor_tail
5567,YP_009847662.1,minor_tail
5568,YP_009847718.1,minor_tail
5569,YP_009908656.1,minor_tail
5570,YP_009908657.1,minor_tail
5571,YP_009908595.1,minor_tail
5572,YP_009908596.1,minor_tail
5573,YP_009884826.1,minor_tail
5574,YP_009853780.1,minor_tail
5575,YP_009885937.1,minor_tail
5576,YP_009887288.1,minor_tail
5577,YP_009857416.1,minor_tail
5578,YP_009859529.1,minor_tail
5579,YP_009859530.1,minor_tail
5580,YP_009859531.1,minor_tail
5581,YP_009996800.1,minor_tail
5582,YP_009996599.1,minor_tail
5583,YP_009996770.1,minor_tail
5584,YP_009996775.1,minor_tail
5585,YP_009996725.1,minor_tail
5586,YP_009996827.1,minor_tail
5587,YP_009996667.1,minor_tail
5588,YP_009996674.1,minor_tail
5589,YP_009996624.1,minor_tail
5590,YP_009996700.1,minor_tail
5591,YP_009996750.1,minor_tail
5592,YP_009996649.1,minor_tail
5593,YP_010002878.1,minor_tail
5594,YP_010002789.1,minor_tail
5595,YP_010001664.1,minor_tail
5596,YP_010001749.1,minor_tail
5597,YP_010013525.1,minor_tail
5598,YP_010050612.1,minor_tail
5599,YP_010050967.1,minor_tail
5600,YP_010051120.1,minor_tail
5601,YP_010058222.1,minor_tail
5602,YP_010058005.1,minor_tail
5603,YP_010057769.1,minor_tail
5604,YP_010059436.1,minor_tail
5605,YP_010092610.1,minor_tail
5606,YP_010092611.1,minor_tail
5607,YP_010092612.1,minor_tail
5608,YP_010092705.1,minor_tail
5609,YP_010092706.1,minor_tail
5610,YP_010092707.1,minor_tail
5611,YP_010093851.1,minor_tail
5612,YP_010093852.1,minor_tail
5613,YP_010093853.1,minor_tail
5614,YP_010097001.1,minor_tail
5615,YP_010097002.1,minor_tail
5616,YP_010097003.1,minor_tail
5617,YP_010097443.1,minor_tail
5618,YP_010097444.1,minor_tail
5619,YP_010097445.1,minor_tail
5620,YP_010097554.1,minor_tail
5621,YP_010098019.1,minor_tail
5622,YP_010098020.1,minor_tail
5623,YP_010098021.1,minor_tail
5624,YP_010098110.1,minor_tail
5625,YP_010098111.1,minor_tail
5626,YP_010098112.1,minor_tail
5627,YP_010098297.1,minor_tail
5628,YP_010098298.1,minor_tail
5629,YP_010098299.1,minor_tail
5630,YP_010098388.1,minor_tail
5631,YP_010098389.1,minor_tail
5632,YP_010098390.1,minor_tail
5633,YP_010098835.1,minor_tail
5634,YP_010098836.1,minor_tail
5635,YP_010098837.1,minor_tail
5636,YP_010098928.1,minor_tail
5637,YP_010098929.1,minor_tail
5638,YP_010098930.1,minor_tail
5639,YP_010098744.1,minor_tail
5640,YP_010098745.1,minor_tail
5641,YP_010098746.1,minor_tail
5642,YP_010099537.1,minor_tail
5643,YP_010099015.1,minor_tail
5644,YP_010101167.1,minor_tail
5645,YP_010101168.1,minor_tail
5646,YP_010101169.1,minor_tail
5647,YP_010101257.1,minor_tail
5648,YP_010101258.1,minor_tail
5649,YP_010101259.1,minor_tail
5650,YP_010101261.1,minor_tail
5651,YP_010103152.1,minor_tail
5652,YP_010103153.1,minor_tail
5653,YP_010103154.1,minor_tail
5654,YP_010103318.1,minor_tail
5655,YP_010104712.1,minor_tail
5656,YP_010104713.1,minor_tail
5657,YP_010104714.1,minor_tail
5658,YP_010104450.1,minor_tail
5659,YP_010104621.1,minor_tail
5660,YP_010104622.1,minor_tail
5661,YP_010104623.1,minor_tail
5662,YP_010104625.1,minor_tail
5663,YP_010109214.1,minor_tail
5664,YP_010113709.1,minor_tail
5665,YP_001272524.1,minor_tail
5666,YP_006906649.1,minor_tail
5667,YP_006906791.1,minor_tail
5668,YP_009963939.1,minor_tail
5669,YP_009963940.1,minor_tail
5670,YP_009977161.1,minor_tail
5671,YP_009963415.1,minor_tail
5672,YP_010062567.1,minor_tail
5673,YP_009788280.1,minor_tail
5674,YP_009977337.1,minor_tail
5675,YP_009977340.1,minor_tail
5676,YP_010013942.1,minor_tail
5677,YP_010013945.1,minor_tail
5678,YP_009962372.1,minor_tail
5679,YP_009789378.1,minor_tail
5680,YP_009962165.1,minor_tail
5681,YP_009951499.1,minor_tail
5682,YP_010059963.1,minor_tail
5683,YP_009951108.1,minor_tail
5684,YP_009951110.1,minor_tail
5685,YP_009962578.1,minor_tail
5686,YP_010062325.1,minor_tail
5687,YP_009792200.1,minor_tail
5688,YP_009956580.1,minor_tail
5689,YP_009961849.1,minor_tail
5690,YP_009961852.1,minor_tail
5691,YP_009963205.1,minor_tail
5692,YP_010055311.1,minor_tail
5693,YP_010055634.1,minor_tail
5694,YP_010055232.1,minor_tail
5695,YP_010055390.1,minor_tail
5696,YP_009955838.1,minor_tail
5697,YP_009955841.1,minor_tail
5698,YP_009963719.1,minor_tail
5699,YP_009963720.1,minor_tail
5700,YP_009978330.1,minor_tail
5701,YP_009978331.1,minor_tail
5702,YP_009978350.1,minor_tail
5703,YP_009978353.1,minor_tail
5704,YP_009961019.1,minor_tail
5705,YP_009961022.1,minor_tail
5706,YP_009795497.1,minor_tail
5707,YP_010060968.1,minor_tail
5708,YP_010061333.1,minor_tail
5709,YP_010061355.1,minor_tail
5710,YP_010055152.1,minor_tail
5711,YP_009796852.1,minor_tail
5712,YP_009960707.1,minor_tail
5713,YP_009957322.1,minor_tail
5714,YP_009957324.1,minor_tail
5715,YP_009961639.1,minor_tail
5716,YP_009954398.1,minor_tail
5717,YP_009954401.1,minor_tail
5718,YP_009837542.1,minor_tail
5719,YP_009980718.1,minor_tail
5720,YP_009980721.1,minor_tail
5721,YP_009980725.1,minor_tail
5722,YP_009976164.1,minor_tail
5723,YP_009976167.1,minor_tail
5724,YP_009977705.1,minor_tail
5725,YP_009978253.1,minor_tail
5726,YP_009978256.1,minor_tail
5727,YP_009979452.1,minor_tail
5728,YP_009977420.1,minor_tail
5729,YP_009977423.1,minor_tail
5730,YP_009977424.1,minor_tail
5731,YP_009624547.1,minor_tail
5732,YP_010055888.1,minor_tail
5733,YP_009978909.1,minor_tail
5734,YP_009978912.1,minor_tail
5735,YP_009960917.1,minor_tail
5736,YP_009960920.1,minor_tail
5737,YP_009965236.1,minor_tail
5738,YP_009801507.1,minor_tail
5739,YP_009801663.1,minor_tail
5740,YP_009959487.1,minor_tail
5741,YP_010054665.1,minor_tail
5742,YP_009802806.1,minor_tail
5743,YP_009802807.1,minor_tail
5744,YP_009802901.1,minor_tail
5745,YP_009802902.1,minor_tail
5746,YP_009802543.1,minor_tail
5747,YP_009802544.1,minor_tail
5748,YP_010061796.1,minor_tail
5749,YP_010061819.1,minor_tail
5750,YP_009806866.1,minor_tail
5751,YP_009806969.1,minor_tail
5752,YP_009978977.1,minor_tail
5753,YP_009978999.1,minor_tail
5754,YP_009960808.1,minor_tail
5755,YP_009962062.1,minor_tail
5756,YP_009979816.1,minor_tail
5757,YP_009979819.1,minor_tail
5758,YP_010096734.1,minor_tail
5759,YP_010096738.1,minor_tail
5760,YP_009957842.1,minor_tail
5761,YP_009957845.1,minor_tail
5762,YP_009980995.1,minor_tail
5763,YP_009980998.1,minor_tail
5764,YP_009957739.1,minor_tail
5765,YP_009979729.1,minor_tail
5766,YP_009977797.1,minor_tail
5767,YP_010055075.1,minor_tail
5768,YP_010001831.1,minor_tail
5769,YP_009808361.1,minor_tail
5770,YP_009808374.1,minor_tail
5771,YP_009808257.1,minor_tail
5772,YP_009958975.1,minor_tail
5773,YP_009955133.1,minor_tail
5774,YP_009979159.1,minor_tail
5775,YP_009979178.1,minor_tail
5776,YP_009979181.1,minor_tail
5777,YP_009979187.1,minor_tail
5778,YP_009960494.1,minor_tail
5779,YP_010055806.1,minor_tail
5780,YP_009814133.1,minor_tail
5781,YP_009812932.1,minor_tail
5782,YP_009815222.1,minor_tail
5783,YP_009815224.1,minor_tail
5784,YP_009815293.1,minor_tail
5785,YP_009815295.1,minor_tail
5786,YP_009815360.1,minor_tail
5787,YP_009815363.1,minor_tail
5788,YP_009815435.1,minor_tail
5789,YP_009815437.1,minor_tail
5790,YP_009815499.1,minor_tail
5791,YP_009815501.1,minor_tail
5792,YP_009815570.1,minor_tail
5793,YP_009815572.1,minor_tail
5794,YP_009815635.1,minor_tail
5795,YP_009815636.1,minor_tail
5796,YP_009815637.1,minor_tail
5797,YP_009815638.1,minor_tail
5798,YP_009959181.1,minor_tail
5799,YP_010002004.1,minor_tail
5800,YP_010001917.1,minor_tail
5801,YP_010001582.1,minor_tail
5802,YP_009963518.1,minor_tail
5803,YP_009963521.1,minor_tail
5804,YP_009818577.1,minor_tail
5805,YP_009818578.1,minor_tail
5806,YP_009818579.1,minor_tail
5807,YP_009818581.1,minor_tail
5808,YP_009818634.1,minor_tail
5809,YP_010064124.1,minor_tail
5810,YP_009961319.1,minor_tail
5811,YP_009981282.1,minor_tail
5812,YP_009981285.1,minor_tail
5813,YP_009980361.1,minor_tail
5814,YP_009980364.1,minor_tail
5815,YP_009843623.1,minor_tail
5816,YP_009819064.1,minor_tail
5817,YP_010054997.1,minor_tail
5818,YP_009819840.1,minor_tail
5819,YP_009819843.1,minor_tail
5820,YP_009819894.1,minor_tail
5821,YP_009819897.1,minor_tail
5822,YP_010101685.1,minor_tail
5823,YP_009961119.1,minor_tail
5824,YP_009820272.1,minor_tail
5825,YP_009820273.1,minor_tail
5826,YP_010061534.1,minor_tail
5827,YP_009980536.1,minor_tail
5828,YP_009980539.1,minor_tail
5829,YP_009980545.1,minor_tail
5830,YP_010055472.1,minor_tail
5831,YP_009821475.1,minor_tail
5832,YP_010001249.1,minor_tail
5833,YP_009981466.1,minor_tail
5834,YP_009981469.1,minor_tail
5835,YP_009822318.1,minor_tail
5836,YP_010101994.1,minor_tail
5837,YP_009849468.1,minor_tail
5838,YP_010103640.1,minor_tail
5839,YP_009976518.1,minor_tail
5840,YP_009976521.1,minor_tail
5841,YP_009976966.1,minor_tail
5842,YP_010102950.1,minor_tail
5843,YP_010059752.1,minor_tail
5844,YP_010064626.1,minor_tail
5845,YP_010080435.1,minor_tail
5846,YP_010060800.1,minor_tail
5847,YP_009954205.1,minor_tail
5848,YP_010055718.1,minor_tail
5849,YP_010050720.1,minor_tail
5850,YP_010050723.1,minor_tail
5851,YP_009852136.1,minor_tail
5852,YP_009852782.1,minor_tail
5853,YP_009852865.1,minor_tail
5854,YP_009885099.1,minor_tail
5855,YP_009853597.1,minor_tail
5856,YP_009853897.1,minor_tail
5857,YP_010059503.1,minor_tail
5858,YP_010059520.1,minor_tail
5859,YP_010059524.1,minor_tail
5860,YP_009853693.1,minor_tail
5861,YP_010061047.1,minor_tail
5862,YP_010061069.1,minor_tail
5863,YP_009978616.1,minor_tail
5864,YP_009978706.1,minor_tail
5865,YP_009981540.1,minor_tail
5866,YP_009976870.1,minor_tail
5867,YP_009976890.1,minor_tail
5868,YP_009976894.1,minor_tail
5869,YP_010060885.1,minor_tail
5870,YP_009902129.1,minor_tail
5871,YP_009901927.1,minor_tail
5872,YP_009901956.1,minor_tail
5873,YP_009904871.1,minor_tail
5874,YP_009901835.1,minor_tail
5875,YP_009902060.1,minor_tail
5876,YP_009901697.1,minor_tail
5877,YP_009901753.1,minor_tail
5878,YP_010001086.1,minor_tail
5879,YP_009901486.1,minor_tail
5880,YP_009956259.1,minor_tail
5881,YP_009859442.1,minor_tail
5882,YP_010055556.1,minor_tail
5883,YP_010107668.1,minor_tail
5884,YP_010107672.1,minor_tail
5885,YP_010055971.1,minor_tail
5886,YP_009963836.1,minor_tail
5887,YP_009963837.1,minor_tail
5888,YP_010061959.1,minor_tail
5889,YP_010061961.1,minor_tail
5890,YP_009979280.1,minor_tail
5891,YP_010054740.1,minor_tail
5892,YP_010054830.1,minor_tail
5893,YP_010054909.1,minor_tail
5894,YP_009961955.1,minor_tail
5895,YP_009981368.1,minor_tail
5896,YP_009981371.1,minor_tail
5897,YP_009957116.1,minor_tail
5898,YP_010056502.1,minor_tail
5899,YP_009997544.1,minor_tail
5900,YP_009842507.1,minor_tail
5901,YP_010246279.1,minor_tail
5902,YP_010246692.1,minor_tail
5903,YP_010246137.1,minor_tail
5904,YP_010246551.1,minor_tail
5905,YP_006907191.1,minor_tail
5906,YP_006907192.1,minor_tail
5907,YP_006907194.1,minor_tail
5908,YP_006990136.1,minor_tail
5909,YP_009208300.1,minor_tail
5910,YP_009275384.1,minor_tail
5911,YP_009273962.1,minor_tail
5912,YP_009845121.1,portal
5913,YP_009849861.1,portal
5914,YP_010053291.1,portal
5915,YP_010053216.1,portal
5916,YP_010053927.1,portal
5917,NP_945033.1,portal
5918,YP_009807587.1,portal
5919,YP_009807734.1,portal
5920,YP_009838366.1,portal
5921,YP_009809736.1,portal
5922,YP_009844275.1,portal
5923,YP_009843933.1,portal
5924,YP_009844052.1,portal
5925,YP_009883982.1,portal
5926,YP_009852356.1,portal
5927,YP_009852556.1,portal
5928,YP_009852455.1,portal
5929,YP_009852654.1,portal
5930,YP_009853957.1,portal
5931,YP_009855686.1,portal
5932,YP_010107334.1,portal
5933,YP_010114684.1,portal
5934,YP_009810290.1,portal
5935,YP_008126541.1,portal
5936,YP_009798354.1,portal
5937,YP_009841028.1,portal
5938,YP_001285880.1,portal
5939,NP_612832.1,portal
5940,YP_001039817.1,portal
5941,YP_355414.1,portal
5942,YP_004301278.1,portal
5943,YP_009792323.1,portal
5944,YP_008772045.1,portal
5945,YP_009948776.1,portal
5946,YP_009276358.1,portal
5947,YP_009829966.1,portal
5948,YP_009833651.1,portal
5949,YP_009787993.1,portal
5950,YP_009797195.1,portal
5951,YP_009797396.1,portal
5952,YP_009797492.1,portal
5953,YP_009797596.1,portal
5954,YP_009798045.1,portal
5955,YP_009837959.1,portal
5956,YP_009801649.1,portal
5957,YP_009806851.1,portal
5958,YP_009812773.1,portal
5959,YP_009814224.1,portal
5960,YP_009814395.1,portal
5961,YP_009848822.1,portal
5962,YP_009854226.1,portal
5963,YP_009877470.1,portal
5964,YP_009877548.1,portal
5965,YP_009877507.1,portal
5966,YP_009877590.1,portal
5967,YP_010078552.1,portal
5968,YP_009887269.1,portal
5969,YP_009997732.1,portal
5970,YP_009997773.1,portal
5971,NP_996701.1,portal
5972,NP_958580.1,portal
5973,NP_862873.1,portal
5974,YP_004301536.1,portal
5975,YP_009276832.1,portal
5976,YP_009283225.1,portal
5977,YP_009279708.1,portal
5978,YP_009914699.1,portal
5979,YP_010080156.1,portal
5980,YP_010080224.1,portal
5981,YP_009998305.1,portal
5982,YP_009998230.1,portal
5983,YP_009998378.1,portal
5984,NP_695055.1,portal
5985,YP_001700677.1,portal
5986,YP_009952249.1,portal
5987,YP_009966482.1,portal
5988,YP_009950445.1,portal
5989,YP_009953990.1,portal
5990,YP_009952523.1,portal
5991,YP_009951678.1,portal
5992,YP_009951775.1,portal
5993,YP_009951380.1,portal
5994,YP_009953892.1,portal
5995,YP_009951187.1,portal
5996,YP_009951872.1,portal
5997,YP_009951966.1,portal
5998,YP_009953203.1,portal
5999,YP_009952800.1,portal
6000,YP_009952603.1,portal
6001,YP_009953305.1,portal
6002,YP_009950813.1,portal
6003,YP_009952343.1,portal
6004,YP_009950719.1,portal
6005,YP_009952438.1,portal
6006,YP_009955310.1,portal
6007,YP_009952701.1,portal
6008,YP_009949358.1,portal
6009,YP_009950905.1,portal
6010,YP_009950062.1,portal
6011,YP_009949674.1,portal
6012,YP_009949865.1,portal
6013,YP_009953796.1,portal
6014,YP_009950335.1,portal
6015,YP_009953099.1,portal
6016,YP_009953596.1,portal
6017,YP_009950541.1,portal
6018,YP_009952059.1,portal
6019,YP_009954087.1,portal
6020,YP_009954286.1,portal
6021,YP_009949574.1,portal
6022,YP_009953503.1,portal
6023,YP_009951287.1,portal
6024,YP_009949767.1,portal
6025,YP_009949471.1,portal
6026,YP_009949955.1,portal
6027,YP_009966626.1,portal
6028,YP_009950351.1,portal
6029,YP_009951576.1,portal
6030,YP_009953399.1,portal
6031,YP_009952896.1,portal
6032,YP_009952151.1,portal
6033,YP_009664217.1,portal
6034,NP_835625.1,portal
6035,NP_570351.1,portal
6036,NP_943786.1,portal
6037,NP_944108.1,portal
6038,YP_656382.1,portal
6039,NP_918995.1,portal
6040,YP_112492.1,portal
6041,YP_238883.1,portal
6042,YP_655520.1,portal
6043,YP_874016.1,portal
6044,YP_001504121.1,portal
6045,YP_009140185.1,portal
6046,YP_001429612.1,portal
6047,YP_002727890.1,portal
6048,YP_002790785.1,portal
6049,YP_009191002.1,portal
6050,YP_009168188.1,portal
6051,YP_007003990.1,portal
6052,YP_004782210.1,portal
6053,YP_004957552.1,portal
6054,YP_003580054.1,portal
6055,YP_009168341.1,portal
6056,YP_007674920.1,portal
6057,YP_005098311.1,portal
6058,YP_009103140.1,portal
6059,YP_004306643.1,portal
6060,YP_003969129.1,portal
6061,YP_003969303.1,portal
6062,YP_007002792.1,portal
6063,YP_007237933.1,portal
6064,YP_009222143.1,portal
6065,YP_009637346.1,portal
6066,YP_009614331.1,portal
6067,YP_009614152.1,portal
6068,YP_009211806.1,portal
6069,YP_009198682.1,portal
6070,YP_009614433.1,portal
6071,YP_009614029.1,portal
6072,YP_007005019.1,portal
6073,YP_007005331.1,portal
6074,YP_008992066.1,portal
6075,YP_009638002.1,portal
6076,YP_009014270.1,portal
6077,YP_004895318.1,portal
6078,YP_009016797.1,portal
6079,YP_009208556.1,portal
6080,YP_009018321.1,portal
6081,YP_009018422.1,portal
6082,YP_007008105.1,portal
6083,YP_006382527.1,portal
6084,YP_007348848.1,portal
6085,YP_006560759.1,portal
6086,YP_006561149.1,portal
6087,YP_006986484.1,portal
6088,YP_006299872.1,portal
6089,YP_009110741.1,portal
6090,YP_006383458.1,portal
6091,YP_007006568.1,portal
6092,YP_006560346.1,portal
6093,YP_006560405.1,portal
6094,YP_009042890.1,portal
6095,YP_009196256.1,portal
6096,YP_009210620.1,portal
6097,YP_009205603.1,portal
6098,YP_006560242.1,portal
6099,YP_009638567.1,portal
6100,YP_007010833.1,portal
6101,YP_007010339.1,portal
6102,YP_009217566.1,portal
6103,YP_006908141.1,portal
6104,YP_007349035.1,portal
6105,YP_009044884.1,portal
6106,YP_009044220.1,portal
6107,YP_009044925.1,portal
6108,YP_007517949.1,portal
6109,YP_009189246.1,portal
6110,YP_008060733.1,portal
6111,YP_009601849.1,portal
6112,YP_008052085.1,portal
6113,YP_008129758.1,portal
6114,YP_008241981.1,portal
6115,YP_008242162.1,portal
6116,YP_008530888.1,portal
6117,YP_008531238.1,portal
6118,YP_009098943.1,portal
6119,YP_008771672.1,portal
6120,YP_008770881.1,portal
6121,YP_009005655.1,portal
6122,YP_009639193.1,portal
6123,YP_009639121.1,portal
6124,YP_009004557.1,portal
6125,YP_009783890.1,portal
6126,YP_009030468.1,portal
6127,YP_009190064.1,portal
6128,YP_009187518.1,portal
6129,YP_009009660.1,portal
6130,YP_009021413.1,portal
6131,YP_009592630.1,portal
6132,YP_009044553.1,portal
6133,YP_009100417.1,portal
6134,YP_009104106.1,portal
6135,YP_009103293.1,portal
6136,YP_009103902.1,portal
6137,YP_009031544.1,portal
6138,YP_009044342.1,portal
6139,YP_009625916.1,portal
6140,YP_009043283.1,portal
6141,YP_009043608.1,portal
6142,YP_009147103.1,portal
6143,YP_009043933.1,portal
6144,YP_009215609.1,portal
6145,YP_009191102.1,portal
6146,YP_009097818.1,portal
6147,YP_009149971.1,portal
6148,YP_009151142.1,portal
6149,YP_009151616.1,portal
6150,YP_009321735.1,portal
6151,YP_009100997.1,portal
6152,YP_009099716.1,portal
6153,YP_009147623.1,portal
6154,YP_009126036.1,portal
6155,YP_009125760.1,portal
6156,YP_009220342.1,portal
6157,YP_009222589.1,portal
6158,YP_009219883.1,portal
6159,YP_009219165.1,portal
6160,YP_009210866.1,portal
6161,YP_009193465.1,portal
6162,YP_009202639.1,portal
6163,YP_009220828.1,portal
6164,YP_009220829.1,portal
6165,YP_009220830.1,portal
6166,YP_009225673.1,portal
6167,YP_009604247.1,portal
6168,YP_009226432.1,portal
6169,YP_009226058.1,portal
6170,YP_009191201.1,portal
6171,YP_009218791.1,portal
6172,YP_009616346.1,portal
6173,YP_009194460.1,portal
6174,YP_009607409.1,portal
6175,YP_009607131.1,portal
6176,YP_009214927.1,portal
6177,YP_009191299.1,portal
6178,YP_009601489.1,portal
6179,YP_009195030.1,portal
6180,YP_009200917.1,portal
6181,YP_009216591.1,portal
6182,YP_009603206.1,portal
6183,YP_009603385.1,portal
6184,YP_009603099.1,portal
6185,YP_009603473.1,portal
6186,YP_009603006.1,portal
6187,YP_009601636.1,portal
6188,YP_009601713.1,portal
6189,YP_009601563.1,portal
6190,YP_009616578.1,portal
6191,YP_009302415.1,portal
6192,YP_009303072.1,portal
6193,YP_009283032.1,portal
6194,YP_009595851.1,portal
6195,YP_009616028.1,portal
6196,YP_009283962.1,portal
6197,YP_009293348.1,portal
6198,YP_009285749.1,portal
6199,YP_009831513.1,portal
6200,YP_009626448.1,portal
6201,YP_009323076.1,portal
6202,YP_009831230.1,portal
6203,YP_009287482.1,portal
6204,YP_009290973.1,portal
6205,YP_009282252.1,portal
6206,YP_009596379.1,portal
6207,YP_009596673.1,portal
6208,YP_009876484.1,portal
6209,YP_009610018.1,portal
6210,YP_009610151.1,portal
6211,YP_009834681.1,portal
6212,YP_009612382.1,portal
6213,YP_009612456.1,portal
6214,YP_009612542.1,portal
6215,YP_009877753.1,portal
6216,YP_009612999.1,portal
6217,YP_009834915.1,portal
6218,YP_009615088.1,portal
6219,YP_009613285.1,portal
6220,YP_009613408.1,portal
6221,YP_009613475.1,portal
6222,YP_009620171.1,portal
6223,YP_009620267.1,portal
6224,YP_009620358.1,portal
6225,YP_009620440.1,portal
6226,YP_009620509.1,portal
6227,YP_009879568.1,portal
6228,YP_009796175.1,portal
6229,YP_009796396.1,portal
6230,YP_009879684.1,portal
6231,YP_009622329.1,portal
6232,YP_009837348.1,portal
6233,YP_009622598.1,portal
6234,YP_009837734.1,portal
6235,YP_009624845.1,portal
6236,YP_009625582.1,portal
6237,YP_009802963.1,portal
6238,YP_009803060.1,portal
6239,YP_009880715.1,portal
6240,YP_009812596.1,portal
6241,YP_009838990.1,portal
6242,YP_009839221.1,portal
6243,YP_009840468.1,portal
6244,YP_009808876.1,portal
6245,YP_009807127.1,portal
6246,YP_009881257.1,portal
6247,YP_009881057.1,portal
6248,YP_009840818.1,portal
6249,YP_009881677.1,portal
6250,YP_009126426.1,portal
6251,YP_009843515.1,portal
6252,YP_009882851.1,portal
6253,YP_009883476.1,portal
6254,YP_009889998.1,portal
6255,YP_009883273.1,portal
6256,YP_009884489.1,portal
6257,YP_009884224.1,portal
6258,YP_009909712.1,portal
6259,YP_009885926.1,portal
6260,YP_009889356.1,portal
6261,YP_009888138.1,portal
6262,YP_009887729.1,portal
6263,YP_009888549.1,portal
6264,YP_009887936.1,portal
6265,YP_009888343.1,portal
6266,YP_009887547.1,portal
6267,YP_009889156.1,portal
6268,YP_009888745.1,portal
6269,YP_009888955.1,portal
6270,YP_009887359.1,portal
6271,YP_009198866.1,portal
6272,YP_009189965.1,portal
6273,YP_009018988.1,portal
6274,YP_009215512.1,portal
6275,YP_009998007.1,portal
6276,YP_009997358.1,portal
6277,YP_009997196.1,portal
6278,YP_009997276.1,portal
6279,YP_009997441.1,portal
6280,YP_010000198.1,portal
6281,YP_009997468.1,portal
6282,YP_010000252.1,portal
6283,YP_009998562.1,portal
6284,YP_009997924.1,portal
6285,YP_010012380.1,portal
6286,YP_010049611.1,portal
6287,YP_010050797.1,portal
6288,YP_010050946.1,portal
6289,YP_010050878.1,portal
6290,YP_010051099.1,portal
6291,YP_010051027.1,portal
6292,YP_010051288.1,portal
6293,YP_010051475.1,portal
6294,YP_010051413.1,portal
6295,YP_010051739.1,portal
6296,YP_010051348.1,portal
6297,YP_010051543.1,portal
6298,YP_010051610.1,portal
6299,YP_010051673.1,portal
6300,YP_010115117.1,portal
6301,YP_010082625.1,portal
6302,YP_010089129.1,portal
6303,YP_010089196.1,portal
6304,YP_010082529.1,portal
6305,YP_010082724.1,portal
6306,YP_010078918.1,portal
6307,YP_010092967.1,portal
6308,YP_010095691.1,portal
6309,YP_010095736.1,portal
6310,YP_010096521.1,portal
6311,YP_010098996.1,portal
6312,YP_010103215.1,portal
6313,YP_010105097.1,portal
6314,YP_010078243.1,portal
6315,YP_010078667.1,portal
6316,YP_010109552.1,portal
6317,NP_899604.1,portal
6318,YP_008125180.1,portal
6319,YP_164747.1,portal
6320,YP_005087228.1,portal
6321,YP_006908060.1,portal
6322,YP_009003174.1,portal
6323,YP_009008896.1,portal
6324,YP_009042653.1,portal
6325,YP_009125182.1,portal
6326,YP_009203185.1,portal
6327,YP_009284714.1,portal
6328,YP_009624723.1,portal
6329,YP_009624733.1,portal
6330,YP_009950157.1,portal
6331,YP_009950996.1,portal
6332,YP_009882237.1,portal
6333,YP_009952998.1,portal
6334,YP_009956032.1,portal
6335,YP_010078613.1,portal
6336,YP_010078350.1,portal
6337,NP_049782.1,portal
6338,YP_010067314.1,portal
6339,YP_010067050.1,portal
6340,YP_002854125.1,portal
6341,YP_007947929.1,portal
6342,NP_037664.1,portal
6343,NP_958179.1,portal
6344,NP_861872.1,portal
6345,YP_009098553.1,portal
6346,NP_061500.1,portal
6347,NP_108710.1,portal
6348,YP_009191706.1,portal
6349,NP_112695.1,portal
6350,YP_009167539.1,portal
6351,NP_037699.1,portal
6352,NP_463464.1,portal
6353,YP_001468389.1,portal
6354,YP_001468463.1,portal
6355,NP_046899.1,portal
6356,YP_009018694.1,portal
6357,NP_891727.1,portal
6358,NP_695169.1,portal
6359,YP_001285356.1,portal
6360,YP_238542.1,portal
6361,YP_006907304.1,portal
6362,YP_239722.1,portal
6363,YP_009167984.1,portal
6364,YP_009102372.1,portal
6365,NP_663672.1,portal
6366,NP_665924.1,portal
6367,YP_010078038.1,portal
6368,NP_150162.2,portal
6369,NP_075502.1,portal
6370,NP_112077.1,portal
6371,NP_536820.1,portal
6372,YP_009981812.1,portal
6373,NP_510984.1,portal
6374,NP_892048.1,portal
6375,NP_720327.1,portal
6376,NP_536360.1,portal
6377,NP_803337.1,portal
6378,NP_853590.1,portal
6379,NP_817977.1,portal
6380,NP_758916.1,portal
6381,YP_008318325.1,portal
6382,YP_239936.1,portal
6383,YP_006406.1,portal
6384,YP_009041312.1,portal
6385,YP_195138.1,portal
6386,NP_944280.1,portal
6387,YP_006584.1,portal
6388,YP_214363.1,portal
6389,YP_214665.1,portal
6390,YP_240900.1,portal
6391,YP_001595296.1,portal
6392,YP_009224503.1,portal
6393,YP_239567.1,portal
6394,YP_239644.1,portal
6395,YP_239857.1,portal
6396,YP_240003.1,portal
6397,YP_240075.1,portal
6398,YP_240152.1,portal
6399,YP_240308.1,portal
6400,YP_240382.1,portal
6401,YP_240454.1,portal
6402,YP_240531.1,portal
6403,YP_240606.1,portal
6404,YP_240672.1,portal
6405,YP_240744.1,portal
6406,YP_240817.1,portal
6407,YP_002455889.1,portal
6408,YP_406390.1,portal
6409,YP_002308530.1,portal
6410,YP_654729.1,portal
6411,YP_512313.1,portal
6412,YP_001293348.1,portal
6413,YP_338186.1,portal
6414,YP_002533462.1,portal
6415,YP_459967.1,portal
6416,YP_579205.1,portal
6417,YP_516189.1,portal
6418,YP_717798.1,portal
6419,YP_699943.1,portal
6420,YP_950666.1,portal
6421,YP_950583.1,portal
6422,YP_001272517.1,portal
6423,YP_002268006.1,portal
6424,YP_007151673.1,portal
6425,YP_007151738.1,portal
6426,YP_007151610.1,portal
6427,YP_001469236.1,portal
6428,YP_004323020.1,portal
6429,YP_004322270.1,portal
6430,YP_004324491.1,portal
6431,YP_004323264.1,portal
6432,YP_004323726.1,portal
6433,YP_004323727.1,portal
6434,YP_001429941.1,portal
6435,YP_004322786.1,portal
6436,YP_004323950.1,portal
6437,YP_004324725.1,portal
6438,YP_004324197.1,portal
6439,YP_004324951.1,portal
6440,YP_004323487.1,portal
6441,YP_004322541.1,portal
6442,YP_001686872.1,portal
6443,YP_009617234.1,portal
6444,YP_001686740.1,portal
6445,YP_009781939.1,portal
6446,YP_007877738.1,portal
6447,YP_007677272.1,portal
6448,YP_007877943.1,portal
6449,YP_001974360.1,portal
6450,YP_002154375.1,portal
6451,YP_003097343.1,portal
6452,YP_002332402.1,portal
6453,YP_002922232.1,portal
6454,YP_002922513.1,portal
6455,YP_002455792.1,portal
6456,YP_009031351.1,portal
6457,YP_003090220.1,portal
6458,YP_009167711.1,portal
6459,YP_003934806.1,portal
6460,YP_009613633.1,portal
6461,YP_003347606.1,portal
6462,YP_009302206.1,portal
6463,YP_009012605.1,portal
6464,YP_009017636.1,portal
6465,YP_004063865.1,portal
6466,YP_004010030.1,portal
6467,YP_004123809.1,portal
6468,YP_007010924.1,portal
6469,YP_007673103.1,portal
6470,YP_008125640.1,portal
6471,YP_009103792.1,portal
6472,YP_009103528.1,portal
6473,YP_009783026.1,portal
6474,YP_007002212.1,portal
6475,YP_004957027.1,portal
6476,YP_004301416.1,portal
6477,YP_007518198.1,portal
6478,YP_009279805.1,portal
6479,YP_007673752.1,portal
6480,YP_004934110.1,portal
6481,YP_007003632.1,portal
6482,YP_010079784.1,portal
6483,YP_007238133.1,portal
6484,YP_004415062.1,portal
6485,YP_009590777.1,portal
6486,YP_008873592.1,portal
6487,YP_004508471.1,portal
6488,YP_009780070.1,portal
6489,YP_004508381.1,portal
6490,YP_009591170.1,portal
6491,YP_009636416.1,portal
6492,YP_009636625.1,portal
6493,YP_009637144.1,portal
6494,YP_009607940.1,portal
6495,YP_009635850.1,portal
6496,YP_009636068.1,portal
6497,YP_009613908.1,portal
6498,YP_009208419.1,portal
6499,YP_009591310.1,portal
6500,YP_009608185.1,portal
6501,YP_009608078.1,portal
6502,YP_008854217.1,portal
6503,YP_008854041.1,portal
6504,YP_009806387.1,portal
6505,YP_007004276.1,portal
6506,YP_007004910.1,portal
6507,YP_007004546.1,portal
6508,YP_009017000.1,portal
6509,YP_009011771.1,portal
6510,YP_009017590.1,portal
6511,YP_009017068.1,portal
6512,YP_007501199.1,portal
6513,YP_009013557.1,portal
6514,YP_007004322.1,portal
6515,YP_009638364.1,portal
6516,YP_007004363.1,portal
6517,YP_006383889.1,portal
6518,YP_009149584.1,portal
6519,YP_007518387.1,portal
6520,YP_006907823.1,portal
6521,YP_006908499.1,portal
6522,YP_006990307.1,portal
6523,YP_006986721.1,portal
6524,YP_009130723.1,portal
6525,YP_007236658.1,portal
6526,YP_009607823.1,portal
6527,YP_007111706.1,portal
6528,YP_007112137.1,portal
6529,YP_007111956.1,portal
6530,YP_007112542.1,portal
6531,YP_007112279.1,portal
6532,YP_007111778.1,portal
6533,YP_007111507.1,portal
6534,YP_007111579.1,portal
6535,YP_007111377.1,portal
6536,YP_007112078.1,portal
6537,YP_007111640.1,portal
6538,YP_007111439.1,portal
6539,YP_007112347.1,portal
6540,YP_007112016.1,portal
6541,YP_007112420.1,portal
6542,YP_007007012.1,portal
6543,YP_007392387.1,portal
6544,YP_006560553.1,portal
6545,YP_007005734.1,portal
6546,YP_006382288.1,portal
6547,YP_007676742.1,portal
6548,YP_008126699.1,portal
6549,YP_006488673.1,portal
6550,YP_008059004.1,portal
6551,YP_007677133.1,portal
6552,YP_009780565.1,portal
6553,YP_009780795.1,portal
6554,YP_009781242.1,portal
6555,YP_009781476.1,portal
6556,YP_009781706.1,portal
6557,YP_009781009.1,portal
6558,YP_008320237.1,portal
6559,YP_007677872.1,portal
6560,YP_009275779.1,portal
6561,YP_009102640.1,portal
6562,YP_009148150.1,portal
6563,YP_007349202.1,portal
6564,YP_006990481.1,portal
6565,YP_007236004.1,portal
6566,YP_009149412.1,portal
6567,YP_010079746.1,portal
6568,YP_009591978.1,portal
6569,YP_007112480.1,portal
6570,YP_007111877.1,portal
6571,YP_006906016.1,portal
6572,YP_006990343.1,portal
6573,YP_007112779.1,portal
6574,YP_009098228.1,portal
6575,YP_009044964.1,portal
6576,YP_007676641.1,portal
6577,YP_009044730.1,portal
6578,YP_009044774.1,portal
6579,YP_009044307.1,portal
6580,YP_007677970.1,portal
6581,YP_008798262.1,portal
6582,YP_009103185.1,portal
6583,YP_008058801.1,portal
6584,YP_009003152.1,portal
6585,YP_009779092.1,portal
6586,YP_009779304.1,portal
6587,YP_009779519.1,portal
6588,YP_009301630.1,portal
6589,YP_009783263.1,portal
6590,YP_009625668.1,portal
6591,YP_010083313.1,portal
6592,YP_007869815.1,portal
6593,YP_009606431.1,portal
6594,YP_009226314.1,portal
6595,YP_009220060.1,portal
6596,YP_008858638.1,portal
6597,YP_009002858.1,portal
6598,YP_008051635.1,portal
6599,YP_008051946.1,portal
6600,YP_008051489.1,portal
6601,YP_008320339.1,portal
6602,YP_008408961.1,portal
6603,YP_009600933.1,portal
6604,YP_009008243.1,portal
6605,YP_009007965.1,portal
6606,YP_008409067.1,portal
6607,YP_008410028.1,portal
6608,YP_008241886.1,portal
6609,YP_009153767.1,portal
6610,YP_008240331.1,portal
6611,YP_008531087.1,portal
6612,YP_009142980.1,portal
6613,YP_008409404.1,portal
6614,YP_009009152.1,portal
6615,YP_008430858.1,portal
6616,YP_008430527.1,portal
6617,YP_008859447.1,portal
6618,YP_008858290.1,portal
6619,YP_008857497.1,portal
6620,YP_009056756.1,portal
6621,YP_008767368.1,portal
6622,YP_008853727.1,portal
6623,YP_008771098.1,portal
6624,YP_008771433.1,portal
6625,YP_009032145.1,portal
6626,YP_008857874.1,portal
6627,YP_009002659.1,portal
6628,YP_009784240.1,portal
6629,YP_009211612.1,portal
6630,YP_008858738.1,portal
6631,YP_009030623.1,portal
6632,YP_009004368.1,portal
6633,YP_009006568.1,portal
6634,YP_009005235.1,portal
6635,YP_009148610.1,portal
6636,YP_009005179.1,portal
6637,YP_009006605.1,portal
6638,YP_009007470.1,portal
6639,YP_009227039.1,portal
6640,YP_009126364.1,portal
6641,YP_009043193.1,portal
6642,YP_009042740.1,portal
6643,YP_009043960.1,portal
6644,YP_009006740.1,portal
6645,YP_009275665.1,portal
6646,YP_009005450.1,portal
6647,YP_009044674.1,portal
6648,YP_009030226.1,portal
6649,YP_009616209.1,portal
6650,YP_009055676.1,portal
6651,YP_009043091.1,portal
6652,YP_009043469.1,portal
6653,YP_009032399.1,portal
6654,YP_009103069.1,portal
6655,YP_009963922.1,portal
6656,YP_009036977.1,portal
6657,YP_009035599.1,portal
6658,YP_009035611.1,portal
6659,YP_009036528.1,portal
6660,YP_009036540.1,portal
6661,YP_009035270.1,portal
6662,YP_009036152.1,portal
6663,YP_009036164.1,portal
6664,YP_009055833.1,portal
6665,YP_009140680.1,portal
6666,YP_009779737.1,portal
6667,YP_009779954.1,portal
6668,YP_009133440.1,portal
6669,YP_009134611.1,portal
6670,YP_009134347.1,portal
6671,YP_009778284.1,portal
6672,YP_009778574.1,portal
6673,YP_009778853.1,portal
6674,YP_009133666.1,portal
6675,YP_009140894.1,portal
6676,YP_009134101.1,portal
6677,YP_009030776.1,portal
6678,YP_009218422.1,portal
6679,YP_009149235.1,portal
6680,YP_009209266.1,portal
6681,YP_009592788.1,portal
6682,YP_009593168.1,portal
6683,YP_009153077.1,portal
6684,YP_009098014.1,portal
6685,YP_009099545.1,portal
6686,YP_009056466.1,portal
6687,YP_009124556.1,portal
6688,YP_009101381.1,portal
6689,YP_009124997.1,portal
6690,YP_009124194.1,portal
6691,YP_009151914.1,portal
6692,YP_009146621.1,portal
6693,YP_009201639.1,portal
6694,YP_009209552.1,portal
6695,YP_009100715.1,portal
6696,YP_008058171.1,portal
6697,YP_009304449.1,portal
6698,YP_009300937.1,portal
6699,YP_009110988.1,portal
6700,YP_009197129.1,portal
6701,YP_009277306.1,portal
6702,YP_009276930.1,portal
6703,YP_009218065.1,portal
6704,YP_009216670.1,portal
6705,YP_009217927.1,portal
6706,YP_009277239.1,portal
6707,YP_009277374.1,portal
6708,YP_009205862.1,portal
6709,YP_009207360.1,portal
6710,YP_009209926.1,portal
6711,YP_009214018.1,portal
6712,YP_009125479.1,portal
6713,YP_009222296.1,portal
6714,YP_009195911.1,portal
6715,YP_009214463.1,portal
6716,YP_009208356.1,portal
6717,YP_009214131.1,portal
6718,YP_009195763.1,portal
6719,YP_009206121.1,portal
6720,YP_009214183.1,portal
6721,YP_009200431.1,portal
6722,YP_009188491.1,portal
6723,YP_009188207.1,portal
6724,YP_009195193.1,portal
6725,YP_009197948.1,portal
6726,YP_009202210.1,portal
6727,YP_009224869.1,portal
6728,YP_009598526.1,portal
6729,YP_009203448.1,portal
6730,YP_009624859.1,portal
6731,YP_009210451.1,portal
6732,YP_009218320.2,portal
6733,YP_009212752.1,portal
6734,YP_009190346.1,portal
6735,YP_009782114.1,portal
6736,YP_009782359.1,portal
6737,YP_009219632.1,portal
6738,YP_009209165.1,portal
6739,YP_009195573.1,portal
6740,YP_009203205.1,portal
6741,YP_009193816.1,portal
6742,YP_009196102.1,portal
6743,YP_009593412.1,portal
6744,YP_009201913.1,portal
6745,YP_009225298.1,portal
6746,YP_009220155.1,portal
6747,YP_009601178.1,portal
6748,YP_009212309.1,portal
6749,YP_009191457.1,portal
6750,YP_010088340.1,portal
6751,YP_010066824.1,portal
6752,YP_010066365.1,portal
6753,YP_010065966.1,portal
6754,YP_009221387.1,portal
6755,YP_009221388.1,portal
6756,YP_009284031.1,portal
6757,YP_009289431.1,portal
6758,YP_009225085.1,portal
6759,YP_009198108.1,portal
6760,YP_009782908.1,portal
6761,YP_009782602.1,portal
6762,YP_009211167.1,portal
6763,YP_009204259.1,portal
6764,YP_009206721.1,portal
6765,YP_009194528.1,portal
6766,YP_009203906.1,portal
6767,YP_009224278.1,portal
6768,YP_009197679.1,portal
6769,YP_009212028.1,portal
6770,YP_009206889.1,portal
6771,YP_009215018.1,portal
6772,YP_009202520.1,portal
6773,YP_009190743.1,portal
6774,YP_009206427.1,portal
6775,YP_009211090.1,portal
6776,YP_009214363.1,portal
6777,YP_009199687.1,portal
6778,YP_009208744.1,portal
6779,YP_009322349.1,portal
6780,YP_009321791.1,portal
6781,YP_009320697.1,portal
6782,YP_009321975.1,portal
6783,YP_009324904.1,portal
6784,YP_009323491.1,portal
6785,YP_009322683.1,portal
6786,YP_009322103.1,portal
6787,YP_009321520.1,portal
6788,YP_009210524.1,portal
6789,YP_009304031.1,portal
6790,YP_009195251.1,portal
6791,YP_009210088.1,portal
6792,YP_009625081.1,portal
6793,YP_009625385.1,portal
6794,YP_009197287.1,portal
6795,YP_009180669.1,portal
6796,YP_009187159.1,portal
6797,YP_009268873.1,portal
6798,YP_009276435.1,portal
6799,YP_009830079.1,portal
6800,YP_009274760.1,portal
6801,YP_009285518.1,portal
6802,YP_009302021.1,portal
6803,YP_009275280.1,portal
6804,YP_009278103.1,portal
6805,YP_009286962.1,portal
6806,YP_009282479.1,portal
6807,YP_009284412.1,portal
6808,YP_009289950.1,portal
6809,YP_009280888.1,portal
6810,YP_009291661.1,portal
6811,YP_009274690.1,portal
6812,YP_009325274.1,portal
6813,YP_009323535.1,portal
6814,YP_009325105.1,portal
6815,YP_009324283.1,portal
6816,YP_009290436.1,portal
6817,YP_009286520.1,portal
6818,YP_009279643.1,portal
6819,YP_009304912.1,portal
6820,YP_009302318.1,portal
6821,YP_009595695.1,portal
6822,YP_009616857.1,portal
6823,YP_009304196.1,portal
6824,YP_009282036.1,portal
6825,YP_009281503.1,portal
6826,YP_010073200.1,portal
6827,YP_009276530.1,portal
6828,YP_009280456.1,portal
6829,YP_009288857.1,portal
6830,YP_009280021.1,portal
6831,YP_009324604.1,portal
6832,YP_009288534.1,portal
6833,YP_009277541.1,portal
6834,YP_009279162.1,portal
6835,YP_009289113.1,portal
6836,YP_009830799.1,portal
6837,YP_009830874.1,portal
6838,YP_009830736.1,portal
6839,YP_009285251.1,portal
6840,YP_009786245.1,portal
6841,YP_009279253.1,portal
6842,YP_009285029.1,portal
6843,YP_009321018.1,portal
6844,YP_010088767.1,portal
6845,YP_009321401.1,portal
6846,YP_009320559.1,portal
6847,YP_009322542.1,portal
6848,YP_010091787.1,portal
6849,YP_009958545.1,portal
6850,YP_009596752.1,portal
6851,YP_009596807.1,portal
6852,YP_009596868.1,portal
6853,YP_009596925.1,portal
6854,YP_009596986.1,portal
6855,YP_009597046.1,portal
6856,YP_010080303.1,portal
6857,YP_010080386.1,portal
6858,YP_009999004.1,portal
6859,YP_009999130.1,portal
6860,YP_009875982.1,portal
6861,YP_009963396.1,portal
6862,YP_009793819.1,portal
6863,YP_009962773.1,portal
6864,YP_010076784.1,portal
6865,YP_009831953.1,portal
6866,YP_009956671.1,portal
6867,YP_010089495.1,portal
6868,YP_009999370.1,portal
6869,YP_010083370.1,portal
6870,YP_010074893.1,portal
6871,YP_009955015.1,portal
6872,YP_009832049.1,portal
6873,YP_009962354.1,portal
6874,YP_009962147.1,portal
6875,YP_009832443.1,portal
6876,YP_010083021.1,portal
6877,YP_010090008.1,portal
6878,YP_009958653.1,portal
6879,YP_009602119.1,portal
6880,YP_009951478.1,portal
6881,YP_010090602.1,portal
6882,YP_009961198.1,portal
6883,YP_009608495.1,portal
6884,YP_009609499.1,portal
6885,YP_010092327.1,portal
6886,YP_009908541.1,portal
6887,YP_010012974.1,portal
6888,YP_010012843.1,portal
6889,YP_009626516.1,portal
6890,YP_009951091.1,portal
6891,YP_010012592.1,portal
6892,YP_009962560.1,portal
6893,YP_009610586.1,portal
6894,YP_009610818.1,portal
6895,YP_009611039.1,portal
6896,YP_009611258.1,portal
6897,YP_009611485.1,portal
6898,YP_009791285.1,portal
6899,YP_009834131.1,portal
6900,YP_009618978.1,portal
6901,YP_009619102.1,portal
6902,YP_009614821.1,portal
6903,YP_010076368.1,portal
6904,YP_010092024.1,portal
6905,YP_010067849.1,portal
6906,YP_010068403.1,portal
6907,YP_010075063.1,portal
6908,YP_009956562.1,portal
6909,YP_009961831.1,portal
6910,YP_009963187.1,portal
6911,YP_010083601.1,portal
6912,YP_010080115.1,portal
6913,YP_009792833.1,portal
6914,YP_009615354.1,portal
6915,YP_009615645.1,portal
6916,YP_009955819.1,portal
6917,YP_009963702.1,portal
6918,YP_009961000.1,portal
6919,YP_009795482.1,portal
6920,YP_010052076.1,portal
6921,YP_010051868.1,portal
6922,YP_009835932.1,portal
6923,YP_010077052.1,portal
6924,YP_010091474.1,portal
6925,YP_010091203.1,portal
6926,YP_010079522.1,portal
6927,YP_010073541.1,portal
6928,YP_010073821.1,portal
6929,YP_010083877.1,portal
6930,YP_010083744.1,portal
6931,YP_010083679.1,portal
6932,YP_010083812.1,portal
6933,YP_010093644.1,portal
6934,YP_010083114.1,portal
6935,YP_009836925.1,portal
6936,YP_009836547.1,portal
6937,YP_009836622.1,portal
6938,YP_009836333.1,portal
6939,YP_009836412.1,portal
6940,YP_009836482.1,portal
6941,YP_010065229.1,portal
6942,YP_009960689.1,portal
6943,YP_009622465.1,portal
6944,YP_010069191.1,portal
6945,YP_009998413.1,portal
6946,YP_009622810.1,portal
6947,YP_009957304.1,portal
6948,YP_010069728.1,portal
6949,YP_009961621.1,portal
6950,YP_010090883.1,portal
6951,YP_009954379.1,portal
6952,YP_009960581.1,portal
6953,YP_010094057.1,portal
6954,YP_009959977.1,portal
6955,YP_009954585.1,portal
6956,YP_009960898.1,portal
6957,YP_009955921.1,portal
6958,YP_009959574.1,portal
6959,YP_010095116.1,portal
6960,YP_010094248.1,portal
6961,YP_010094519.1,portal
6962,YP_010066485.1,portal
6963,YP_010094780.1,portal
6964,YP_009889808.1,portal
6965,YP_009954791.1,portal
6966,YP_009959469.1,portal
6967,YP_010072181.1,portal
6968,YP_010071641.1,portal
6969,YP_009958764.1,portal
6970,YP_010096148.1,portal
6971,YP_010096274.1,portal
6972,YP_009838839.1,portal
6973,YP_009838906.1,portal
6974,YP_010082171.1,portal
6975,YP_009838703.1,portal
6976,YP_009838774.1,portal
6977,YP_009838634.1,portal
6978,YP_009955513.1,portal
6979,YP_009960790.1,portal
6980,YP_009962043.1,portal
6981,YP_009618249.1,portal
6982,YP_009618250.1,portal
6983,YP_009810938.1,portal
6984,YP_010083475.1,portal
6985,YP_009880946.1,portal
6986,YP_010082442.1,portal
6987,YP_009909769.1,portal
6988,YP_009957824.1,portal
6989,YP_010013235.1,portal
6990,YP_009839486.1,portal
6991,YP_009839736.1,portal
6992,YP_009957721.1,portal
6993,YP_009958860.1,portal
6994,YP_009959367.1,portal
6995,YP_009840220.1,portal
6996,YP_009839972.1,portal
6997,YP_010052277.1,portal
6998,YP_010051940.1,portal
6999,YP_009956454.1,portal
7000,YP_009957619.1,portal
7001,YP_009958240.1,portal
7002,YP_009960282.1,portal
7003,YP_009961726.1,portal
7004,YP_009957406.1,portal
7005,YP_009841185.1,portal
7006,YP_009812346.1,portal
7007,YP_009881525.1,portal
7008,YP_009808345.1,portal
7009,YP_009808242.1,portal
7010,YP_009958957.1,portal
7011,YP_009955115.1,portal
7012,YP_009950625.1,portal
7013,YP_009960476.1,portal
7014,YP_009841551.1,portal
7015,YP_009814117.1,portal
7016,YP_010051220.1,portal
7017,YP_010072841.1,portal
7018,YP_009954482.1,portal
7019,YP_009812398.1,portal
7020,YP_010098516.1,portal
7021,YP_009959670.1,portal
7022,YP_009840736.1,portal
7023,YP_010077159.1,portal
7024,YP_010093222.1,portal
7025,YP_009959163.1,portal
7026,YP_010067585.1,portal
7027,YP_010100009.1,portal
7028,YP_009956992.1,portal
7029,YP_009963288.1,portal
7030,YP_009816045.1,portal
7031,YP_009816898.1,portal
7032,YP_009816989.1,portal
7033,YP_009963500.1,portal
7034,YP_010079940.1,portal
7035,YP_009818620.1,portal
7036,YP_010100312.1,portal
7037,YP_009999517.1,portal
7038,YP_009998639.1,portal
7039,YP_010100497.1,portal
7040,YP_009961301.1,portal
7041,YP_010100901.1,portal
7042,YP_010070271.1,portal
7043,YP_010069997.1,portal
7044,YP_010070549.1,portal
7045,YP_010101017.1,portal
7046,YP_009961517.1,portal
7047,YP_009843609.1,portal
7048,YP_009819049.1,portal
7049,YP_010072458.1,portal
7050,YP_010069462.1,portal
7051,YP_010071374.1,portal
7052,YP_010070822.1,portal
7053,YP_010083178.1,portal
7054,YP_009955714.1,portal
7055,YP_009961101.1,portal
7056,YP_010101311.1,portal
7057,YP_009962876.1,portal
7058,YP_010101468.1,portal
7059,YP_009820533.1,portal
7060,YP_009956882.1,portal
7061,YP_010052007.1,portal
7062,YP_009821007.1,portal
7063,YP_009845067.1,portal
7064,YP_009821698.1,portal
7065,YP_010068077.1,portal
7066,YP_009961408.1,portal
7067,YP_010083514.1,portal
7068,YP_010079687.1,portal
7069,YP_009849453.1,portal
7070,YP_010052141.1,portal
7071,YP_010103424.1,portal
7072,YP_010075975.1,portal
7073,YP_010076255.1,portal
7074,YP_009959268.1,portal
7075,YP_009956142.1,portal
7076,YP_010103800.1,portal
7077,YP_010103938.1,portal
7078,YP_010013354.1,portal
7079,YP_010013103.1,portal
7080,YP_009954186.1,portal
7081,YP_009851416.1,portal
7082,YP_009883889.1,portal
7083,YP_009852122.1,portal
7084,YP_009958348.1,portal
7085,YP_009960379.1,portal
7086,YP_009852768.1,portal
7087,YP_009852851.1,portal
7088,YP_010104811.1,portal
7089,YP_009957196.1,portal
7090,YP_009958449.1,portal
7091,YP_009959774.1,portal
7092,YP_009959876.1,portal
7093,YP_009962982.1,portal
7094,YP_010075437.1,portal
7095,YP_009853583.1,portal
7096,YP_009853882.1,portal
7097,YP_009853678.1,portal
7098,YP_009954690.1,portal
7099,YP_009955411.1,portal
7100,YP_009956345.1,portal
7101,YP_009956776.1,portal
7102,YP_010105191.1,portal
7103,YP_009962663.1,portal
7104,YP_010000105.1,portal
7105,YP_010105407.1,portal
7106,YP_009885360.1,portal
7107,YP_010079582.1,portal
7108,YP_002332512.1,portal
7109,YP_009886947.1,portal
7110,YP_009886204.1,portal
7111,YP_009886700.1,portal
7112,YP_009886450.1,portal
7113,YP_009957932.1,portal
7114,YP_009887174.1,portal
7115,YP_010077669.1,portal
7116,YP_010068973.1,portal
7117,YP_009856181.1,portal
7118,YP_010079957.1,portal
7119,YP_010074125.1,portal
7120,YP_010074372.1,portal
7121,YP_010074598.1,portal
7122,YP_010161349.1,portal
7123,YP_009959069.1,portal
7124,YP_009954899.1,portal
7125,YP_010065812.1,portal
7126,YP_010065538.1,portal
7127,YP_010075708.1,portal
7128,YP_009963093.1,portal
7129,YP_010078837.1,portal
7130,YP_010070937.1,portal
7131,YP_009956241.1,portal
7132,YP_009859428.1,portal
7133,YP_010107445.1,portal
7134,YP_010083283.1,portal
7135,YP_009999779.1,portal
7136,YP_009909568.1,portal
7137,YP_009909902.1,portal
7138,YP_009909642.1,portal
7139,YP_009910042.1,portal
7140,YP_010052347.1,portal
7141,YP_010051805.1,portal
7142,YP_010052211.1,portal
7143,YP_009963819.1,portal
7144,YP_009833583.1,portal
7145,YP_010068659.1,portal
7146,YP_010071917.1,portal
7147,YP_010072732.1,portal
7148,YP_009999805.1,portal
7149,YP_009999878.1,portal
7150,YP_009957515.1,portal
7151,YP_009958138.1,portal
7152,YP_009960069.1,portal
7153,YP_009960177.1,portal
7154,YP_009961934.1,portal
7155,YP_009962242.1,portal
7156,YP_009955610.1,portal
7157,YP_009957097.1,portal
7158,YP_009999443.1,portal
7159,YP_010113787.1,portal
7160,YP_009998833.1,portal
7161,YP_009998912.1,portal
7162,YP_009998986.1,portal
7163,YP_009998762.1,portal
7164,YP_009999197.1,portal
7165,YP_009999614.1,portal
7166,YP_009999652.1,portal
7167,YP_010114705.1,portal
7168,YP_009997880.1,portal
7169,YP_009997537.1,portal
7170,YP_009996945.1,portal
7171,YP_009842491.1,portal
7172,YP_009219580.1,portal
7173,YP_006589973.1,portal
7174,YP_002265412.1,portal
7175,YP_009289234.1,portal
7176,YP_009208172.1,portal
7177,YP_004956890.1,portal
7178,YP_002922718.1,portal
7179,YP_007236793.1,portal
7180,YP_010082261.1,portal
7181,YP_010082348.1,portal
7182,YP_009836260.1,portal
7183,YP_004123825.1,portal
7184,YP_009100115.1,portal
7185,YP_009100817.1,portal
7186,YP_063735.1,portal
7187,YP_003856887.1,portal
7188,YP_002014220.1,portal
7189,YP_873988.1,portal
7190,YP_009209014.1,portal
7191,YP_950601.1,portal
7192,YP_010278033.1,portal
7193,YP_010278147.1,portal
7194,YP_010187231.1,portal
7195,YP_002014330.1,portal
7196,YP_002014479.1,portal
7197,YP_003856981.1,portal
7198,YP_003857069.1,portal
7199,YP_006560944.1,portal
7200,YP_006561165.1,portal
7201,YP_009013205.1,portal
7202,YP_009016082.1,portal
7203,YP_009016370.1,portal
7204,YP_009016893.1,portal
7205,YP_009018879.1,portal
7206,YP_009150875.1,portal
7207,YP_009268678.1,portal
7208,YP_006987938.1,portal
7209,YP_008058456.1,portal
7210,YP_008058574.1,portal
7211,YP_008059992.1,portal
7212,YP_008239844.1,portal
7213,YP_008239958.1,portal
7214,YP_009600051.1,portal
7215,YP_010355267.1,portal
7216,YP_010355724.1,portal
7217,YP_010355502.1,portal
7218,YP_010278295.1,portal
7219,YP_009881795.1,portal
7220,YP_010099747.1,portal
7221,YP_009999276.1,portal
7222,YP_009999297.1,portal
7223,YP_009958044.1,portal
7224,YP_002941861.1,portal
7225,YP_008126594.1,portal
7226,YP_008051129.1,portal
7227,YP_008410676.1,portal
7228,YP_008410572.1,portal
7229,YP_008408664.1,portal
7230,YP_008410880.1,portal
7231,YP_009035905.1,portal
7232,YP_009009565.1,portal
7233,YP_009032232.1,portal
7234,YP_009009208.1,portal
7235,YP_009124746.1,portal
7236,YP_009125857.1,portal
7237,YP_009125386.1,portal
7238,YP_009125284.1,portal
7239,YP_009200630.1,portal
7240,YP_009202284.1,portal
7241,YP_009225777.1,portal
7242,YP_009275692.1,portal
7243,YP_009204194.1,portal
7244,YP_009209486.1,portal
7245,YP_009198040.1,portal
7246,YP_009212645.1,portal
7247,YP_009202393.1,portal
7248,YP_009197001.1,portal
7249,YP_009205472.1,portal
7250,YP_009189725.1,portal
7251,YP_009300699.1,portal
7252,YP_009303842.1,portal
7253,YP_009304262.1,portal
7254,YP_009301083.1,portal
7255,YP_009276144.1,portal
7256,YP_009273066.1,portal
7257,YP_009274442.1,portal
7258,YP_009269145.1,portal
7259,YP_009275363.1,portal
7260,YP_009273941.1,portal
7261,YP_009292519.1,portal
7262,YP_009290205.1,portal
7263,YP_009281187.1,portal
7264,YP_009281105.1,portal
7265,YP_009277925.1,portal
7266,YP_009277741.1,portal
7267,YP_009013099.1,portal
7268,YP_003857136.1,portal
7269,YP_004538949.1,portal
7270,YP_009013732.1,portal
7271,YP_009017230.1,portal
7272,YP_008052183.1,portal
7273,YP_009809211.1,portal
7274,YP_010106963.1,portal
7275,YP_009949342.1,portal
7276,YP_009949339.1,portal
7277,YP_009949259.1,portal
7278,NP_852590.1,portal
7279,NP_795403.1,portal
7280,YP_009785410.1,portal
7281,YP_009831874.1,portal
7282,YP_009790055.1,portal
7283,YP_009835415.1,portal
7284,YP_009835496.1,portal
7285,YP_009804548.1,portal
7286,YP_009623041.1,portal
7287,YP_009623104.1,portal
7288,YP_009623167.1,portal
7289,YP_009624258.1,portal
7290,YP_009624144.1,portal
7291,YP_009624202.1,portal
7292,YP_009908705.1,portal
7293,YP_009802603.1,portal
7294,YP_009803126.1,portal
7295,YP_009808180.1,portal
7296,YP_009841854.1,portal
7297,YP_009815908.1,portal
7298,YP_009817035.1,portal
7299,YP_009818835.1,portal
7300,YP_009844827.1,portal
7301,YP_009908642.1,portal
7302,YP_009908580.1,portal
7303,YP_009851888.1,portal
7304,YP_009854632.1,portal
7305,YP_009854778.1,portal
7306,YP_009855048.1,portal
7307,YP_009855116.1,portal
7308,YP_009855402.1,portal
7309,YP_009855531.1,portal
7310,YP_010052776.1,portal
7311,YP_010059294.1,portal
7312,YP_010105522.1,portal
7313,YP_010113722.1,portal
7314,YP_010110348.1,portal
7315,YP_010110804.1,portal
7316,YP_010110937.1,portal
7317,YP_010111210.1,portal
7318,YP_010111996.1,portal
7319,YP_009199271.1,portal
7320,YP_009213130.1,portal
7321,YP_009830316.1,portal
7322,YP_010077718.1,portal
7323,YP_010052722.1,portal
7324,YP_010111026.1,portal
7325,NP_958276.1,portal
7326,YP_002117561.1,portal
7327,YP_009860149.1,portal
7328,YP_001449295.1,portal
7329,YP_001449296.1,portal
7330,YP_009909244.1,portal
7331,YP_001039921.1,portal
7332,YP_002274267.1,portal
7333,YP_002274190.1,portal
7334,YP_009909168.1,portal
7335,YP_009909169.1,portal
7336,YP_006383508.1,portal
7337,YP_009909090.1,portal
7338,YP_009909091.1,portal
7339,YP_009909399.1,portal
7340,YP_009829963.1,portal
7341,YP_009829964.1,portal
7342,YP_009830710.1,portal
7343,YP_009279502.1,portal
7344,YP_009286346.1,portal
7345,YP_009802416.1,portal
7346,YP_009816527.1,portal
7347,YP_009796837.1,portal
7348,YP_009802685.1,portal
7349,YP_009802789.1,portal
7350,YP_009802884.1,portal
7351,YP_009815346.1,portal
7352,YP_009815621.1,portal
7353,YP_009819828.1,portal
7354,YP_009819882.1,portal
7355,YP_009820255.1,portal
7356,YP_009873982.1,portal
7357,YP_009844617.1,portal
7358,YP_009821450.1,portal
7359,YP_009845441.1,portal
7360,YP_009848217.1,portal
7361,YP_010080421.1,portal
7362,YP_009854708.1,portal
7363,YP_009854908.1,portal
7364,YP_009854981.1,portal
7365,YP_009855190.1,portal
7366,YP_009855263.1,portal
7367,YP_009855335.1,portal
7368,YP_009949341.1,portal
7369,YP_009949340.1,portal
7370,YP_009949210.1,portal
7371,YP_009949258.1,portal
7372,YP_009949257.1,portal
7373,YP_010078149.1,portal
7374,YP_009223436.1,portal
7375,YP_006907179.1,portal
7376,YP_010356539.1,portal
7377,YP_010356615.1,portal
7378,YP_010356702.1,portal
7379,YP_010357007.1,portal
7380,YP_010357568.1,portal
7381,YP_009800967.1,tail_fiber
7382,YP_009801103.1,tail_fiber
7383,YP_009801161.1,tail_fiber
7384,YP_009811911.1,tail_fiber
7385,YP_009812022.1,tail_fiber
7386,YP_009812075.1,tail_fiber
7387,YP_009804599.1,tail_fiber
7388,YP_010093553.1,tail_fiber
7389,YP_009881009.1,tail_fiber
7390,YP_009886269.1,tail_fiber
7391,YP_009886513.1,tail_fiber
7392,YP_009966025.1,tail_fiber
7393,YP_009848545.1,tail_fiber
7394,YP_009831570.1,tail_fiber
7395,YP_009793724.1,tail_fiber
7396,YP_009831286.1,tail_fiber
7397,YP_009792496.1,tail_fiber
7398,YP_009792546.1,tail_fiber
7399,YP_009790185.1,tail_fiber
7400,YP_009794915.1,tail_fiber
7401,YP_009794966.1,tail_fiber
7402,YP_009795082.1,tail_fiber
7403,YP_009795143.1,tail_fiber
7404,YP_009798895.1,tail_fiber
7405,YP_009837293.1,tail_fiber
7406,YP_009837749.1,tail_fiber
7407,YP_009829784.1,tail_fiber
7408,YP_009805602.1,tail_fiber
7409,YP_009804734.1,tail_fiber
7410,YP_009841416.1,tail_fiber
7411,YP_009824310.1,tail_fiber
7412,YP_009824565.1,tail_fiber
7413,YP_009815041.1,tail_fiber
7414,YP_009819270.1,tail_fiber
7415,YP_009849762.1,tail_fiber
7416,YP_009848012.1,tail_fiber
7417,YP_009848649.1,tail_fiber
7418,YP_009851790.1,tail_fiber
7419,YP_009909731.1,tail_fiber
7420,YP_009858976.1,tail_fiber
7421,YP_009858634.1,tail_fiber
7422,YP_009857977.1,tail_fiber
7423,YP_009858143.1,tail_fiber
7424,YP_009858470.1,tail_fiber
7425,YP_009857826.1,tail_fiber
7426,YP_009858798.1,tail_fiber
7427,YP_009858307.1,tail_fiber
7428,YP_010089128.1,tail_fiber
7429,YP_009788636.1,tail_fiber
7430,YP_010067396.1,tail_fiber
7431,YP_010067129.1,tail_fiber
7432,YP_002003534.1,tail_fiber
7433,YP_004415139.1,tail_fiber
7434,YP_007006203.1,tail_fiber
7435,YP_009102720.1,tail_fiber
7436,YP_009149492.1,tail_fiber
7437,YP_008530276.1,tail_fiber
7438,YP_009037525.1,tail_fiber
7439,YP_009148688.1,tail_fiber
7440,YP_009030940.1,tail_fiber
7441,YP_009967020.1,tail_fiber
7442,YP_009111062.1,tail_fiber
7443,YP_009784844.1,tail_fiber
7444,YP_009784781.1,tail_fiber
7445,YP_010088283.1,tail_fiber
7446,YP_010066655.1,tail_fiber
7447,YP_010066194.1,tail_fiber
7448,YP_010066032.1,tail_fiber
7449,YP_009284211.1,tail_fiber
7450,YP_009593721.1,tail_fiber
7451,YP_009210167.1,tail_fiber
7452,YP_009177479.1,tail_fiber
7453,YP_009785899.1,tail_fiber
7454,YP_010088468.1,tail_fiber
7455,YP_009290510.1,tail_fiber
7456,YP_009281582.1,tail_fiber
7457,YP_010073124.1,tail_fiber
7458,YP_009875645.1,tail_fiber
7459,YP_010088766.1,tail_fiber
7460,YP_010091777.1,tail_fiber
7461,YP_010091870.1,tail_fiber
7462,YP_009786909.1,tail_fiber
7463,YP_009787746.1,tail_fiber
7464,YP_010076862.1,tail_fiber
7465,YP_009787857.1,tail_fiber
7466,YP_009787865.1,tail_fiber
7467,YP_009787962.1,tail_fiber
7468,YP_010074966.1,tail_fiber
7469,YP_009800436.1,tail_fiber
7470,YP_010090079.1,tail_fiber
7471,YP_009602259.1,tail_fiber
7472,YP_009790573.1,tail_fiber
7473,YP_010090591.1,tail_fiber
7474,YP_009790654.1,tail_fiber
7475,YP_009608423.1,tail_fiber
7476,YP_010092405.1,tail_fiber
7477,YP_010092407.1,tail_fiber
7478,YP_009791693.1,tail_fiber
7479,YP_009619054.1,tail_fiber
7480,YP_009619178.1,tail_fiber
7481,YP_009804101.1,tail_fiber
7482,YP_010076446.1,tail_fiber
7483,YP_010067929.1,tail_fiber
7484,YP_010068484.1,tail_fiber
7485,YP_010075140.1,tail_fiber
7486,YP_009792091.1,tail_fiber
7487,YP_009795202.1,tail_fiber
7488,YP_009799068.1,tail_fiber
7489,YP_009799167.1,tail_fiber
7490,YP_009799216.1,tail_fiber
7491,YP_009799119.1,tail_fiber
7492,YP_010077131.1,tail_fiber
7493,YP_010091551.1,tail_fiber
7494,YP_010091282.1,tail_fiber
7495,YP_010073620.1,tail_fiber
7496,YP_010073896.1,tail_fiber
7497,YP_009836841.1,tail_fiber
7498,YP_009797783.1,tail_fiber
7499,YP_010065304.1,tail_fiber
7500,YP_009880363.1,tail_fiber
7501,YP_009798002.1,tail_fiber
7502,YP_010069268.1,tail_fiber
7503,YP_010069809.1,tail_fiber
7504,YP_010090893.1,tail_fiber
7505,YP_009799423.1,tail_fiber
7506,YP_009837350.1,tail_fiber
7507,YP_009837356.1,tail_fiber
7508,YP_010094127.1,tail_fiber
7509,YP_009800814.1,tail_fiber
7510,YP_010094170.1,tail_fiber
7511,YP_010094444.1,tail_fiber
7512,YP_010066408.1,tail_fiber
7513,YP_010094702.1,tail_fiber
7514,YP_009889871.1,tail_fiber
7515,YP_009889872.1,tail_fiber
7516,YP_009914615.1,tail_fiber
7517,YP_010072259.1,tail_fiber
7518,YP_010071719.1,tail_fiber
7519,YP_010096465.1,tail_fiber
7520,YP_009881008.1,tail_fiber
7521,YP_009818026.1,tail_fiber
7522,YP_009881460.1,tail_fiber
7523,YP_010080829.1,tail_fiber
7524,YP_009842869.1,tail_fiber
7525,YP_009842875.1,tail_fiber
7526,YP_010072917.1,tail_fiber
7527,YP_010077241.1,tail_fiber
7528,YP_010093295.1,tail_fiber
7529,YP_010067661.1,tail_fiber
7530,YP_010100201.1,tail_fiber
7531,YP_009820486.1,tail_fiber
7532,YP_009829563.1,tail_fiber
7533,YP_009829569.1,tail_fiber
7534,YP_010100376.1,tail_fiber
7535,YP_010100689.1,tail_fiber
7536,YP_010070350.1,tail_fiber
7537,YP_010070075.1,tail_fiber
7538,YP_010070629.1,tail_fiber
7539,YP_009819494.1,tail_fiber
7540,YP_009819501.1,tail_fiber
7541,YP_010072537.1,tail_fiber
7542,YP_010069542.1,tail_fiber
7543,YP_010071451.1,tail_fiber
7544,YP_010070901.1,tail_fiber
7545,YP_009820998.1,tail_fiber
7546,YP_009821377.1,tail_fiber
7547,YP_009833197.1,tail_fiber
7548,YP_010068153.1,tail_fiber
7549,YP_009850443.1,tail_fiber
7550,YP_010076052.1,tail_fiber
7551,YP_010076331.1,tail_fiber
7552,YP_010064610.1,tail_fiber
7553,YP_010075518.1,tail_fiber
7554,YP_009885423.1,tail_fiber
7555,YP_010080681.1,tail_fiber
7556,YP_010081289.1,tail_fiber
7557,YP_010081093.1,tail_fiber
7558,YP_010081328.1,tail_fiber
7559,YP_010081362.1,tail_fiber
7560,YP_010081400.1,tail_fiber
7561,YP_010081134.1,tail_fiber
7562,YP_010081169.1,tail_fiber
7563,YP_010081253.1,tail_fiber
7564,YP_010081545.1,tail_fiber
7565,YP_009887011.1,tail_fiber
7566,YP_009887012.1,tail_fiber
7567,YP_009886268.1,tail_fiber
7568,YP_009886763.1,tail_fiber
7569,YP_009886512.1,tail_fiber
7570,YP_010077481.1,tail_fiber
7571,YP_010068896.1,tail_fiber
7572,YP_009855968.1,tail_fiber
7573,YP_009901773.1,tail_fiber
7574,YP_010074047.1,tail_fiber
7575,YP_010074448.1,tail_fiber
7576,YP_010074521.1,tail_fiber
7577,YP_010065888.1,tail_fiber
7578,YP_010065616.1,tail_fiber
7579,YP_010075786.1,tail_fiber
7580,YP_009914036.1,tail_fiber
7581,YP_009913788.1,tail_fiber
7582,YP_009914005.1,tail_fiber
7583,YP_009914328.1,tail_fiber
7584,YP_010071016.1,tail_fiber
7585,YP_009909925.1,tail_fiber
7586,YP_010038084.1,tail_fiber
7587,YP_010068737.1,tail_fiber
7588,YP_010071997.1,tail_fiber
7589,YP_010072811.1,tail_fiber
7590,YP_009966150.1,tail_fiber
7591,YP_010278370.1,tail_fiber
7592,YP_010099670.1,tail_fiber
7593,YP_010093067.1,tail_fiber
7594,YP_009901317.1,tail_fiber
7595,YP_009966685.1,tail_fiber
7596,YP_009948893.1,tail_fiber
7597,YP_009877611.1,tail_fiber
7598,YP_009879418.1,tail_fiber
7599,YP_009798855.1,tail_fiber
7600,YP_009811857.1,tail_fiber
7601,YP_009811965.1,tail_fiber
7602,YP_009812124.1,tail_fiber
7603,YP_009883624.1,tail_fiber
7604,YP_009889937.1,tail_fiber
7605,YP_009883134.1,tail_fiber
7606,YP_009889508.1,tail_fiber
7607,YP_009785687.1,tail_fiber
7608,YP_009624514.1,tail_fiber
7609,YP_010091776.1,tail_fiber
7610,YP_009876045.1,tail_fiber
7611,YP_010090963.1,tail_fiber
7612,YP_009799776.1,tail_fiber
7613,YP_009813849.1,tail_fiber
7614,YP_009813804.1,tail_fiber
7615,YP_010064721.1,tail_fiber
7616,YP_009966145.1,tail_fiber
7617,YP_010347795.1,tail_fiber
7618,YP_009949108.1,tail_fiber
7619,YP_009966084.1,tail_fiber
7620,YP_009948933.1,tail_fiber
7621,YP_009173813.1,tail_fiber
7622,YP_656444.1,tail_fiber
7623,YP_238945.1,tail_fiber
7624,YP_249596.1,tail_fiber
7625,YP_874014.1,tail_fiber
7626,YP_001039780.1,tail_fiber
7627,YP_001285455.1,tail_fiber
7628,YP_009140335.1,tail_fiber
7629,YP_009220197.1,tail_fiber
7630,YP_003347940.1,tail_fiber
7631,YP_004782208.1,tail_fiber
7632,YP_003580043.1,tail_fiber
7633,YP_003580107.1,tail_fiber
7634,YP_003580109.1,tail_fiber
7635,YP_004421487.1,tail_fiber
7636,YP_005098346.1,tail_fiber
7637,YP_005098347.1,tail_fiber
7638,YP_009103150.1,tail_fiber
7639,YP_003969059.1,tail_fiber
7640,YP_003969060.1,tail_fiber
7641,YP_003969061.1,tail_fiber
7642,YP_003969062.1,tail_fiber
7643,YP_003969142.1,tail_fiber
7644,YP_003969632.1,tail_fiber
7645,YP_007237565.1,tail_fiber
7646,YP_009011741.1,tail_fiber
7647,YP_007003187.1,tail_fiber
7648,YP_004251290.1,tail_fiber
7649,YP_004678793.1,tail_fiber
7650,YP_006489150.1,tail_fiber
7651,YP_006489142.1,tail_fiber
7652,YP_006489033.1,tail_fiber
7653,YP_004957459.1,tail_fiber
7654,YP_007348839.1,tail_fiber
7655,YP_007348897.1,tail_fiber
7656,YP_007348899.1,tail_fiber
7657,YP_006561130.1,tail_fiber
7658,YP_006986475.1,tail_fiber
7659,YP_006986535.1,tail_fiber
7660,YP_006986536.1,tail_fiber
7661,YP_006986537.1,tail_fiber
7662,YP_006986539.1,tail_fiber
7663,YP_007112632.1,tail_fiber
7664,YP_006382770.1,tail_fiber
7665,YP_006382773.1,tail_fiber
7666,YP_007010824.1,tail_fiber
7667,YP_007010892.1,tail_fiber
7668,YP_007010893.1,tail_fiber
7669,YP_007010351.1,tail_fiber
7670,YP_009101472.1,tail_fiber
7671,YP_007236260.1,tail_fiber
7672,YP_009617756.1,tail_fiber
7673,YP_009617800.1,tail_fiber
7674,YP_007869919.1,tail_fiber
7675,YP_009217555.1,tail_fiber
7676,YP_009217565.1,tail_fiber
7677,YP_009217599.1,tail_fiber
7678,YP_009217618.1,tail_fiber
7679,YP_009217619.1,tail_fiber
7680,YP_009217620.1,tail_fiber
7681,YP_006905887.1,tail_fiber
7682,YP_008239674.1,tail_fiber
7683,YP_008239679.1,tail_fiber
7684,YP_006906093.1,tail_fiber
7685,YP_009216110.1,tail_fiber
7686,YP_008060723.1,tail_fiber
7687,YP_008060782.1,tail_fiber
7688,YP_008060783.1,tail_fiber
7689,YP_008060784.1,tail_fiber
7690,YP_008060786.1,tail_fiber
7691,YP_008241542.1,tail_fiber
7692,YP_008240634.1,tail_fiber
7693,YP_009147872.1,tail_fiber
7694,YP_009042794.1,tail_fiber
7695,YP_008853880.1,tail_fiber
7696,YP_009006536.1,tail_fiber
7697,YP_009007648.1,tail_fiber
7698,YP_008770036.1,tail_fiber
7699,YP_008771658.1,tail_fiber
7700,YP_008771819.1,tail_fiber
7701,YP_008858917.1,tail_fiber
7702,YP_009639172.1,tail_fiber
7703,YP_009639100.1,tail_fiber
7704,YP_009021675.1,tail_fiber
7705,YP_009021355.1,tail_fiber
7706,YP_009021396.1,tail_fiber
7707,YP_009097808.1,tail_fiber
7708,YP_009097866.1,tail_fiber
7709,YP_009097867.1,tail_fiber
7710,YP_009097868.1,tail_fiber
7711,YP_009097870.1,tail_fiber
7712,YP_009151106.1,tail_fiber
7713,YP_009151122.1,tail_fiber
7714,YP_009151638.1,tail_fiber
7715,YP_009151963.1,tail_fiber
7716,YP_009147517.1,tail_fiber
7717,YP_009147634.1,tail_fiber
7718,YP_006908863.1,tail_fiber
7719,YP_009196812.1,tail_fiber
7720,YP_009196814.1,tail_fiber
7721,YP_009226131.1,tail_fiber
7722,YP_009226147.1,tail_fiber
7723,YP_009200196.1,tail_fiber
7724,YP_009221565.1,tail_fiber
7725,YP_009206239.1,tail_fiber
7726,YP_009191784.1,tail_fiber
7727,YP_009191831.1,tail_fiber
7728,YP_009224679.1,tail_fiber
7729,YP_009220799.1,tail_fiber
7730,YP_009220801.1,tail_fiber
7731,YP_009220802.1,tail_fiber
7732,YP_009220804.1,tail_fiber
7733,YP_009220999.1,tail_fiber
7734,YP_009221000.1,tail_fiber
7735,YP_009218554.1,tail_fiber
7736,YP_009218735.1,tail_fiber
7737,YP_009218737.1,tail_fiber
7738,YP_009218738.1,tail_fiber
7739,YP_009218741.1,tail_fiber
7740,YP_009218792.1,tail_fiber
7741,YP_009218801.1,tail_fiber
7742,YP_009194451.1,tail_fiber
7743,YP_009194510.1,tail_fiber
7744,YP_009194512.1,tail_fiber
7745,YP_009607400.1,tail_fiber
7746,YP_009607458.1,tail_fiber
7747,YP_009607460.1,tail_fiber
7748,YP_009607122.1,tail_fiber
7749,YP_009607180.1,tail_fiber
7750,YP_009607182.1,tail_fiber
7751,YP_009607184.1,tail_fiber
7752,YP_009288671.1,tail_fiber
7753,YP_009225277.1,tail_fiber
7754,YP_009195021.1,tail_fiber
7755,YP_009195082.1,tail_fiber
7756,YP_009195083.1,tail_fiber
7757,YP_009195084.1,tail_fiber
7758,YP_009195086.1,tail_fiber
7759,YP_009198019.1,tail_fiber
7760,YP_009216489.1,tail_fiber
7761,YP_009191338.1,tail_fiber
7762,YP_009908796.1,tail_fiber
7763,YP_009602643.1,tail_fiber
7764,YP_009323819.1,tail_fiber
7765,YP_009323870.1,tail_fiber
7766,YP_009323874.1,tail_fiber
7767,YP_009323880.1,tail_fiber
7768,YP_009320819.1,tail_fiber
7769,YP_009320870.1,tail_fiber
7770,YP_009320874.1,tail_fiber
7771,YP_009320880.1,tail_fiber
7772,YP_009615973.1,tail_fiber
7773,YP_009616013.1,tail_fiber
7774,YP_009280189.1,tail_fiber
7775,YP_009280195.1,tail_fiber
7776,YP_009280202.1,tail_fiber
7777,YP_009280279.1,tail_fiber
7778,YP_009283777.1,tail_fiber
7779,YP_009283823.1,tail_fiber
7780,YP_009285740.1,tail_fiber
7781,YP_009285798.1,tail_fiber
7782,YP_009285799.1,tail_fiber
7783,YP_009285800.1,tail_fiber
7784,YP_009285802.1,tail_fiber
7785,YP_009831503.1,tail_fiber
7786,YP_009831566.1,tail_fiber
7787,YP_009831567.1,tail_fiber
7788,YP_009831568.1,tail_fiber
7789,YP_009289653.1,tail_fiber
7790,YP_009793725.1,tail_fiber
7791,YP_009793730.1,tail_fiber
7792,YP_009626439.1,tail_fiber
7793,YP_009626447.1,tail_fiber
7794,YP_009626463.1,tail_fiber
7795,YP_009626498.1,tail_fiber
7796,YP_009322977.1,tail_fiber
7797,YP_009323167.1,tail_fiber
7798,YP_009831221.1,tail_fiber
7799,YP_009831282.1,tail_fiber
7800,YP_009831283.1,tail_fiber
7801,YP_009831284.1,tail_fiber
7802,YP_009597493.1,tail_fiber
7803,YP_009597501.1,tail_fiber
7804,YP_009792488.1,tail_fiber
7805,YP_009792494.1,tail_fiber
7806,YP_009599334.1,tail_fiber
7807,YP_009599754.1,tail_fiber
7808,YP_009625564.1,tail_fiber
7809,YP_009618490.1,tail_fiber
7810,YP_009794801.1,tail_fiber
7811,YP_009790751.1,tail_fiber
7812,YP_009610379.1,tail_fiber
7813,YP_009610482.1,tail_fiber
7814,YP_009610536.1,tail_fiber
7815,YP_009834668.1,tail_fiber
7816,YP_009794968.1,tail_fiber
7817,YP_009794974.1,tail_fiber
7818,YP_009795130.1,tail_fiber
7819,YP_009795136.1,tail_fiber
7820,YP_009877770.1,tail_fiber
7821,YP_009804143.1,tail_fiber
7822,YP_009804149.1,tail_fiber
7823,YP_009612990.1,tail_fiber
7824,YP_009612998.1,tail_fiber
7825,YP_009613058.1,tail_fiber
7826,YP_009613059.1,tail_fiber
7827,YP_009834903.1,tail_fiber
7828,YP_009619923.1,tail_fiber
7829,YP_009879583.1,tail_fiber
7830,YP_009836203.1,tail_fiber
7831,YP_009622276.1,tail_fiber
7832,YP_009797649.1,tail_fiber
7833,YP_009624336.1,tail_fiber
7834,YP_009624618.1,tail_fiber
7835,YP_009804801.1,tail_fiber
7836,YP_009881071.1,tail_fiber
7837,YP_009841469.1,tail_fiber
7838,YP_009841470.1,tail_fiber
7839,YP_009841472.1,tail_fiber
7840,YP_009841475.1,tail_fiber
7841,YP_009811861.1,tail_fiber
7842,YP_009811970.1,tail_fiber
7843,YP_009812128.1,tail_fiber
7844,YP_009814984.1,tail_fiber
7845,YP_009814990.1,tail_fiber
7846,YP_009818753.1,tail_fiber
7847,YP_009908774.1,tail_fiber
7848,YP_009908883.1,tail_fiber
7849,YP_009909013.1,tail_fiber
7850,YP_009909038.1,tail_fiber
7851,YP_009908828.1,tail_fiber
7852,YP_009908854.1,tail_fiber
7853,YP_009908935.1,tail_fiber
7854,YP_009908986.1,tail_fiber
7855,YP_009908908.1,tail_fiber
7856,YP_009845357.1,tail_fiber
7857,YP_009621321.1,tail_fiber
7858,YP_009849812.1,tail_fiber
7859,YP_009849818.1,tail_fiber
7860,YP_009848020.1,tail_fiber
7861,YP_009848023.1,tail_fiber
7862,YP_009848025.1,tail_fiber
7863,YP_009848026.1,tail_fiber
7864,YP_009848736.1,tail_fiber
7865,YP_009848742.1,tail_fiber
7866,YP_009883288.1,tail_fiber
7867,YP_009847777.1,tail_fiber
7868,YP_009851898.1,tail_fiber
7869,YP_009852051.1,tail_fiber
7870,YP_009852057.1,tail_fiber
7871,YP_009909728.1,tail_fiber
7872,YP_009887713.1,tail_fiber
7873,YP_009887919.1,tail_fiber
7874,YP_009888329.1,tail_fiber
7875,YP_009889141.1,tail_fiber
7876,YP_009888938.1,tail_fiber
7877,YP_009888940.1,tail_fiber
7878,YP_009887341.1,tail_fiber
7879,YP_010089118.1,tail_fiber
7880,YP_010089170.1,tail_fiber
7881,YP_010092952.1,tail_fiber
7882,YP_010095629.1,tail_fiber
7883,YP_010095630.1,tail_fiber
7884,YP_010095700.1,tail_fiber
7885,YP_010095745.1,tail_fiber
7886,YP_010095923.1,tail_fiber
7887,YP_010095924.1,tail_fiber
7888,YP_010110033.1,tail_fiber
7889,YP_010113913.1,tail_fiber
7890,NP_899629.1,tail_fiber
7891,NP_899545.1,tail_fiber
7892,YP_008125201.1,tail_fiber
7893,YP_009201365.1,tail_fiber
7894,YP_009201449.1,tail_fiber
7895,YP_009201451.1,tail_fiber
7896,YP_009201452.1,tail_fiber
7897,YP_009223415.1,tail_fiber
7898,YP_009594248.1,tail_fiber
7899,YP_009594263.1,tail_fiber
7900,YP_009615405.1,tail_fiber
7901,NP_049770.1,tail_fiber
7902,NP_049862.1,tail_fiber
7903,YP_010067303.1,tail_fiber
7904,YP_009914510.1,tail_fiber
7905,YP_010067041.1,tail_fiber
7906,YP_002854116.1,tail_fiber
7907,YP_002854202.1,tail_fiber
7908,YP_009792963.1,tail_fiber
7909,NP_861863.1,tail_fiber
7910,NP_861941.1,tail_fiber
7911,NP_861943.1,tail_fiber
7912,NP_945303.1,tail_fiber
7913,NP_958074.1,tail_fiber
7914,YP_009098543.1,tail_fiber
7915,YP_009098596.1,tail_fiber
7916,YP_009098632.1,tail_fiber
7917,YP_009098633.1,tail_fiber
7918,YP_009167530.1,tail_fiber
7919,YP_009167581.1,tail_fiber
7920,YP_009167616.1,tail_fiber
7921,NP_037718.1,tail_fiber
7922,YP_002308420.1,tail_fiber
7923,NP_891819.1,tail_fiber
7924,NP_891821.1,tail_fiber
7925,YP_009167975.1,tail_fiber
7926,YP_009168068.1,tail_fiber
7927,YP_009102363.1,tail_fiber
7928,YP_009102414.1,tail_fiber
7929,YP_009102448.1,tail_fiber
7930,NP_052117.1,tail_fiber
7931,NP_892072.1,tail_fiber
7932,NP_853598.1,tail_fiber
7933,YP_195254.1,tail_fiber
7934,YP_001595369.1,tail_fiber
7935,YP_919019.1,tail_fiber
7936,YP_002003543.1,tail_fiber
7937,YP_007151758.1,tail_fiber
7938,YP_004324404.1,tail_fiber
7939,YP_002003493.1,tail_fiber
7940,YP_002003351.1,tail_fiber
7941,YP_002922323.1,tail_fiber
7942,YP_002922325.1,tail_fiber
7943,YP_002922587.1,tail_fiber
7944,YP_002925179.1,tail_fiber
7945,YP_003934796.1,tail_fiber
7946,YP_003934883.1,tail_fiber
7947,YP_003335801.1,tail_fiber
7948,YP_003347555.1,tail_fiber
7949,YP_009012582.1,tail_fiber
7950,YP_009012583.1,tail_fiber
7951,YP_009012587.1,tail_fiber
7952,YP_009012589.1,tail_fiber
7953,YP_009017615.1,tail_fiber
7954,YP_007010939.1,tail_fiber
7955,YP_004306691.1,tail_fiber
7956,YP_009014859.1,tail_fiber
7957,YP_007003526.1,tail_fiber
7958,YP_007003411.1,tail_fiber
7959,YP_007003217.1,tail_fiber
7960,YP_007501021.1,tail_fiber
7961,YP_007501031.1,tail_fiber
7962,YP_004415053.1,tail_fiber
7963,YP_004678762.1,tail_fiber
7964,YP_009606708.1,tail_fiber
7965,YP_009606709.1,tail_fiber
7966,YP_007004200.1,tail_fiber
7967,YP_007004202.1,tail_fiber
7968,YP_007004288.1,tail_fiber
7969,YP_004782195.1,tail_fiber
7970,YP_007004901.1,tail_fiber
7971,YP_007004988.1,tail_fiber
7972,YP_007004537.1,tail_fiber
7973,YP_007004587.1,tail_fiber
7974,YP_007004622.1,tail_fiber
7975,YP_007501189.1,tail_fiber
7976,YP_007501285.1,tail_fiber
7977,YP_007392699.1,tail_fiber
7978,YP_007006212.1,tail_fiber
7979,YP_006907803.1,tail_fiber
7980,YP_007006015.1,tail_fiber
7981,YP_006987039.1,tail_fiber
7982,YP_006987360.1,tail_fiber
7983,YP_006986712.1,tail_fiber
7984,YP_006986805.1,tail_fiber
7985,YP_006986806.1,tail_fiber
7986,YP_006299964.1,tail_fiber
7987,YP_006299965.1,tail_fiber
7988,YP_007112158.1,tail_fiber
7989,YP_007112159.1,tail_fiber
7990,YP_007111977.1,tail_fiber
7991,YP_007112561.1,tail_fiber
7992,YP_007112299.1,tail_fiber
7993,YP_007111799.1,tail_fiber
7994,YP_007111525.1,tail_fiber
7995,YP_007111601.1,tail_fiber
7996,YP_007111397.1,tail_fiber
7997,YP_007111461.1,tail_fiber
7998,YP_007112365.1,tail_fiber
7999,YP_007112037.1,tail_fiber
8000,YP_007112440.1,tail_fiber
8001,YP_008239655.1,tail_fiber
8002,YP_009617947.1,tail_fiber
8003,YP_007677863.1,tail_fiber
8004,YP_007677929.1,tail_fiber
8005,YP_007677930.1,tail_fiber
8006,YP_009102630.1,tail_fiber
8007,YP_009102684.1,tail_fiber
8008,YP_009102721.1,tail_fiber
8009,YP_009148843.1,tail_fiber
8010,YP_009147971.1,tail_fiber
8011,YP_007237053.1,tail_fiber
8012,YP_007237103.1,tail_fiber
8013,YP_007237104.1,tail_fiber
8014,YP_007237106.1,tail_fiber
8015,YP_007237112.1,tail_fiber
8016,YP_007235867.1,tail_fiber
8017,YP_007236080.1,tail_fiber
8018,YP_009149403.1,tail_fiber
8019,YP_009149455.1,tail_fiber
8020,YP_006990236.1,tail_fiber
8021,YP_009598345.1,tail_fiber
8022,YP_008766808.1,tail_fiber
8023,YP_008766809.1,tail_fiber
8024,YP_009103197.1,tail_fiber
8025,YP_009003131.1,tail_fiber
8026,YP_009220088.1,tail_fiber
8027,YP_008858666.1,tail_fiber
8028,YP_008530285.1,tail_fiber
8029,YP_008239741.1,tail_fiber
8030,YP_009008163.1,tail_fiber
8031,YP_009153757.1,tail_fiber
8032,YP_009153849.1,tail_fiber
8033,YP_009153850.1,tail_fiber
8034,YP_009056747.1,tail_fiber
8035,YP_009056823.1,tail_fiber
8036,YP_009056825.1,tail_fiber
8037,YP_008853740.1,tail_fiber
8038,YP_008771120.1,tail_fiber
8039,YP_008770317.1,tail_fiber
8040,YP_008770326.1,tail_fiber
8041,YP_008766758.1,tail_fiber
8042,YP_008857891.1,tail_fiber
8043,YP_008857895.1,tail_fiber
8044,YP_009056550.1,tail_fiber
8045,YP_009055376.1,tail_fiber
8046,YP_009056087.1,tail_fiber
8047,YP_009211602.1,tail_fiber
8048,YP_009211691.1,tail_fiber
8049,YP_009211693.1,tail_fiber
8050,YP_009211694.1,tail_fiber
8051,YP_009148601.1,tail_fiber
8052,YP_009126152.1,tail_fiber
8053,YP_009126153.1,tail_fiber
8054,YP_009126187.1,tail_fiber
8055,YP_009126354.1,tail_fiber
8056,YP_009005438.1,tail_fiber
8057,YP_009005441.1,tail_fiber
8058,YP_009005533.1,tail_fiber
8059,YP_009005535.1,tail_fiber
8060,YP_009007183.1,tail_fiber
8061,YP_009004203.1,tail_fiber
8062,YP_009031970.1,tail_fiber
8063,YP_009032394.1,tail_fiber
8064,YP_009030297.1,tail_fiber
8065,YP_009030300.1,tail_fiber
8066,YP_009030302.1,tail_fiber
8067,YP_009055637.1,tail_fiber
8068,YP_009043506.1,tail_fiber
8069,YP_009036995.1,tail_fiber
8070,YP_009035617.1,tail_fiber
8071,YP_009036548.1,tail_fiber
8072,YP_009035290.1,tail_fiber
8073,YP_009036172.1,tail_fiber
8074,YP_009055856.1,tail_fiber
8075,YP_009030767.1,tail_fiber
8076,YP_009030859.1,tail_fiber
8077,YP_009043561.1,tail_fiber
8078,YP_009592797.1,tail_fiber
8079,YP_009592985.1,tail_fiber
8080,YP_009592990.1,tail_fiber
8081,YP_009593159.1,tail_fiber
8082,YP_009099318.1,tail_fiber
8083,YP_009221531.1,tail_fiber
8084,YP_009221532.1,tail_fiber
8085,YP_009056445.1,tail_fiber
8086,YP_009152452.1,tail_fiber
8087,YP_009111150.1,tail_fiber
8088,YP_009102835.1,tail_fiber
8089,YP_009146611.1,tail_fiber
8090,YP_009146702.1,tail_fiber
8091,YP_009146704.1,tail_fiber
8092,YP_009146706.1,tail_fiber
8093,YP_009100706.1,tail_fiber
8094,YP_009100768.1,tail_fiber
8095,YP_009100785.1,tail_fiber
8096,YP_009100787.1,tail_fiber
8097,YP_009303689.1,tail_fiber
8098,YP_009304458.1,tail_fiber
8099,YP_009304469.1,tail_fiber
8100,YP_009110978.1,tail_fiber
8101,YP_009102095.1,tail_fiber
8102,YP_009102194.1,tail_fiber
8103,YP_009216697.1,tail_fiber
8104,YP_009205853.1,tail_fiber
8105,YP_009205941.1,tail_fiber
8106,YP_009205943.1,tail_fiber
8107,YP_009207351.1,tail_fiber
8108,YP_009207437.1,tail_fiber
8109,YP_009207439.1,tail_fiber
8110,YP_009210006.1,tail_fiber
8111,YP_009214007.1,tail_fiber
8112,YP_009214098.1,tail_fiber
8113,YP_009214100.1,tail_fiber
8114,YP_009113085.1,tail_fiber
8115,YP_009196097.1,tail_fiber
8116,YP_009200585.1,tail_fiber
8117,YP_009204362.1,tail_fiber
8118,YP_009204367.1,tail_fiber
8119,YP_009221626.1,tail_fiber
8120,YP_009221628.1,tail_fiber
8121,YP_009200508.1,tail_fiber
8122,YP_009624887.1,tail_fiber
8123,YP_009190337.1,tail_fiber
8124,YP_009190428.1,tail_fiber
8125,YP_009190429.1,tail_fiber
8126,YP_009190430.1,tail_fiber
8127,YP_009190432.1,tail_fiber
8128,YP_009190433.1,tail_fiber
8129,YP_009205690.1,tail_fiber
8130,YP_009219300.1,tail_fiber
8131,YP_009219303.1,tail_fiber
8132,YP_009219304.1,tail_fiber
8133,YP_009219990.1,tail_fiber
8134,YP_009216958.1,tail_fiber
8135,YP_009216961.1,tail_fiber
8136,YP_009191567.1,tail_fiber
8137,YP_009784782.1,tail_fiber
8138,YP_009195564.1,tail_fiber
8139,YP_009195655.1,tail_fiber
8140,YP_009195658.1,tail_fiber
8141,YP_009226215.1,tail_fiber
8142,YP_009226220.1,tail_fiber
8143,YP_009198336.1,tail_fiber
8144,YP_009198341.1,tail_fiber
8145,YP_009193795.1,tail_fiber
8146,YP_009193801.1,tail_fiber
8147,YP_009201868.1,tail_fiber
8148,YP_009201895.1,tail_fiber
8149,YP_009215191.1,tail_fiber
8150,YP_009215197.1,tail_fiber
8151,YP_009217873.1,tail_fiber
8152,YP_009191633.1,tail_fiber
8153,YP_009218832.1,tail_fiber
8154,YP_009218834.1,tail_fiber
8155,YP_009191761.1,tail_fiber
8156,YP_009191763.1,tail_fiber
8157,YP_010088348.1,tail_fiber
8158,YP_010066815.1,tail_fiber
8159,YP_010066356.1,tail_fiber
8160,YP_010065958.1,tail_fiber
8161,YP_009221427.1,tail_fiber
8162,YP_009284019.1,tail_fiber
8163,YP_009289546.1,tail_fiber
8164,YP_009289548.1,tail_fiber
8165,YP_009225094.1,tail_fiber
8166,YP_009225012.1,tail_fiber
8167,YP_009593722.1,tail_fiber
8168,YP_009785384.1,tail_fiber
8169,YP_009202892.1,tail_fiber
8170,YP_009202979.1,tail_fiber
8171,YP_009202981.1,tail_fiber
8172,YP_009203897.1,tail_fiber
8173,YP_009203990.1,tail_fiber
8174,YP_009203992.1,tail_fiber
8175,YP_009593875.1,tail_fiber
8176,YP_009593884.1,tail_fiber
8177,YP_009191451.1,tail_fiber
8178,YP_009190948.1,tail_fiber
8179,YP_009190990.1,tail_fiber
8180,YP_009188359.1,tail_fiber
8181,YP_009224767.1,tail_fiber
8182,YP_009210345.1,tail_fiber
8183,YP_009177488.1,tail_fiber
8184,YP_009625004.1,tail_fiber
8185,YP_009625090.1,tail_fiber
8186,YP_009625376.1,tail_fiber
8187,YP_009625464.1,tail_fiber
8188,YP_009197210.1,tail_fiber
8189,YP_009197296.1,tail_fiber
8190,YP_009180660.1,tail_fiber
8191,YP_009180746.1,tail_fiber
8192,YP_009615864.1,tail_fiber
8193,YP_009187309.1,tail_fiber
8194,YP_009191364.1,tail_fiber
8195,YP_009785893.1,tail_fiber
8196,YP_009274780.1,tail_fiber
8197,YP_009275524.1,tail_fiber
8198,YP_010088652.1,tail_fiber
8199,YP_010088661.1,tail_fiber
8200,YP_009324518.1,tail_fiber
8201,YP_009278124.1,tail_fiber
8202,YP_009278125.1,tail_fiber
8203,YP_009286983.1,tail_fiber
8204,YP_009286984.1,tail_fiber
8205,YP_009282499.1,tail_fiber
8206,YP_009284431.1,tail_fiber
8207,YP_009289972.1,tail_fiber
8208,YP_009280908.1,tail_fiber
8209,YP_009291682.1,tail_fiber
8210,YP_009291683.1,tail_fiber
8211,YP_009274687.1,tail_fiber
8212,YP_009322253.1,tail_fiber
8213,YP_009325271.1,tail_fiber
8214,YP_009290427.1,tail_fiber
8215,YP_009290477.1,tail_fiber
8216,YP_009286511.1,tail_fiber
8217,YP_009286600.1,tail_fiber
8218,YP_009278565.1,tail_fiber
8219,YP_009282057.1,tail_fiber
8220,YP_009291518.1,tail_fiber
8221,YP_009291519.1,tail_fiber
8222,YP_009281494.1,tail_fiber
8223,YP_010073209.1,tail_fiber
8224,YP_009324055.1,tail_fiber
8225,YP_009324138.1,tail_fiber
8226,YP_009324140.1,tail_fiber
8227,YP_009323362.1,tail_fiber
8228,YP_009323446.1,tail_fiber
8229,YP_009323448.1,tail_fiber
8230,YP_009284681.1,tail_fiber
8231,YP_009280444.1,tail_fiber
8232,YP_009280477.1,tail_fiber
8233,YP_009280478.1,tail_fiber
8234,YP_009280011.1,tail_fiber
8235,YP_009280109.1,tail_fiber
8236,YP_009280112.1,tail_fiber
8237,YP_009322853.1,tail_fiber
8238,YP_009287206.1,tail_fiber
8239,YP_009278602.1,tail_fiber
8240,YP_009287665.1,tail_fiber
8241,YP_009277863.1,tail_fiber
8242,YP_009283762.1,tail_fiber
8243,YP_009288524.1,tail_fiber
8244,YP_009288576.1,tail_fiber
8245,YP_009288610.1,tail_fiber
8246,YP_009277532.1,tail_fiber
8247,YP_009277584.1,tail_fiber
8248,YP_009277621.1,tail_fiber
8249,YP_009277622.1,tail_fiber
8250,YP_009278936.1,tail_fiber
8251,YP_009278974.1,tail_fiber
8252,YP_009278975.1,tail_fiber
8253,YP_009279151.1,tail_fiber
8254,YP_009289041.1,tail_fiber
8255,YP_009289073.1,tail_fiber
8256,YP_009289122.1,tail_fiber
8257,YP_009280164.1,tail_fiber
8258,YP_009280165.1,tail_fiber
8259,YP_009279273.1,tail_fiber
8260,YP_009285049.1,tail_fiber
8261,YP_009288145.1,tail_fiber
8262,YP_009291473.1,tail_fiber
8263,YP_009321017.1,tail_fiber
8264,YP_009322460.1,tail_fiber
8265,YP_010091867.1,tail_fiber
8266,YP_009876000.1,tail_fiber
8267,YP_010076775.1,tail_fiber
8268,YP_009597918.1,tail_fiber
8269,YP_009597924.1,tail_fiber
8270,YP_010089573.1,tail_fiber
8271,YP_010089574.1,tail_fiber
8272,YP_010074883.1,tail_fiber
8273,YP_010074967.1,tail_fiber
8274,YP_009789004.1,tail_fiber
8275,YP_009789035.1,tail_fiber
8276,YP_009789125.1,tail_fiber
8277,YP_009966373.1,tail_fiber
8278,YP_009800435.1,tail_fiber
8279,YP_009600278.1,tail_fiber
8280,YP_010089999.1,tail_fiber
8281,YP_010090077.1,tail_fiber
8282,YP_010090265.1,tail_fiber
8283,YP_010053774.1,tail_fiber
8284,YP_009602109.1,tail_fiber
8285,YP_009602206.1,tail_fiber
8286,YP_009602208.1,tail_fiber
8287,YP_009608425.1,tail_fiber
8288,YP_009608504.1,tail_fiber
8289,YP_009609489.1,tail_fiber
8290,YP_009609575.1,tail_fiber
8291,YP_009609579.1,tail_fiber
8292,YP_010092317.1,tail_fiber
8293,YP_010092403.1,tail_fiber
8294,YP_009914709.1,tail_fiber
8295,YP_009609870.1,tail_fiber
8296,YP_009791184.1,tail_fiber
8297,YP_009791738.1,tail_fiber
8298,YP_009791782.1,tail_fiber
8299,YP_009618969.1,tail_fiber
8300,YP_009619055.1,tail_fiber
8301,YP_009619093.1,tail_fiber
8302,YP_009614811.1,tail_fiber
8303,YP_009614898.1,tail_fiber
8304,YP_010076359.1,tail_fiber
8305,YP_010092110.1,tail_fiber
8306,YP_010067840.1,tail_fiber
8307,YP_010068394.1,tail_fiber
8308,YP_010075052.1,tail_fiber
8309,YP_009615313.1,tail_fiber
8310,YP_009615636.1,tail_fiber
8311,YP_009615726.1,tail_fiber
8312,YP_009620110.1,tail_fiber
8313,YP_009623863.1,tail_fiber
8314,YP_010077042.1,tail_fiber
8315,YP_010091465.1,tail_fiber
8316,YP_010091194.1,tail_fiber
8317,YP_009816315.1,tail_fiber
8318,YP_009795843.1,tail_fiber
8319,YP_010073528.1,tail_fiber
8320,YP_010073809.1,tail_fiber
8321,YP_010093556.1,tail_fiber
8322,YP_010093653.1,tail_fiber
8323,YP_009836843.1,tail_fiber
8324,YP_009797816.1,tail_fiber
8325,YP_010065219.1,tail_fiber
8326,YP_009797951.1,tail_fiber
8327,YP_010069181.1,tail_fiber
8328,YP_009798040.1,tail_fiber
8329,YP_010069719.1,tail_fiber
8330,YP_010090874.1,tail_fiber
8331,YP_010090962.1,tail_fiber
8332,YP_009799418.1,tail_fiber
8333,YP_010094048.1,tail_fiber
8334,YP_010094125.1,tail_fiber
8335,YP_009613531.1,tail_fiber
8336,YP_009613539.1,tail_fiber
8337,YP_009613621.1,tail_fiber
8338,YP_010095212.1,tail_fiber
8339,YP_010094172.1,tail_fiber
8340,YP_010094257.1,tail_fiber
8341,YP_010094528.1,tail_fiber
8342,YP_010066494.1,tail_fiber
8343,YP_010094704.1,tail_fiber
8344,YP_010094789.1,tail_fiber
8345,YP_009889798.1,tail_fiber
8346,YP_009889869.1,tail_fiber
8347,YP_010072171.1,tail_fiber
8348,YP_009820070.1,tail_fiber
8349,YP_010071632.1,tail_fiber
8350,YP_009802470.1,tail_fiber
8351,YP_010096226.1,tail_fiber
8352,YP_010096466.1,tail_fiber
8353,YP_010096467.1,tail_fiber
8354,YP_010096482.1,tail_fiber
8355,YP_010096283.1,tail_fiber
8356,YP_009618240.1,tail_fiber
8357,YP_009618336.1,tail_fiber
8358,YP_009618338.1,tail_fiber
8359,YP_009790212.1,tail_fiber
8360,YP_009880936.1,tail_fiber
8361,YP_009881006.1,tail_fiber
8362,YP_009817979.1,tail_fiber
8363,YP_009818021.1,tail_fiber
8364,YP_009812356.1,tail_fiber
8365,YP_009881462.1,tail_fiber
8366,YP_009881535.1,tail_fiber
8367,YP_009814107.1,tail_fiber
8368,YP_010073100.1,tail_fiber
8369,YP_010098445.1,tail_fiber
8370,YP_010077419.1,tail_fiber
8371,YP_009816563.1,tail_fiber
8372,YP_010093213.1,tail_fiber
8373,YP_010067576.1,tail_fiber
8374,YP_010100018.1,tail_fiber
8375,YP_010100203.1,tail_fiber
8376,YP_009817028.1,tail_fiber
8377,YP_009818428.1,tail_fiber
8378,YP_009814969.1,tail_fiber
8379,YP_010100303.1,tail_fiber
8380,YP_010100374.1,tail_fiber
8381,YP_010100511.1,tail_fiber
8382,YP_010070262.1,tail_fiber
8383,YP_010069988.1,tail_fiber
8384,YP_010070539.1,tail_fiber
8385,YP_009819493.1,tail_fiber
8386,YP_010072449.1,tail_fiber
8387,YP_010069453.1,tail_fiber
8388,YP_010071365.1,tail_fiber
8389,YP_010070812.1,tail_fiber
8390,YP_009820189.1,tail_fiber
8391,YP_009820184.1,tail_fiber
8392,YP_009821798.1,tail_fiber
8393,YP_009821864.1,tail_fiber
8394,YP_009883073.1,tail_fiber
8395,YP_010068068.1,tail_fiber
8396,YP_010068154.1,tail_fiber
8397,YP_009850441.1,tail_fiber
8398,YP_010075966.1,tail_fiber
8399,YP_010076053.1,tail_fiber
8400,YP_010076246.1,tail_fiber
8401,YP_010076329.1,tail_fiber
8402,YP_009850025.1,tail_fiber
8403,YP_009883957.1,tail_fiber
8404,YP_009883961.1,tail_fiber
8405,YP_010075424.1,tail_fiber
8406,YP_009885349.1,tail_fiber
8407,YP_009885421.1,tail_fiber
8408,NP_602303.1,tail_fiber
8409,YP_010053895.1,tail_fiber
8410,YP_009886937.1,tail_fiber
8411,YP_009887009.1,tail_fiber
8412,YP_009886194.1,tail_fiber
8413,YP_009886266.1,tail_fiber
8414,YP_009886690.1,tail_fiber
8415,YP_009886761.1,tail_fiber
8416,YP_009886440.1,tail_fiber
8417,YP_009886510.1,tail_fiber
8418,YP_009887113.1,tail_fiber
8419,YP_009887184.1,tail_fiber
8420,YP_010077482.1,tail_fiber
8421,YP_010077660.1,tail_fiber
8422,YP_010068983.1,tail_fiber
8423,YP_009855966.1,tail_fiber
8424,YP_009856172.1,tail_fiber
8425,YP_010074134.1,tail_fiber
8426,YP_010074363.1,tail_fiber
8427,YP_010074607.1,tail_fiber
8428,YP_009949320.1,tail_fiber
8429,YP_009965312.1,tail_fiber
8430,YP_010065803.1,tail_fiber
8431,YP_010065529.1,tail_fiber
8432,YP_010075699.1,tail_fiber
8433,YP_010071202.1,tail_fiber
8434,YP_010068648.1,tail_fiber
8435,YP_010071908.1,tail_fiber
8436,YP_010072723.1,tail_fiber
8437,YP_009594801.1,tail_fiber
8438,YP_001294868.1,tail_fiber
8439,YP_006589987.1,tail_fiber
8440,YP_009208178.1,tail_fiber
8441,YP_009208179.1,tail_fiber
8442,YP_009293489.1,tail_fiber
8443,YP_009148733.1,tail_fiber
8444,YP_001671760.1,tail_fiber
8445,YP_007005418.1,tail_fiber
8446,YP_009151846.1,tail_fiber
8447,YP_010278286.1,tail_fiber
8448,YP_009881781.1,tail_fiber
8449,YP_010099757.1,tail_fiber
8450,YP_009814689.1,tail_fiber
8451,YP_009843231.1,tail_fiber
8452,YP_009856530.1,tail_fiber
8453,YP_010089578.1,tail_fiber
8454,YP_010089579.1,tail_fiber
8455,YP_009965962.1,tail_fiber
8456,YP_009900969.1,tail_fiber
8457,YP_009901027.1,tail_fiber
8458,YP_009788688.1,tail_fiber
8459,YP_009784184.1,tail_fiber
8460,YP_009784713.1,tail_fiber
8461,YP_009784961.1,tail_fiber
8462,YP_009785538.1,tail_fiber
8463,YP_009817554.1,tail_fiber
8464,YP_009792481.1,tail_fiber
8465,YP_009832394.1,tail_fiber
8466,YP_009790029.1,tail_fiber
8467,YP_009794283.1,tail_fiber
8468,YP_009802348.1,tail_fiber
8469,YP_009790824.1,tail_fiber
8470,YP_009791133.1,tail_fiber
8471,YP_009791815.1,tail_fiber
8472,YP_009791820.1,tail_fiber
8473,YP_009791873.1,tail_fiber
8474,YP_009791878.1,tail_fiber
8475,YP_009792654.1,tail_fiber
8476,YP_009796708.1,tail_fiber
8477,YP_009798893.1,tail_fiber
8478,YP_009622565.1,tail_fiber
8479,YP_009800162.1,tail_fiber
8480,YP_009800165.1,tail_fiber
8481,YP_009837897.1,tail_fiber
8482,YP_009801007.1,tail_fiber
8483,YP_009807867.1,tail_fiber
8484,YP_009809783.1,tail_fiber
8485,YP_009809210.1,tail_fiber
8486,YP_009841467.1,tail_fiber
8487,YP_009818326.1,tail_fiber
8488,YP_009819277.1,tail_fiber
8489,YP_009844292.1,tail_fiber
8490,YP_009843950.1,tail_fiber
8491,YP_009904652.1,tail_fiber
8492,YP_009845149.1,tail_fiber
8493,YP_009822995.1,tail_fiber
8494,YP_009822996.1,tail_fiber
8495,YP_009823139.1,tail_fiber
8496,YP_009823140.1,tail_fiber
8497,YP_009823278.1,tail_fiber
8498,YP_009823279.1,tail_fiber
8499,YP_009822717.1,tail_fiber
8500,YP_009822718.1,tail_fiber
8501,YP_009822858.1,tail_fiber
8502,YP_009822859.1,tail_fiber
8503,YP_009849239.1,tail_fiber
8504,YP_009849286.1,tail_fiber
8505,YP_009849287.1,tail_fiber
8506,YP_009849289.1,tail_fiber
8507,YP_009849292.1,tail_fiber
8508,YP_009849294.1,tail_fiber
8509,YP_009849305.1,tail_fiber
8510,YP_009845877.1,tail_fiber
8511,YP_009883457.1,tail_fiber
8512,YP_009849888.1,tail_fiber
8513,YP_009884151.1,tail_fiber
8514,YP_009877411.1,tail_fiber
8515,YP_009877363.1,tail_fiber
8516,YP_009833462.1,tail_fiber
8517,YP_009855710.1,tail_fiber
8518,YP_009889344.1,tail_fiber
8519,YP_009857446.1,tail_fiber
8520,YP_009887344.1,tail_fiber
8521,YP_009859405.1,tail_fiber
8522,YP_009777890.1,tail_fiber
8523,YP_009778109.1,tail_fiber
8524,YP_009984503.1,tail_fiber
8525,YP_009985127.1,tail_fiber
8526,YP_009986895.1,tail_fiber
8527,YP_009987349.1,tail_fiber
8528,YP_010000212.1,tail_fiber
8529,YP_010000226.1,tail_fiber
8530,YP_010082113.1,tail_fiber
8531,YP_010107170.1,tail_fiber
8532,YP_010106805.1,tail_fiber
8533,YP_010114579.1,tail_fiber
8534,YP_010114618.1,tail_fiber
8535,YP_010114636.1,tail_fiber
8536,YP_009850607.1,tail_fiber
8537,YP_224171.1,tail_fiber
8538,YP_010078062.1,tail_fiber
8539,NP_862890.1,tail_fiber
8540,YP_010115331.1,tail_fiber
8541,YP_293730.1,tail_fiber
8542,YP_003090191.1,tail_fiber
8543,YP_001111062.1,tail_fiber
8544,YP_004306389.1,tail_fiber
8545,YP_004306861.1,tail_fiber
8546,YP_009792299.1,tail_fiber
8547,YP_007007772.1,tail_fiber
8548,YP_007011009.1,tail_fiber
8549,YP_009302964.1,tail_fiber
8550,YP_009219430.1,tail_fiber
8551,YP_009200295.1,tail_fiber
8552,YP_009219995.1,tail_fiber
8553,YP_009191634.1,tail_fiber
8554,YP_010088310.1,tail_fiber
8555,YP_010066864.1,tail_fiber
8556,YP_010066166.1,tail_fiber
8557,YP_010066006.1,tail_fiber
8558,YP_009830000.1,tail_fiber
8559,YP_010073159.1,tail_fiber
8560,YP_009875999.1,tail_fiber
8561,YP_009787439.1,tail_fiber
8562,YP_009787496.1,tail_fiber
8563,YP_009787550.1,tail_fiber
8564,YP_009831687.1,tail_fiber
8565,YP_010076826.1,tail_fiber
8566,YP_010089576.1,tail_fiber
8567,YP_009787963.1,tail_fiber
8568,YP_010074935.1,tail_fiber
8569,YP_009788866.1,tail_fiber
8570,YP_009788871.1,tail_fiber
8571,YP_009789754.1,tail_fiber
8572,YP_009789853.1,tail_fiber
8573,YP_010090631.1,tail_fiber
8574,YP_010090652.1,tail_fiber
8575,YP_009790736.1,tail_fiber
8576,YP_010092408.1,tail_fiber
8577,YP_009790850.1,tail_fiber
8578,YP_009791186.1,tail_fiber
8579,YP_009834148.1,tail_fiber
8580,YP_010092023.1,tail_fiber
8581,YP_010067893.1,tail_fiber
8582,YP_010068447.1,tail_fiber
8583,YP_010075105.1,tail_fiber
8584,YP_010077095.1,tail_fiber
8585,YP_010091516.1,tail_fiber
8586,YP_010091245.1,tail_fiber
8587,YP_009816443.1,tail_fiber
8588,YP_009816454.1,tail_fiber
8589,YP_009836880.1,tail_fiber
8590,YP_010065271.1,tail_fiber
8591,YP_009998430.1,tail_fiber
8592,YP_010090966.1,tail_fiber
8593,YP_010090967.1,tail_fiber
8594,YP_009837541.1,tail_fiber
8595,YP_009800460.1,tail_fiber
8596,YP_010095124.1,tail_fiber
8597,YP_010095174.1,tail_fiber
8598,YP_010095214.1,tail_fiber
8599,YP_010094477.1,tail_fiber
8600,YP_009914613.1,tail_fiber
8601,YP_010072224.1,tail_fiber
8602,YP_010096228.1,tail_fiber
8603,YP_009841568.1,tail_fiber
8604,YP_010098443.1,tail_fiber
8605,YP_010077203.1,tail_fiber
8606,YP_009815362.1,tail_fiber
8607,YP_010067628.1,tail_fiber
8608,YP_009820710.1,tail_fiber
8609,YP_009820775.1,tail_fiber
8610,YP_009819489.1,tail_fiber
8611,YP_009819490.1,tail_fiber
8612,YP_009819491.1,tail_fiber
8613,YP_009819492.1,tail_fiber
8614,YP_009820946.1,tail_fiber
8615,YP_009845553.1,tail_fiber
8616,YP_009845615.1,tail_fiber
8617,YP_009845616.1,tail_fiber
8618,YP_009903407.1,tail_fiber
8619,YP_009903484.1,tail_fiber
8620,YP_009850548.1,tail_fiber
8621,YP_010076017.1,tail_fiber
8622,YP_009883354.1,tail_fiber
8623,YP_009851400.1,tail_fiber
8624,YP_010081507.1,tail_fiber
8625,NP_052268.1,tail_fiber
8626,YP_009909998.1,tail_fiber
8627,YP_009854053.1,tail_fiber
8628,YP_009854238.1,tail_fiber
8629,YP_009887111.1,tail_fiber
8630,YP_010077448.1,tail_fiber
8631,YP_009877449.1,tail_fiber
8632,YP_009877527.1,tail_fiber
8633,YP_009877486.1,tail_fiber
8634,YP_009877569.1,tail_fiber
8635,YP_010074083.1,tail_fiber
8636,YP_010074414.1,tail_fiber
8637,YP_010074556.1,tail_fiber
8638,YP_010106038.1,tail_fiber
8639,YP_009857713.1,tail_fiber
8640,YP_009857640.1,tail_fiber
8641,YP_010091013.1,tail_fiber
8642,YP_010106883.1,tail_fiber
8643,YP_010070980.1,tail_fiber
8644,YP_010056047.1,tail_fiber
8645,YP_009910064.1,tail_fiber
8646,YP_010068701.1,tail_fiber
8647,YP_010071959.1,tail_fiber
8648,YP_010072774.1,tail_fiber
8649,YP_010082078.1,tail_fiber
8650,YP_009966149.1,tail_fiber
8651,YP_010298473.1,tail_fiber
8652,YP_010298467.1,tail_fiber
8653,YP_010298466.1,tail_fiber
8654,YP_010298465.1,tail_fiber
8655,YP_010298463.1,tail_fiber
8656,YP_010298459.1,tail_fiber
8657,YP_010298456.1,tail_fiber
8658,YP_010298411.1,tail_fiber
8659,YP_010298238.1,tail_fiber
8660,YP_010298188.1,tail_fiber
8661,YP_010298186.1,tail_fiber
8662,YP_010298185.1,tail_fiber
8663,YP_010298184.1,tail_fiber
8664,YP_010298178.1,tail_fiber
8665,YP_010297664.1,tail_fiber
8666,YP_010278336.1,tail_fiber
8667,YP_010347747.1,tail_fiber
8668,YP_010356847.1,tail_fiber
8669,YP_010357066.1,tail_fiber
8670,YP_010357265.1,tail_fiber
