,accession,label
0,NP_700394.1,baseplate
1,YP_240178.1,baseplate
2,YP_009966714.1,baseplate
3,YP_009948863.1,baseplate
4,YP_009831405.1,baseplate
5,YP_009831125.1,baseplate
6,YP_009876391.1,baseplate
7,YP_009877639.1,baseplate
8,YP_009835318.1,baseplate
9,YP_009879447.1,baseplate
10,YP_009796307.1,baseplate
11,YP_009796521.1,baseplate
12,YP_009879807.1,baseplate
13,YP_009818153.1,baseplate
14,YP_009798832.1,baseplate
15,YP_009837624.1,baseplate
16,YP_009880602.1,baseplate
17,YP_009881343.1,baseplate
18,YP_009881144.1,baseplate
19,YP_009845147.1,baseplate
20,YP_009883600.1,baseplate
21,YP_009889912.1,baseplate
22,YP_009883160.1,baseplate
23,YP_009884007.1,baseplate
24,YP_009889442.1,baseplate
25,YP_009889482.1,baseplate
26,YP_009887297.1,baseplate
27,YP_009888259.1,baseplate
28,YP_009887848.1,baseplate
29,YP_009888662.1,baseplate
30,YP_009888052.1,baseplate
31,YP_009888464.1,baseplate
32,YP_009887665.1,baseplate
33,YP_009889271.1,baseplate
34,YP_009888869.1,baseplate
35,YP_009889074.1,baseplate
36,YP_009887473.1,baseplate
37,YP_010089022.1,baseplate
38,YP_010092932.1,baseplate
39,YP_010092934.1,baseplate
40,YP_010095668.1,baseplate
41,YP_010095961.1,baseplate
42,YP_010107262.1,baseplate
43,YP_010106722.1,baseplate
44,YP_010106803.1,baseplate
45,YP_009798376.1,baseplate
46,YP_009882215.1,baseplate
47,YP_009882258.1,baseplate
48,YP_009850609.1,baseplate
49,YP_010067292.1,baseplate
50,YP_010067336.1,baseplate
51,YP_010067339.1,baseplate
52,YP_010067031.1,baseplate
53,YP_010067070.1,baseplate
54,YP_001111067.1,baseplate
55,YP_009782919.1,baseplate
56,YP_004306439.1,baseplate
57,YP_004415043.1,baseplate
58,YP_009149392.1,baseplate
59,YP_009149431.1,baseplate
60,YP_009778994.1,baseplate
61,YP_009779208.1,baseplate
62,YP_009779423.1,baseplate
63,YP_009783142.1,baseplate
64,YP_009783147.1,baseplate
65,YP_009779636.1,baseplate
66,YP_009779850.1,baseplate
67,YP_009592807.1,baseplate
68,YP_009593149.1,baseplate
69,YP_009067098.1,baseplate
70,YP_009110968.1,baseplate
71,YP_009219429.1,baseplate
72,YP_010066806.1,baseplate
73,YP_010066347.1,baseplate
74,YP_010065949.1,baseplate
75,YP_009284009.1,baseplate
76,YP_009210335.1,baseplate
77,YP_009625100.1,baseplate
78,YP_009625366.1,baseplate
79,YP_009197306.1,baseplate
80,YP_009180650.1,baseplate
81,YP_010088642.1,baseplate
82,YP_010073179.1,baseplate
83,YP_010073182.1,baseplate
84,YP_010073219.1,baseplate
85,YP_009786270.1,baseplate
86,YP_009876073.1,baseplate
87,YP_010076805.1,baseplate
88,YP_010076802.1,baseplate
89,YP_010076763.1,baseplate
90,YP_010089475.1,baseplate
91,YP_010089480.1,baseplate
92,YP_010089518.1,baseplate
93,YP_010089520.1,baseplate
94,YP_010089521.1,baseplate
95,YP_010133101.1,baseplate
96,YP_010074882.1,baseplate
97,YP_010074873.1,baseplate
98,YP_010089989.1,baseplate
99,YP_010090027.1,baseplate
100,YP_010090030.1,baseplate
101,YP_010090255.1,baseplate
102,YP_010090622.1,baseplate
103,YP_010090624.1,baseplate
104,YP_010090335.1,baseplate
105,YP_010092306.1,baseplate
106,YP_009790848.1,baseplate
107,YP_009618958.1,baseplate
108,YP_009618968.1,baseplate
109,YP_009618995.1,baseplate
110,YP_009618998.1,baseplate
111,YP_009619083.1,baseplate
112,YP_009619119.1,baseplate
113,YP_010076386.1,baseplate
114,YP_010076389.1,baseplate
115,YP_010076620.1,baseplate
116,YP_010091999.1,baseplate
117,YP_010067830.1,baseplate
118,YP_010067872.1,baseplate
119,YP_010068384.1,baseplate
120,YP_010068426.1,baseplate
121,YP_010075043.1,baseplate
122,YP_010075084.1,baseplate
123,YP_010077031.1,baseplate
124,YP_010077074.1,baseplate
125,YP_010091455.1,baseplate
126,YP_010091464.1,baseplate
127,YP_010091495.1,baseplate
128,YP_010091184.1,baseplate
129,YP_010091193.1,baseplate
130,YP_010091224.1,baseplate
131,YP_010073516.1,baseplate
132,YP_010073797.1,baseplate
133,YP_010093662.1,baseplate
134,YP_009836898.1,baseplate
135,YP_009836903.1,baseplate
136,YP_010065251.1,baseplate
137,YP_010065209.1,baseplate
138,YP_010065248.1,baseplate
139,YP_010069171.1,baseplate
140,YP_010069180.1,baseplate
141,YP_010069209.1,baseplate
142,YP_010069212.1,baseplate
143,YP_009798066.1,baseplate
144,YP_010069709.1,baseplate
145,YP_010090864.1,baseplate
146,YP_010094073.1,baseplate
147,YP_010095104.1,baseplate
148,YP_010094267.1,baseplate
149,YP_010094501.1,baseplate
150,YP_010094538.1,baseplate
151,YP_010066464.1,baseplate
152,YP_010066467.1,baseplate
153,YP_010066504.1,baseplate
154,YP_010094799.1,baseplate
155,YP_010095364.1,baseplate
156,YP_009889788.1,baseplate
157,YP_010072200.1,baseplate
158,YP_010072161.1,baseplate
159,YP_010072203.1,baseplate
160,YP_010071622.1,baseplate
161,YP_010071660.1,baseplate
162,YP_010071663.1,baseplate
163,YP_010096168.1,baseplate
164,YP_010096171.1,baseplate
165,YP_010096255.1,baseplate
166,YP_010096293.1,baseplate
167,YP_009880926.1,baseplate
168,YP_009880968.1,baseplate
169,YP_009881503.1,baseplate
170,YP_009881545.1,baseplate
171,YP_009814246.1,baseplate
172,YP_009814417.1,baseplate
173,YP_010072862.1,baseplate
174,YP_010073091.1,baseplate
175,YP_010098494.1,baseplate
176,YP_010077180.1,baseplate
177,YP_010077408.1,baseplate
178,YP_010077418.1,baseplate
179,YP_009879877.1,baseplate
180,YP_010093203.1,baseplate
181,YP_010067575.1,baseplate
182,YP_010067604.1,baseplate
183,YP_010067566.1,baseplate
184,YP_010067607.1,baseplate
185,YP_010100028.1,baseplate
186,YP_010100293.1,baseplate
187,YP_010100473.1,baseplate
188,YP_010100514.1,baseplate
189,YP_010100521.1,baseplate
190,YP_010070252.1,baseplate
191,YP_010069978.1,baseplate
192,YP_010070528.1,baseplate
193,YP_010072439.1,baseplate
194,YP_010072448.1,baseplate
195,YP_010069444.1,baseplate
196,YP_010071355.1,baseplate
197,YP_010070802.1,baseplate
198,YP_010070811.1,baseplate
199,YP_010068058.1,baseplate
200,YP_010068095.1,baseplate
201,YP_010068098.1,baseplate
202,YP_009845793.1,baseplate
203,YP_009850382.1,baseplate
204,YP_009850387.1,baseplate
205,YP_010075956.1,baseplate
206,YP_010075993.1,baseplate
207,YP_010075996.1,baseplate
208,YP_010076236.1,baseplate
209,YP_010076275.1,baseplate
210,YP_009883879.1,baseplate
211,YP_009883912.1,baseplate
212,YP_010075414.1,baseplate
213,YP_009884900.1,baseplate
214,YP_009885339.1,baseplate
215,YP_009886927.1,baseplate
216,YP_009886184.1,baseplate
217,YP_009886680.1,baseplate
218,YP_009886429.1,baseplate
219,YP_009887152.1,baseplate
220,YP_009887153.1,baseplate
221,YP_009887194.1,baseplate
222,YP_010077427.1,baseplate
223,YP_010077649.1,baseplate
224,YP_010077424.1,baseplate
225,YP_010068953.1,baseplate
226,YP_010068994.1,baseplate
227,YP_009856162.1,baseplate
228,YP_009856169.1,baseplate
229,YP_010074107.1,baseplate
230,YP_010074144.1,baseplate
231,YP_010074353.1,baseplate
232,YP_010074390.1,baseplate
233,YP_010074580.1,baseplate
234,YP_010074617.1,baseplate
235,YP_009949324.1,baseplate
236,YP_009949274.1,baseplate
237,YP_009965308.1,baseplate
238,YP_010065793.1,baseplate
239,YP_010065830.1,baseplate
240,YP_010065518.1,baseplate
241,YP_010065557.1,baseplate
242,YP_010075689.1,baseplate
243,YP_010075727.1,baseplate
244,YP_010106641.1,baseplate
245,YP_010106881.1,baseplate
246,YP_010071192.1,baseplate
247,YP_010068638.1,baseplate
248,YP_010068680.1,baseplate
249,YP_010071898.1,baseplate
250,YP_010071938.1,baseplate
251,YP_010072713.1,baseplate
252,YP_010072753.1,baseplate
253,YP_010037976.1,baseplate
254,YP_010114056.1,baseplate
255,YP_010278276.1,baseplate
256,YP_009881903.1,baseplate
257,YP_010099729.1,baseplate
258,YP_010099767.1,baseplate
259,YP_007236476.1,baseplate
260,YP_008859233.1,baseplate
261,YP_009834650.1,baseplate
262,YP_009834884.1,baseplate
263,YP_010095667.1,baseplate
264,YP_010095960.1,baseplate
265,YP_008857061.1,baseplate
266,YP_009623478.1,baseplate
267,YP_009200008.1,baseplate
268,YP_009273826.1,baseplate
269,YP_009598049.1,baseplate
270,YP_009598120.1,baseplate
271,YP_010067337.1,baseplate
272,YP_010067071.1,baseplate
273,YP_004415082.1,baseplate
274,YP_009778991.1,baseplate
275,YP_009779205.1,baseplate
276,YP_009779420.1,baseplate
277,YP_009153789.1,baseplate
278,YP_009148629.1,baseplate
279,YP_009030796.1,baseplate
280,YP_009111007.1,baseplate
281,YP_009287399.1,baseplate
282,YP_010088324.1,baseplate
283,YP_010066843.1,baseplate
284,YP_010066382.1,baseplate
285,YP_010065985.1,baseplate
286,YP_009284053.1,baseplate
287,YP_009190763.1,baseplate
288,YP_009210108.1,baseplate
289,YP_009625062.1,baseplate
290,YP_009625405.1,baseplate
291,YP_009197267.1,baseplate
292,YP_009180688.1,baseplate
293,YP_010073181.1,baseplate
294,YP_009288877.1,baseplate
295,YP_010076803.1,baseplate
296,YP_010089479.1,baseplate
297,YP_010074912.1,baseplate
298,YP_010090028.1,baseplate
299,YP_009618996.1,baseplate
300,YP_009619120.1,baseplate
301,YP_010076387.1,baseplate
302,YP_010067870.1,baseplate
303,YP_010068424.1,baseplate
304,YP_010075082.1,baseplate
305,YP_010077072.1,baseplate
306,YP_010091493.1,baseplate
307,YP_010091222.1,baseplate
308,YP_010073564.1,baseplate
309,YP_010073843.1,baseplate
310,YP_009836899.1,baseplate
311,YP_010065249.1,baseplate
312,YP_010069210.1,baseplate
313,YP_010069750.1,baseplate
314,YP_010095151.1,baseplate
315,YP_010094500.1,baseplate
316,YP_010066466.1,baseplate
317,YP_010072201.1,baseplate
318,YP_010071661.1,baseplate
319,YP_010096169.1,baseplate
320,YP_010096254.1,baseplate
321,YP_009880969.1,baseplate
322,YP_009881502.1,baseplate
323,YP_010072860.1,baseplate
324,YP_010098496.1,baseplate
325,YP_010077181.1,baseplate
326,YP_010067605.1,baseplate
327,YP_009816620.1,baseplate
328,YP_010070290.1,baseplate
329,YP_010070016.1,baseplate
330,YP_010070569.1,baseplate
331,YP_010072478.1,baseplate
332,YP_010069482.1,baseplate
333,YP_010071393.1,baseplate
334,YP_010070841.1,baseplate
335,YP_010068096.1,baseplate
336,YP_009850386.1,baseplate
337,YP_010075994.1,baseplate
338,YP_010076276.1,baseplate
339,YP_010075458.1,baseplate
340,YP_010077425.1,baseplate
341,YP_010068952.1,baseplate
342,YP_010074106.1,baseplate
343,YP_010074391.1,baseplate
344,YP_010074579.1,baseplate
345,YP_010065831.1,baseplate
346,YP_010065558.1,baseplate
347,YP_010075728.1,baseplate
348,YP_010070957.1,baseplate
349,YP_010068678.1,baseplate
350,YP_010071936.1,baseplate
351,YP_010072751.1,baseplate
352,YP_010278314.1,baseplate
353,YP_010099728.1,baseplate
354,YP_009966645.1,baseplate
355,NP_944087.1,baseplate
356,NP_944089.1,baseplate
357,NP_944091.1,baseplate
358,YP_656368.1,baseplate
359,YP_656369.1,baseplate
360,YP_656404.1,baseplate
361,YP_656406.1,baseplate
362,YP_238869.1,baseplate
363,YP_238870.1,baseplate
364,YP_238905.1,baseplate
365,YP_238907.1,baseplate
366,YP_238909.1,baseplate
367,YP_009140268.1,baseplate
368,YP_009140279.1,baseplate
369,YP_009140305.1,baseplate
370,YP_009140306.1,baseplate
371,YP_009140375.1,baseplate
372,YP_003579963.1,baseplate
373,YP_003579966.1,baseplate
374,YP_003579970.1,baseplate
375,YP_003580036.1,baseplate
376,YP_003580038.1,baseplate
377,YP_009168374.1,baseplate
378,YP_003969104.1,baseplate
379,YP_003969105.1,baseplate
380,YP_003969106.1,baseplate
381,YP_003969145.1,baseplate
382,YP_003969146.1,baseplate
383,YP_003969147.1,baseplate
384,YP_003969148.1,baseplate
385,YP_003969149.1,baseplate
386,YP_003969150.1,baseplate
387,YP_003969152.1,baseplate
388,YP_003969155.1,baseplate
389,YP_003969615.1,baseplate
390,YP_003969616.1,baseplate
391,YP_003969625.1,baseplate
392,YP_003969627.1,baseplate
393,YP_003969629.1,baseplate
394,YP_007002676.1,baseplate
395,YP_007002812.1,baseplate
396,YP_008061162.1,baseplate
397,YP_006489167.1,baseplate
398,YP_006489153.1,baseplate
399,YP_009001469.1,baseplate
400,YP_006489095.1,baseplate
401,YP_006489094.1,baseplate
402,YP_006489089.1,baseplate
403,YP_004895204.1,baseplate
404,YP_004895232.1,baseplate
405,YP_007008011.1,baseplate
406,YP_007008033.1,baseplate
407,YP_007008122.1,baseplate
408,YP_007348738.1,baseplate
409,YP_007348741.1,baseplate
410,YP_007348744.1,baseplate
411,YP_007348833.1,baseplate
412,YP_007348835.1,baseplate
413,YP_006986374.1,baseplate
414,YP_006986376.1,baseplate
415,YP_006986377.1,baseplate
416,YP_006986469.1,baseplate
417,YP_006986471.1,baseplate
418,YP_007006463.1,baseplate
419,YP_007010854.1,baseplate
420,YP_007010357.1,baseplate
421,YP_007010359.1,baseplate
422,YP_007010367.1,baseplate
423,YP_007010370.1,baseplate
424,YP_007010371.1,baseplate
425,YP_009101449.1,baseplate
426,YP_009217546.1,baseplate
427,YP_009217550.1,baseplate
428,YP_009217551.1,baseplate
429,YP_009217585.1,baseplate
430,YP_009217587.1,baseplate
431,YP_007349148.1,baseplate
432,YP_007349149.1,baseplate
433,YP_007517889.1,baseplate
434,YP_007517920.1,baseplate
435,YP_008060625.1,baseplate
436,YP_008060627.1,baseplate
437,YP_008060628.1,baseplate
438,YP_008060717.1,baseplate
439,YP_008060719.1,baseplate
440,YP_008061627.1,baseplate
441,YP_009221264.1,baseplate
442,YP_009098969.1,baseplate
443,YP_009098986.1,baseplate
444,YP_008770028.1,baseplate
445,YP_008771653.1,baseplate
446,YP_008771789.1,baseplate
447,YP_008771790.1,baseplate
448,YP_008770862.1,baseplate
449,YP_008770996.1,baseplate
450,YP_009030352.1,baseplate
451,YP_009030380.1,baseplate
452,YP_009030448.1,baseplate
453,YP_009021309.1,baseplate
454,YP_009021328.1,baseplate
455,YP_009097802.1,baseplate
456,YP_009097804.1,baseplate
457,YP_009149999.1,baseplate
458,YP_009151114.1,baseplate
459,YP_009151644.1,baseplate
460,YP_009147536.1,baseplate
461,YP_009147537.1,baseplate
462,YP_009147559.1,baseplate
463,YP_009147640.1,baseplate
464,YP_009784963.1,baseplate
465,YP_009220970.1,baseplate
466,YP_009218542.1,baseplate
467,YP_009218545.1,baseplate
468,YP_009218547.1,baseplate
469,YP_009218630.1,baseplate
470,YP_009218631.1,baseplate
471,YP_009218633.1,baseplate
472,YP_009194346.1,baseplate
473,YP_009194349.1,baseplate
474,YP_009194352.1,baseplate
475,YP_009194445.1,baseplate
476,YP_009194447.1,baseplate
477,YP_009607298.1,baseplate
478,YP_009607301.1,baseplate
479,YP_009607394.1,baseplate
480,YP_009607396.1,baseplate
481,YP_009607019.1,baseplate
482,YP_009607022.1,baseplate
483,YP_009607025.1,baseplate
484,YP_009607116.1,baseplate
485,YP_009607118.1,baseplate
486,YP_009194922.1,baseplate
487,YP_009194925.1,baseplate
488,YP_009195015.1,baseplate
489,YP_009195017.1,baseplate
490,YP_009616612.1,baseplate
491,YP_009302438.1,baseplate
492,YP_009302439.1,baseplate
493,YP_009302444.1,baseplate
494,YP_009595869.1,baseplate
495,YP_009615921.1,baseplate
496,YP_009615948.1,baseplate
497,YP_009615949.1,baseplate
498,YP_009616006.1,baseplate
499,YP_009616103.1,baseplate
500,YP_009283780.1,baseplate
501,YP_009283849.1,baseplate
502,YP_009283850.1,baseplate
503,YP_009293438.1,baseplate
504,YP_009293437.1,baseplate
505,YP_009293367.1,baseplate
506,YP_009285646.1,baseplate
507,YP_009285647.1,baseplate
508,YP_009285734.1,baseplate
509,YP_009285736.1,baseplate
510,YP_009831403.1,baseplate
511,YP_009831497.1,baseplate
512,YP_009831499.1,baseplate
513,YP_009626341.1,baseplate
514,YP_009626431.1,baseplate
515,YP_009322941.1,baseplate
516,YP_009323060.1,baseplate
517,YP_009323062.1,baseplate
518,YP_009831123.1,baseplate
519,YP_009831215.1,baseplate
520,YP_009831217.1,baseplate
521,YP_009876392.1,baseplate
522,YP_009876464.1,baseplate
523,YP_009876582.1,baseplate
524,YP_009609645.1,baseplate
525,YP_009609678.1,baseplate
526,YP_009609969.1,baseplate
527,YP_009610052.1,baseplate
528,YP_009834654.1,baseplate
529,YP_009834651.1,baseplate
530,YP_009612407.1,baseplate
531,YP_009612483.1,baseplate
532,YP_009877638.1,baseplate
533,YP_009877669.1,baseplate
534,YP_009613020.1,baseplate
535,YP_009613021.1,baseplate
536,YP_009613022.1,baseplate
537,YP_009613218.1,baseplate
538,YP_009613222.1,baseplate
539,YP_009613223.1,baseplate
540,YP_009834885.1,baseplate
541,YP_009834888.1,baseplate
542,YP_009621068.1,baseplate
543,YP_009879446.1,baseplate
544,YP_009879587.1,baseplate
545,YP_009796156.1,baseplate
546,YP_009796278.1,baseplate
547,YP_009796308.1,baseplate
548,YP_009796375.1,baseplate
549,YP_009796494.1,baseplate
550,YP_009796522.1,baseplate
551,YP_009879663.1,baseplate
552,YP_009879779.1,baseplate
553,YP_009879808.1,baseplate
554,YP_009798797.1,baseplate
555,YP_009798807.1,baseplate
556,YP_009798833.1,baseplate
557,YP_009798888.1,baseplate
558,YP_009837623.1,baseplate
559,YP_009837755.1,baseplate
560,YP_009802284.1,baseplate
561,YP_009804806.1,baseplate
562,YP_009804973.1,baseplate
563,YP_009880601.1,baseplate
564,YP_009880736.1,baseplate
565,YP_009805745.1,baseplate
566,YP_009881277.1,baseplate
567,YP_009881342.1,baseplate
568,YP_009881367.1,baseplate
569,YP_009881143.1,baseplate
570,YP_009881168.1,baseplate
571,YP_009814690.1,baseplate
572,YP_009881712.1,baseplate
573,YP_009883453.1,baseplate
574,YP_009883562.1,baseplate
575,YP_009883574.1,baseplate
576,YP_009883601.1,baseplate
577,YP_009889913.1,baseplate
578,YP_009889979.1,baseplate
579,YP_009883093.1,baseplate
580,YP_009883159.1,baseplate
581,YP_009884524.1,baseplate
582,YP_009885962.1,baseplate
583,YP_009889440.1,baseplate
584,YP_009889451.1,baseplate
585,YP_009889483.1,baseplate
586,YP_009889549.1,baseplate
587,YP_009888118.1,baseplate
588,YP_009888230.1,baseplate
589,YP_009887825.1,baseplate
590,YP_009888528.1,baseplate
591,YP_009888638.1,baseplate
592,YP_009887916.1,baseplate
593,YP_009888028.1,baseplate
594,YP_009888324.1,baseplate
595,YP_009888433.1,baseplate
596,YP_009887527.1,baseplate
597,YP_009887641.1,baseplate
598,YP_009889137.1,baseplate
599,YP_009889248.1,baseplate
600,YP_009888725.1,baseplate
601,YP_009888840.1,baseplate
602,YP_009888935.1,baseplate
603,YP_009889048.1,baseplate
604,YP_009887338.1,baseplate
605,YP_009887448.1,baseplate
606,YP_010059078.1,baseplate
607,YP_010059442.1,baseplate
608,YP_010115142.1,baseplate
609,YP_010089025.1,baseplate
610,YP_010089110.1,baseplate
611,YP_010089112.1,baseplate
612,YP_010089114.1,baseplate
613,YP_010092946.1,baseplate
614,YP_010092949.1,baseplate
615,YP_010095704.1,baseplate
616,YP_010095705.1,baseplate
617,YP_010095709.1,baseplate
618,YP_010095749.1,baseplate
619,YP_010095750.1,baseplate
620,YP_010095754.1,baseplate
621,NP_899589.1,baseplate
622,NP_899590.1,baseplate
623,YP_008125165.2,baseplate
624,YP_008125166.1,baseplate
625,YP_004327042.1,baseplate
626,YP_009006271.1,baseplate
627,YP_009006272.1,baseplate
628,YP_009201403.1,baseplate
629,YP_009201404.1,baseplate
630,YP_009189513.1,baseplate
631,NP_049756.1,baseplate
632,NP_049765.1,baseplate
633,NP_049767.1,baseplate
634,NP_049802.1,baseplate
635,NP_049806.1,baseplate
636,YP_010067298.1,baseplate
637,YP_010067300.1,baseplate
638,YP_010067341.1,baseplate
639,NP_046773.1,baseplate
640,YP_009591445.1,baseplate
641,YP_010067036.1,baseplate
642,YP_010067038.1,baseplate
643,YP_010067075.1,baseplate
644,YP_002854106.1,baseplate
645,YP_002854111.1,baseplate
646,YP_002854113.1,baseplate
647,YP_002854144.1,baseplate
648,YP_002854145.1,baseplate
649,YP_002854148.1,baseplate
650,NP_861853.1,baseplate
651,NP_861858.1,baseplate
652,NP_861860.1,baseplate
653,NP_861893.1,baseplate
654,NP_861894.1,baseplate
655,NP_861897.1,baseplate
656,NP_958072.1,baseplate
657,NP_044961.1,baseplate
658,YP_009098533.1,baseplate
659,YP_009098538.1,baseplate
660,YP_009098540.1,baseplate
661,YP_009098573.1,baseplate
662,YP_009098577.1,baseplate
663,NP_542578.1,baseplate
664,YP_009167520.1,baseplate
665,YP_009167525.1,baseplate
666,YP_009167527.1,baseplate
667,YP_009167557.1,baseplate
668,YP_009167558.1,baseplate
669,YP_009167559.1,baseplate
670,YP_009167560.1,baseplate
671,YP_009167562.1,baseplate
672,YP_009874098.1,baseplate
673,NP_891708.1,baseplate
674,NP_891709.1,baseplate
675,NP_891710.1,baseplate
676,NP_891715.1,baseplate
677,NP_891746.1,baseplate
678,NP_891747.1,baseplate
679,NP_891751.1,baseplate
680,YP_001285382.1,baseplate
681,YP_239748.1,baseplate
682,YP_009167965.1,baseplate
683,YP_009167970.1,baseplate
684,YP_009167972.1,baseplate
685,YP_009168004.1,baseplate
686,YP_009168005.1,baseplate
687,YP_009168006.1,baseplate
688,YP_009168007.1,baseplate
689,YP_009168009.1,baseplate
690,YP_009102353.1,baseplate
691,YP_009102358.1,baseplate
692,YP_009102360.1,baseplate
693,YP_009102391.1,baseplate
694,YP_009102395.1,baseplate
695,NP_944915.1,baseplate
696,YP_762528.1,baseplate
697,NP_076693.1,baseplate
698,YP_009874263.1,baseplate
699,YP_009874201.1,baseplate
700,YP_009874149.1,baseplate
701,YP_195114.1,baseplate
702,YP_195240.1,baseplate
703,YP_195245.1,baseplate
704,YP_001039830.1,baseplate
705,YP_214246.1,baseplate
706,YP_214342.1,baseplate
707,YP_214344.1,baseplate
708,YP_214572.2,baseplate
709,YP_214575.1,baseplate
710,YP_214640.1,baseplate
711,YP_214644.1,baseplate
712,YP_001595277.1,baseplate
713,YP_001595281.1,baseplate
714,YP_001595284.1,baseplate
715,YP_001595319.1,baseplate
716,YP_001595320.1,baseplate
717,YP_529578.1,baseplate
718,YP_239593.1,baseplate
719,YP_239672.1,baseplate
720,YP_240256.1,baseplate
721,YP_240330.1,baseplate
722,YP_240404.1,baseplate
723,YP_240480.1,baseplate
724,YP_240557.1,baseplate
725,YP_240631.1,baseplate
726,YP_240696.1,baseplate
727,YP_240770.1,baseplate
728,YP_293735.1,baseplate
729,YP_717680.1,baseplate
730,YP_717685.1,baseplate
731,YP_717767.1,baseplate
732,YP_717771.1,baseplate
733,YP_004322906.1,baseplate
734,YP_004322992.1,baseplate
735,YP_004322996.1,baseplate
736,YP_004322253.1,baseplate
737,YP_004322254.1,baseplate
738,YP_004322287.1,baseplate
739,YP_004324382.1,baseplate
740,YP_004324387.1,baseplate
741,YP_004324464.1,baseplate
742,YP_004323147.1,baseplate
743,YP_004323160.1,baseplate
744,YP_004323234.1,baseplate
745,YP_004323238.1,baseplate
746,YP_004323618.1,baseplate
747,YP_004323631.1,baseplate
748,YP_004323698.1,baseplate
749,YP_004323702.1,baseplate
750,YP_004322673.1,baseplate
751,YP_004322677.1,baseplate
752,YP_004322685.1,baseplate
753,YP_004322762.1,baseplate
754,YP_004322764.1,baseplate
755,YP_004323847.1,baseplate
756,YP_004323860.1,baseplate
757,YP_004323924.1,baseplate
758,YP_004324615.1,baseplate
759,YP_004324628.1,baseplate
760,YP_004324696.1,baseplate
761,YP_004324700.1,baseplate
762,YP_004324059.1,baseplate
763,YP_004324063.1,baseplate
764,YP_004324069.1,baseplate
765,YP_004324153.1,baseplate
766,YP_004324154.1,baseplate
767,YP_004324157.1,baseplate
768,YP_004324837.1,baseplate
769,YP_004324848.1,baseplate
770,YP_004324920.1,baseplate
771,YP_004324924.1,baseplate
772,YP_004323385.1,baseplate
773,YP_004323395.1,baseplate
774,YP_004323454.1,baseplate
775,YP_004323455.1,baseplate
776,YP_004323463.1,baseplate
777,YP_004322438.1,baseplate
778,YP_004322449.1,baseplate
779,YP_004322511.1,baseplate
780,YP_004322512.1,baseplate
781,YP_004322520.1,baseplate
782,YP_007677193.1,baseplate
783,YP_007677247.1,baseplate
784,YP_007677252.1,baseplate
785,YP_003097468.1,baseplate
786,YP_002221459.1,baseplate
787,YP_002221461.1,baseplate
788,YP_002922213.1,baseplate
789,YP_002922214.1,baseplate
790,YP_002922215.1,baseplate
791,YP_002922219.1,baseplate
792,YP_002922253.1,baseplate
793,YP_002922254.1,baseplate
794,YP_002922259.1,baseplate
795,YP_002922493.1,baseplate
796,YP_002922498.1,baseplate
797,YP_002922501.1,baseplate
798,YP_002922539.1,baseplate
799,YP_002922540.1,baseplate
800,YP_002922862.1,baseplate
801,YP_003934786.1,baseplate
802,YP_003934789.1,baseplate
803,YP_003934792.1,baseplate
804,YP_003934829.1,baseplate
805,YP_003934830.1,baseplate
806,YP_003934831.1,baseplate
807,YP_003934832.1,baseplate
808,YP_003127304.1,baseplate
809,YP_003127150.1,baseplate
810,YP_003127202.1,baseplate
811,YP_003127253.1,baseplate
812,YP_009302090.1,baseplate
813,YP_009302091.1,baseplate
814,YP_009302095.1,baseplate
815,YP_009302102.1,baseplate
816,YP_009302176.1,baseplate
817,YP_009302177.1,baseplate
818,YP_009302178.1,baseplate
819,YP_007010937.1,baseplate
820,YP_008126533.1,baseplate
821,YP_007674524.1,baseplate
822,YP_009782931.1,baseplate
823,YP_009782995.1,baseplate
824,YP_009782997.1,baseplate
825,YP_004957053.1,baseplate
826,YP_007675549.1,baseplate
827,YP_007675553.1,baseplate
828,YP_007675477.1,baseplate
829,YP_007518106.1,baseplate
830,YP_004327325.1,baseplate
831,YP_004327327.1,baseplate
832,YP_007675161.1,baseplate
833,YP_007675166.1,baseplate
834,YP_007675244.1,baseplate
835,YP_008130169.1,baseplate
836,YP_007003414.1,baseplate
837,YP_010079804.1,baseplate
838,YP_007238014.1,baseplate
839,YP_007238016.1,baseplate
840,YP_004415048.1,baseplate
841,YP_004415050.1,baseplate
842,YP_004415086.1,baseplate
843,YP_009590709.1,baseplate
844,YP_004508441.1,baseplate
845,YP_004508496.1,baseplate
846,YP_004508500.1,baseplate
847,YP_009806271.1,baseplate
848,YP_009806284.1,baseplate
849,YP_009806357.1,baseplate
850,YP_009806361.1,baseplate
851,YP_009606702.1,baseplate
852,YP_009606704.1,baseplate
853,YP_007004250.1,baseplate
854,YP_007004251.1,baseplate
855,YP_007004252.1,baseplate
856,YP_007004291.1,baseplate
857,YP_007004294.1,baseplate
858,YP_007004297.1,baseplate
859,YP_007004891.1,baseplate
860,YP_007004896.1,baseplate
861,YP_007004898.1,baseplate
862,YP_007004928.1,baseplate
863,YP_007004929.1,baseplate
864,YP_007004930.1,baseplate
865,YP_007004931.1,baseplate
866,YP_007004933.1,baseplate
867,YP_007004527.1,baseplate
868,YP_007004532.1,baseplate
869,YP_007004534.1,baseplate
870,YP_007004564.1,baseplate
871,YP_007004565.1,baseplate
872,YP_007004567.1,baseplate
873,YP_007004569.1,baseplate
874,YP_007501179.1,baseplate
875,YP_007501184.1,baseplate
876,YP_007501186.1,baseplate
877,YP_007501223.1,baseplate
878,YP_007501225.1,baseplate
879,YP_007501228.1,baseplate
880,YP_006907797.1,baseplate
881,YP_006986701.1,baseplate
882,YP_006986707.1,baseplate
883,YP_006986709.1,baseplate
884,YP_006986711.1,baseplate
885,YP_006986743.1,baseplate
886,YP_006986744.1,baseplate
887,YP_006986745.1,baseplate
888,YP_006986746.1,baseplate
889,YP_006986748.1,baseplate
890,YP_009130746.1,baseplate
891,YP_007236676.1,baseplate
892,YP_007236617.1,baseplate
893,YP_007007242.1,baseplate
894,YP_006201549.1,baseplate
895,YP_006201949.1,baseplate
896,YP_006201719.1,baseplate
897,YP_006201607.1,baseplate
898,YP_009008378.1,baseplate
899,YP_006382269.1,baseplate
900,YP_008239573.1,baseplate
901,YP_008058982.1,baseplate
902,YP_009780828.1,baseplate
903,YP_009781042.1,baseplate
904,YP_008320258.1,baseplate
905,YP_009150174.1,baseplate
906,YP_007677858.1,baseplate
907,YP_007677859.1,baseplate
908,YP_007677891.1,baseplate
909,YP_007677892.1,baseplate
910,YP_007677893.1,baseplate
911,YP_009102620.1,baseplate
912,YP_009102625.1,baseplate
913,YP_009102627.1,baseplate
914,YP_009102661.1,baseplate
915,YP_009102662.1,baseplate
916,YP_009102664.1,baseplate
917,YP_009102666.1,baseplate
918,YP_009148131.1,baseplate
919,YP_009148132.1,baseplate
920,YP_009148136.1,baseplate
921,YP_009148138.1,baseplate
922,YP_009148139.1,baseplate
923,YP_009148173.1,baseplate
924,YP_009148176.1,baseplate
925,YP_006990574.1,baseplate
926,YP_007173621.1,baseplate
927,YP_007235982.1,baseplate
928,YP_007235986.1,baseplate
929,YP_007235990.1,baseplate
930,YP_007236028.1,baseplate
931,YP_009149398.1,baseplate
932,YP_009149400.1,baseplate
933,YP_009149436.1,baseplate
934,YP_010079768.1,baseplate
935,YP_009151293.1,baseplate
936,YP_008318109.1,baseplate
937,YP_008320099.1,baseplate
938,YP_008318166.1,baseplate
939,YP_008318059.1,baseplate
940,YP_008318219.1,baseplate
941,YP_009150839.1,baseplate
942,YP_009003125.1,baseplate
943,YP_009779065.1,baseplate
944,YP_009779069.1,baseplate
945,YP_009779281.1,baseplate
946,YP_009779285.1,baseplate
947,YP_009779496.1,baseplate
948,YP_009779500.1,baseplate
949,YP_009301511.1,baseplate
950,YP_009301516.1,baseplate
951,YP_009301601.1,baseplate
952,YP_009301602.1,baseplate
953,YP_009783225.1,baseplate
954,YP_009874398.1,baseplate
955,YP_009606456.1,baseplate
956,YP_009226339.1,baseplate
957,YP_009220084.1,baseplate
958,YP_008858662.1,baseplate
959,YP_009002879.1,baseplate
960,YP_009219525.1,baseplate
961,YP_009600961.1,baseplate
962,YP_009008136.1,baseplate
963,YP_009008140.1,baseplate
964,YP_009008212.1,baseplate
965,YP_009008213.1,baseplate
966,YP_009007862.1,baseplate
967,YP_009007866.1,baseplate
968,YP_009007878.1,baseplate
969,YP_009007933.1,baseplate
970,YP_009007938.1,baseplate
971,YP_009007942.1,baseplate
972,YP_008241908.1,baseplate
973,YP_009153747.1,baseplate
974,YP_009153752.1,baseplate
975,YP_009153754.1,baseplate
976,YP_009153793.1,baseplate
977,YP_008240312.1,baseplate
978,YP_009143024.1,baseplate
979,YP_009143026.1,baseplate
980,YP_009143035.1,baseplate
981,YP_009143039.1,baseplate
982,YP_008766934.1,baseplate
983,YP_008430889.1,baseplate
984,YP_009056739.1,baseplate
985,YP_009056742.1,baseplate
986,YP_009056744.1,baseplate
987,YP_009056774.1,baseplate
988,YP_009056775.1,baseplate
989,YP_009056777.1,baseplate
990,YP_009056778.1,baseplate
991,YP_009056779.1,baseplate
992,YP_008771126.1,baseplate
993,YP_008770323.1,baseplate
994,YP_008770324.1,baseplate
995,YP_009211592.1,baseplate
996,YP_009211596.1,baseplate
997,YP_009211599.1,baseplate
998,YP_009211632.1,baseplate
999,YP_009211635.1,baseplate
1000,YP_009211636.1,baseplate
1001,YP_009211637.1,baseplate
1002,YP_009037338.1,baseplate
1003,YP_009037340.1,baseplate
1004,YP_009037345.1,baseplate
1005,YP_009037574.1,baseplate
1006,YP_009037575.1,baseplate
1007,YP_009037576.1,baseplate
1008,YP_009037577.1,baseplate
1009,YP_009037578.1,baseplate
1010,YP_009037579.1,baseplate
1011,YP_009148590.1,baseplate
1012,YP_009148595.1,baseplate
1013,YP_009148597.1,baseplate
1014,YP_009148628.1,baseplate
1015,YP_009148633.1,baseplate
1016,YP_009226590.1,baseplate
1017,YP_009217653.1,baseplate
1018,YP_009126134.1,baseplate
1019,YP_009126137.1,baseplate
1020,YP_009126344.1,baseplate
1021,YP_009126349.1,baseplate
1022,YP_009126351.1,baseplate
1023,YP_009126389.1,baseplate
1024,YP_009005431.1,baseplate
1025,YP_009005436.1,baseplate
1026,YP_009005472.1,baseplate
1027,YP_009005475.1,baseplate
1028,YP_009005476.1,baseplate
1029,YP_009030213.1,baseplate
1030,YP_009030249.1,baseplate
1031,YP_009030251.1,baseplate
1032,YP_009037003.1,baseplate
1033,YP_009035625.1,baseplate
1034,YP_009036557.1,baseplate
1035,YP_009035298.1,baseplate
1036,YP_009036180.1,baseplate
1037,YP_009055863.1,baseplate
1038,YP_009055864.1,baseplate
1039,YP_009140572.1,baseplate
1040,YP_009140575.1,baseplate
1041,YP_009140582.1,baseplate
1042,YP_009140656.1,baseplate
1043,YP_009140658.1,baseplate
1044,YP_009779633.1,baseplate
1045,YP_009779642.1,baseplate
1046,YP_009779847.1,baseplate
1047,YP_009779856.1,baseplate
1048,YP_009779930.1,baseplate
1049,YP_009779932.1,baseplate
1050,YP_009133357.1,baseplate
1051,YP_009133413.1,baseplate
1052,YP_009133416.1,baseplate
1053,YP_009133418.1,baseplate
1054,YP_009134505.1,baseplate
1055,YP_009134217.1,baseplate
1056,YP_009134329.1,baseplate
1057,YP_009134330.1,baseplate
1058,YP_009134331.1,baseplate
1059,YP_009134481.1,baseplate
1060,YP_009778160.1,baseplate
1061,YP_009778266.1,baseplate
1062,YP_009778267.1,baseplate
1063,YP_009778268.1,baseplate
1064,YP_009778447.1,baseplate
1065,YP_009778556.1,baseplate
1066,YP_009778557.1,baseplate
1067,YP_009778558.1,baseplate
1068,YP_009778733.1,baseplate
1069,YP_009778835.1,baseplate
1070,YP_009778836.1,baseplate
1071,YP_009778837.1,baseplate
1072,YP_009133574.1,baseplate
1073,YP_009133645.1,baseplate
1074,YP_009133647.1,baseplate
1075,YP_009140792.1,baseplate
1076,YP_009133985.1,baseplate
1077,YP_009030757.1,baseplate
1078,YP_009030762.1,baseplate
1079,YP_009030764.1,baseplate
1080,YP_009030795.1,baseplate
1081,YP_009030800.1,baseplate
1082,YP_009218443.1,baseplate
1083,YP_009099583.1,baseplate
1084,YP_009146951.1,baseplate
1085,YP_009209245.1,baseplate
1086,YP_009606907.1,baseplate
1087,YP_009592768.1,baseplate
1088,YP_009592769.1,baseplate
1089,YP_009592802.1,baseplate
1090,YP_009593154.1,baseplate
1091,YP_009593187.1,baseplate
1092,YP_009593188.1,baseplate
1093,YP_009833537.1,baseplate
1094,YP_009216879.1,baseplate
1095,YP_009056438.1,baseplate
1096,YP_009204976.1,baseplate
1097,YP_009874450.1,baseplate
1098,YP_009067100.1,baseplate
1099,YP_009145703.1,baseplate
1100,YP_009146600.1,baseplate
1101,YP_009146606.1,baseplate
1102,YP_009146608.1,baseplate
1103,YP_009146639.1,baseplate
1104,YP_009146640.1,baseplate
1105,YP_009146644.1,baseplate
1106,YP_009146645.1,baseplate
1107,YP_009100696.1,baseplate
1108,YP_009100697.1,baseplate
1109,YP_009100701.1,baseplate
1110,YP_009100703.1,baseplate
1111,YP_009100733.1,baseplate
1112,YP_009100734.1,baseplate
1113,YP_009100735.1,baseplate
1114,YP_009100738.1,baseplate
1115,YP_009110973.1,baseplate
1116,YP_009110975.1,baseplate
1117,YP_009111011.1,baseplate
1118,YP_009102183.1,baseplate
1119,YP_009147340.1,baseplate
1120,YP_009276949.1,baseplate
1121,YP_009218082.1,baseplate
1122,YP_009217946.1,baseplate
1123,YP_009277393.1,baseplate
1124,YP_009146318.1,baseplate
1125,YP_009205843.1,baseplate
1126,YP_009205847.1,baseplate
1127,YP_009205850.1,baseplate
1128,YP_009205887.1,baseplate
1129,YP_009205888.1,baseplate
1130,YP_009205889.1,baseplate
1131,YP_009207341.1,baseplate
1132,YP_009207345.1,baseplate
1133,YP_009207348.1,baseplate
1134,YP_009207382.1,baseplate
1135,YP_009207383.1,baseplate
1136,YP_009207384.1,baseplate
1137,YP_009207385.1,baseplate
1138,YP_009209907.1,baseplate
1139,YP_009209911.1,baseplate
1140,YP_009209914.1,baseplate
1141,YP_009209950.1,baseplate
1142,YP_009209951.1,baseplate
1143,YP_009209952.1,baseplate
1144,YP_009209953.1,baseplate
1145,YP_009213996.1,baseplate
1146,YP_009214001.1,baseplate
1147,YP_009214043.1,baseplate
1148,YP_009214044.1,baseplate
1149,YP_009214045.1,baseplate
1150,YP_009214046.1,baseplate
1151,YP_009113078.1,baseplate
1152,YP_009113080.1,baseplate
1153,YP_009195939.1,baseplate
1154,YP_009214491.1,baseplate
1155,YP_009214494.1,baseplate
1156,YP_009600428.1,baseplate
1157,YP_009207772.1,baseplate
1158,YP_009785004.1,baseplate
1159,YP_009196095.1,baseplate
1160,YP_009213092.1,baseplate
1161,YP_009202006.1,baseplate
1162,YP_009200410.1,baseplate
1163,YP_009200414.1,baseplate
1164,YP_009200452.1,baseplate
1165,YP_009200455.1,baseplate
1166,YP_009188178.1,baseplate
1167,YP_009202226.1,baseplate
1168,YP_009202229.1,baseplate
1169,YP_009190325.1,baseplate
1170,YP_009190329.1,baseplate
1171,YP_009190334.1,baseplate
1172,YP_009190363.1,baseplate
1173,YP_009190364.1,baseplate
1174,YP_009190366.1,baseplate
1175,YP_009190368.1,baseplate
1176,YP_009190369.1,baseplate
1177,YP_009200813.1,baseplate
1178,YP_009204087.1,baseplate
1179,YP_009209186.1,baseplate
1180,YP_009195554.1,baseplate
1181,YP_009195559.1,baseplate
1182,YP_009195595.1,baseplate
1183,YP_009195598.1,baseplate
1184,YP_009195601.1,baseplate
1185,YP_009875051.1,baseplate
1186,YP_009874714.1,baseplate
1187,YP_009874609.1,baseplate
1188,YP_009874767.1,baseplate
1189,YP_009875162.1,baseplate
1190,YP_009875392.1,baseplate
1191,YP_009875441.1,baseplate
1192,YP_009874559.1,baseplate
1193,YP_009209320.1,baseplate
1194,YP_009601216.1,baseplate
1195,YP_009601218.1,baseplate
1196,YP_009601220.1,baseplate
1197,YP_009601226.1,baseplate
1198,YP_009601230.1,baseplate
1199,YP_009601231.1,baseplate
1200,YP_009212346.1,baseplate
1201,YP_009212348.1,baseplate
1202,YP_009212349.1,baseplate
1203,YP_009212355.1,baseplate
1204,YP_009212359.1,baseplate
1205,YP_009212360.1,baseplate
1206,YP_009325370.1,baseplate
1207,YP_009218830.1,baseplate
1208,YP_009191759.1,baseplate
1209,YP_009207634.1,baseplate
1210,YP_009211926.1,baseplate
1211,YP_010088320.1,baseplate
1212,YP_010088321.1,baseplate
1213,YP_010088323.1,baseplate
1214,YP_010088351.1,baseplate
1215,YP_010088353.1,baseplate
1216,YP_010066810.1,baseplate
1217,YP_010066812.1,baseplate
1218,YP_010066847.1,baseplate
1219,YP_010066149.1,baseplate
1220,YP_010066351.1,baseplate
1221,YP_010066353.1,baseplate
1222,YP_010065953.1,baseplate
1223,YP_010065955.1,baseplate
1224,YP_010065989.1,baseplate
1225,YP_009284014.1,baseplate
1226,YP_009284016.1,baseplate
1227,YP_009284057.1,baseplate
1228,YP_009289418.1,baseplate
1229,YP_009289587.1,baseplate
1230,YP_009289588.1,baseplate
1231,YP_009289590.1,baseplate
1232,YP_009289592.1,baseplate
1233,YP_009289593.1,baseplate
1234,YP_009225061.1,baseplate
1235,YP_009225062.1,baseplate
1236,YP_009225063.1,baseplate
1237,YP_009225064.1,baseplate
1238,YP_009225065.1,baseplate
1239,YP_009225066.1,baseplate
1240,YP_009225097.1,baseplate
1241,YP_009225099.1,baseplate
1242,YP_009225104.1,baseplate
1243,YP_009202886.1,baseplate
1244,YP_009202889.1,baseplate
1245,YP_009202926.1,baseplate
1246,YP_009202927.1,baseplate
1247,YP_009203887.1,baseplate
1248,YP_009203892.1,baseplate
1249,YP_009203894.1,baseplate
1250,YP_009203924.1,baseplate
1251,YP_009203925.1,baseplate
1252,YP_009203930.1,baseplate
1253,YP_009177310.1,baseplate
1254,YP_009212054.1,baseplate
1255,YP_009215045.1,baseplate
1256,YP_009190767.1,baseplate
1257,YP_009190768.1,baseplate
1258,YP_009188739.1,baseplate
1259,YP_009206457.1,baseplate
1260,YP_009606608.1,baseplate
1261,YP_009199412.1,baseplate
1262,YP_009211057.1,baseplate
1263,YP_009210112.1,baseplate
1264,YP_009210340.1,baseplate
1265,YP_009210342.1,baseplate
1266,YP_009625058.1,baseplate
1267,YP_009625093.1,baseplate
1268,YP_009625095.1,baseplate
1269,YP_009625371.1,baseplate
1270,YP_009625373.1,baseplate
1271,YP_009625409.1,baseplate
1272,YP_009197263.1,baseplate
1273,YP_009197299.1,baseplate
1274,YP_009197301.1,baseplate
1275,YP_009180655.1,baseplate
1276,YP_009180657.1,baseplate
1277,YP_009180692.1,baseplate
1278,YP_009274786.1,baseplate
1279,YP_010088647.1,baseplate
1280,YP_010088649.1,baseplate
1281,YP_010088656.1,baseplate
1282,YP_010088658.1,baseplate
1283,YP_009278132.1,baseplate
1284,YP_009286991.1,baseplate
1285,YP_009282507.1,baseplate
1286,YP_009284439.1,baseplate
1287,YP_009289979.1,baseplate
1288,YP_009289980.1,baseplate
1289,YP_009280916.1,baseplate
1290,YP_009291690.1,baseplate
1291,YP_009324995.1,baseplate
1292,YP_009325007.1,baseplate
1293,YP_009325072.1,baseplate
1294,YP_009325076.1,baseplate
1295,YP_009325078.1,baseplate
1296,YP_009290417.1,baseplate
1297,YP_009290422.1,baseplate
1298,YP_009290424.1,baseplate
1299,YP_009290455.1,baseplate
1300,YP_009290457.1,baseplate
1301,YP_009290459.1,baseplate
1302,YP_009286501.1,baseplate
1303,YP_009286506.1,baseplate
1304,YP_009286508.1,baseplate
1305,YP_009286544.1,baseplate
1306,YP_009286546.1,baseplate
1307,YP_009286549.1,baseplate
1308,YP_009282064.1,baseplate
1309,YP_009281484.1,baseplate
1310,YP_009281489.1,baseplate
1311,YP_009281491.1,baseplate
1312,YP_009281520.1,baseplate
1313,YP_009281521.1,baseplate
1314,YP_009281522.1,baseplate
1315,YP_009281523.1,baseplate
1316,YP_009281525.1,baseplate
1317,YP_010073177.1,baseplate
1318,YP_010073212.1,baseplate
1319,YP_010073214.1,baseplate
1320,YP_009324049.1,baseplate
1321,YP_009324052.1,baseplate
1322,YP_009324087.1,baseplate
1323,YP_009324088.1,baseplate
1324,YP_009324089.1,baseplate
1325,YP_009323356.1,baseplate
1326,YP_009323359.1,baseplate
1327,YP_009323394.1,baseplate
1328,YP_009323395.1,baseplate
1329,YP_009323396.1,baseplate
1330,YP_009280486.1,baseplate
1331,YP_009288881.1,baseplate
1332,YP_009288882.1,baseplate
1333,YP_009280001.1,baseplate
1334,YP_009280007.1,baseplate
1335,YP_009280046.1,baseplate
1336,YP_009280052.1,baseplate
1337,YP_009324623.1,baseplate
1338,YP_009324624.1,baseplate
1339,YP_009288514.1,baseplate
1340,YP_009288519.1,baseplate
1341,YP_009288521.1,baseplate
1342,YP_009288553.1,baseplate
1343,YP_009288555.1,baseplate
1344,YP_009288557.1,baseplate
1345,YP_009277521.1,baseplate
1346,YP_009277527.1,baseplate
1347,YP_009277529.1,baseplate
1348,YP_009277561.1,baseplate
1349,YP_009277563.1,baseplate
1350,YP_009277565.1,baseplate
1351,YP_009278914.1,baseplate
1352,YP_009278916.1,baseplate
1353,YP_009278918.1,baseplate
1354,YP_009279140.1,baseplate
1355,YP_009279146.1,baseplate
1356,YP_009279148.1,baseplate
1357,YP_009289089.1,baseplate
1358,YP_009289090.1,baseplate
1359,YP_009289091.1,baseplate
1360,YP_009289092.1,baseplate
1361,YP_009289093.1,baseplate
1362,YP_009289125.1,baseplate
1363,YP_009289127.1,baseplate
1364,YP_009289131.1,baseplate
1365,YP_009289132.1,baseplate
1366,YP_009279726.1,baseplate
1367,YP_009288254.1,baseplate
1368,YP_009279281.1,baseplate
1369,YP_009285058.1,baseplate
1370,YP_009875873.1,baseplate
1371,YP_009875763.1,baseplate
1372,YP_009320918.1,baseplate
1373,YP_009320919.1,baseplate
1374,YP_009320931.1,baseplate
1375,YP_009320989.1,baseplate
1376,YP_009320990.1,baseplate
1377,YP_009320994.1,baseplate
1378,YP_009320995.1,baseplate
1379,YP_010088667.1,baseplate
1380,YP_010088668.1,baseplate
1381,YP_010088680.1,baseplate
1382,YP_010088739.1,baseplate
1383,YP_010088743.1,baseplate
1384,YP_010088744.1,baseplate
1385,YP_009321266.1,baseplate
1386,YP_009321270.1,baseplate
1387,YP_009321275.1,baseplate
1388,YP_009321346.1,baseplate
1389,YP_009321347.1,baseplate
1390,YP_009320437.1,baseplate
1391,YP_009322450.1,baseplate
1392,YP_009322505.1,baseplate
1393,YP_010091808.1,baseplate
1394,YP_009876003.1,baseplate
1395,YP_009876072.1,baseplate
1396,YP_010076770.1,baseplate
1397,YP_010076807.1,baseplate
1398,YP_010076772.1,baseplate
1399,YP_009831974.1,baseplate
1400,YP_010089474.1,baseplate
1401,YP_010089523.1,baseplate
1402,YP_010089524.1,baseplate
1403,YP_010074916.1,baseplate
1404,YP_010074880.1,baseplate
1405,YP_010074878.1,baseplate
1406,YP_009600273.1,baseplate
1407,YP_009876353.1,baseplate
1408,YP_010089994.1,baseplate
1409,YP_010089996.1,baseplate
1410,YP_010090029.1,baseplate
1411,YP_010090031.1,baseplate
1412,YP_010090032.1,baseplate
1413,YP_010090260.1,baseplate
1414,YP_010090262.1,baseplate
1415,YP_009602100.1,baseplate
1416,YP_009602101.1,baseplate
1417,YP_009602102.1,baseplate
1418,YP_009602106.1,baseplate
1419,YP_009602140.1,baseplate
1420,YP_009602141.1,baseplate
1421,YP_009602143.1,baseplate
1422,YP_009602145.1,baseplate
1423,YP_010090585.1,baseplate
1424,YP_010090586.1,baseplate
1425,YP_010090268.1,baseplate
1426,YP_009608472.1,baseplate
1427,YP_009608473.1,baseplate
1428,YP_009608474.1,baseplate
1429,YP_009608475.1,baseplate
1430,YP_009608476.1,baseplate
1431,YP_009608477.1,baseplate
1432,YP_009608507.1,baseplate
1433,YP_009608509.1,baseplate
1434,YP_009608514.1,baseplate
1435,YP_009609480.1,baseplate
1436,YP_009609481.1,baseplate
1437,YP_009609483.1,baseplate
1438,YP_009609522.1,baseplate
1439,YP_009609523.1,baseplate
1440,YP_010092307.1,baseplate
1441,YP_010092311.1,baseplate
1442,YP_010092351.1,baseplate
1443,YP_010092352.1,baseplate
1444,YP_009791267.1,baseplate
1445,YP_009618594.1,baseplate
1446,YP_009618725.1,baseplate
1447,YP_009618964.1,baseplate
1448,YP_009618966.1,baseplate
1449,YP_009618997.1,baseplate
1450,YP_009619000.1,baseplate
1451,YP_009619088.1,baseplate
1452,YP_009619090.1,baseplate
1453,YP_009619124.1,baseplate
1454,YP_009612737.1,baseplate
1455,YP_009614801.1,baseplate
1456,YP_009614806.1,baseplate
1457,YP_009614808.1,baseplate
1458,YP_009614839.1,baseplate
1459,YP_009614840.1,baseplate
1460,YP_009614844.1,baseplate
1461,YP_010076354.1,baseplate
1462,YP_010076356.1,baseplate
1463,YP_010076388.1,baseplate
1464,YP_010076391.1,baseplate
1465,YP_010092003.1,baseplate
1466,YP_010092005.1,baseplate
1467,YP_010092047.1,baseplate
1468,YP_010092048.1,baseplate
1469,YP_010092050.1,baseplate
1470,YP_010067835.1,baseplate
1471,YP_010067837.1,baseplate
1472,YP_010067874.1,baseplate
1473,YP_010068389.1,baseplate
1474,YP_010068391.1,baseplate
1475,YP_010068425.1,baseplate
1476,YP_010068428.1,baseplate
1477,YP_010075047.1,baseplate
1478,YP_010075049.1,baseplate
1479,YP_010075086.1,baseplate
1480,YP_009878839.1,baseplate
1481,YP_009878892.1,baseplate
1482,YP_009878946.1,baseplate
1483,YP_009878999.1,baseplate
1484,YP_009879054.1,baseplate
1485,YP_009879108.1,baseplate
1486,YP_009879161.1,baseplate
1487,YP_010080136.1,baseplate
1488,YP_009877888.1,baseplate
1489,YP_009877936.1,baseplate
1490,YP_009877994.1,baseplate
1491,YP_009878042.1,baseplate
1492,YP_009878097.1,baseplate
1493,YP_009878331.1,baseplate
1494,YP_009878479.1,baseplate
1495,YP_009878535.1,baseplate
1496,YP_009878581.1,baseplate
1497,YP_009878686.1,baseplate
1498,YP_009878740.1,baseplate
1499,YP_009878791.1,baseplate
1500,YP_009615626.1,baseplate
1501,YP_009615631.1,baseplate
1502,YP_009615633.1,baseplate
1503,YP_009615665.1,baseplate
1504,YP_009615667.1,baseplate
1505,YP_009615670.1,baseplate
1506,YP_010077037.1,baseplate
1507,YP_010077039.1,baseplate
1508,YP_010077076.1,baseplate
1509,YP_010091460.1,baseplate
1510,YP_010091462.1,baseplate
1511,YP_010091497.1,baseplate
1512,YP_010091189.1,baseplate
1513,YP_010091191.1,baseplate
1514,YP_010091226.1,baseplate
1515,YP_010079544.1,baseplate
1516,YP_009621567.1,baseplate
1517,YP_009621696.1,baseplate
1518,YP_010073523.1,baseplate
1519,YP_010073525.1,baseplate
1520,YP_010073568.1,baseplate
1521,YP_010073804.1,baseplate
1522,YP_010073806.1,baseplate
1523,YP_010073847.1,baseplate
1524,YP_010093618.1,baseplate
1525,YP_010093621.1,baseplate
1526,YP_010093657.1,baseplate
1527,YP_009836940.1,baseplate
1528,YP_010065214.1,baseplate
1529,YP_010065216.1,baseplate
1530,YP_010065253.1,baseplate
1531,YP_010069176.1,baseplate
1532,YP_010069178.1,baseplate
1533,YP_010069211.1,baseplate
1534,YP_010069214.1,baseplate
1535,YP_010069714.1,baseplate
1536,YP_010069716.1,baseplate
1537,YP_010069754.1,baseplate
1538,YP_010090865.1,baseplate
1539,YP_010090868.1,baseplate
1540,YP_010090907.1,baseplate
1541,YP_010090908.1,baseplate
1542,YP_010094043.1,baseplate
1543,YP_010094075.1,baseplate
1544,YP_010094078.1,baseplate
1545,YP_010094079.1,baseplate
1546,YP_010095101.1,baseplate
1547,YP_010094223.1,baseplate
1548,YP_010094224.1,baseplate
1549,YP_010094225.1,baseplate
1550,YP_010094260.1,baseplate
1551,YP_010094263.1,baseplate
1552,YP_010094496.1,baseplate
1553,YP_010094531.1,baseplate
1554,YP_010094533.1,baseplate
1555,YP_010066462.1,baseplate
1556,YP_010066497.1,baseplate
1557,YP_010066499.1,baseplate
1558,YP_010094753.1,baseplate
1559,YP_010094754.1,baseplate
1560,YP_010094755.1,baseplate
1561,YP_010094792.1,baseplate
1562,YP_010094795.1,baseplate
1563,YP_010095371.1,baseplate
1564,YP_009889794.1,baseplate
1565,YP_009889796.1,baseplate
1566,YP_010072166.1,baseplate
1567,YP_010072205.1,baseplate
1568,YP_010072168.1,baseplate
1569,YP_010071627.1,baseplate
1570,YP_010071629.1,baseplate
1571,YP_010071662.1,baseplate
1572,YP_010071665.1,baseplate
1573,YP_010096136.1,baseplate
1574,YP_010096173.1,baseplate
1575,YP_010096174.1,baseplate
1576,YP_010096513.1,baseplate
1577,YP_010096253.1,baseplate
1578,YP_010096286.1,baseplate
1579,YP_010096288.1,baseplate
1580,YP_009618227.1,baseplate
1581,YP_009618235.1,baseplate
1582,YP_009618237.1,baseplate
1583,YP_009618271.1,baseplate
1584,YP_009618276.1,baseplate
1585,YP_009880932.1,baseplate
1586,YP_009880967.1,baseplate
1587,YP_009881504.1,baseplate
1588,YP_009881539.1,baseplate
1589,YP_010072864.1,baseplate
1590,YP_010073095.1,baseplate
1591,YP_010073097.1,baseplate
1592,YP_010098491.1,baseplate
1593,YP_010098492.1,baseplate
1594,YP_010098528.1,baseplate
1595,YP_009814839.1,baseplate
1596,YP_010077182.1,baseplate
1597,YP_010077185.1,baseplate
1598,YP_010077414.1,baseplate
1599,YP_010077416.1,baseplate
1600,YP_010093208.1,baseplate
1601,YP_010067571.1,baseplate
1602,YP_010067606.1,baseplate
1603,YP_010067609.1,baseplate
1604,YP_010067573.1,baseplate
1605,YP_010099985.1,baseplate
1606,YP_010099988.1,baseplate
1607,YP_010100021.1,baseplate
1608,YP_010100023.1,baseplate
1609,YP_009816012.1,baseplate
1610,YP_009816014.1,baseplate
1611,YP_009816016.1,baseplate
1612,YP_010079899.1,baseplate
1613,YP_010100297.1,baseplate
1614,YP_010100300.1,baseplate
1615,YP_010100332.1,baseplate
1616,YP_010100334.1,baseplate
1617,YP_010100333.1,baseplate
1618,YP_010100474.1,baseplate
1619,YP_010100475.1,baseplate
1620,YP_010100517.1,baseplate
1621,YP_010070257.1,baseplate
1622,YP_010070259.1,baseplate
1623,YP_010070291.1,baseplate
1624,YP_010070294.1,baseplate
1625,YP_010069983.1,baseplate
1626,YP_010069985.1,baseplate
1627,YP_010070020.1,baseplate
1628,YP_010070534.1,baseplate
1629,YP_010070536.1,baseplate
1630,YP_010070570.1,baseplate
1631,YP_010070573.1,baseplate
1632,YP_010072444.1,baseplate
1633,YP_010072446.1,baseplate
1634,YP_010072482.1,baseplate
1635,YP_010069448.1,baseplate
1636,YP_010069450.1,baseplate
1637,YP_010069487.1,baseplate
1638,YP_010071360.1,baseplate
1639,YP_010071362.1,baseplate
1640,YP_010071397.1,baseplate
1641,YP_010070807.1,baseplate
1642,YP_010070809.1,baseplate
1643,YP_010070842.1,baseplate
1644,YP_010070845.1,baseplate
1645,YP_010101752.1,baseplate
1646,YP_009883075.1,baseplate
1647,YP_010068063.1,baseplate
1648,YP_010068065.1,baseplate
1649,YP_010068100.1,baseplate
1650,YP_009850351.1,baseplate
1651,YP_010079646.1,baseplate
1652,YP_010075961.1,baseplate
1653,YP_010075963.1,baseplate
1654,YP_010075998.1,baseplate
1655,YP_010076237.1,baseplate
1656,YP_010076241.1,baseplate
1657,YP_010076243.1,baseplate
1658,YP_010076279.1,baseplate
1659,YP_010076280.1,baseplate
1660,YP_010059774.1,baseplate
1661,YP_009883390.1,baseplate
1662,YP_009883305.1,baseplate
1663,YP_009883876.1,baseplate
1664,YP_009883878.1,baseplate
1665,YP_010075419.1,baseplate
1666,YP_010075421.1,baseplate
1667,YP_010075462.1,baseplate
1668,YP_009884995.1,baseplate
1669,YP_009884945.1,baseplate
1670,YP_009885345.1,baseplate
1671,YP_009885347.1,baseplate
1672,YP_009885449.1,baseplate
1673,YP_009885500.1,baseplate
1674,YP_009885506.1,baseplate
1675,YP_009885559.1,baseplate
1676,YP_009885605.1,baseplate
1677,YP_009885658.1,baseplate
1678,YP_009885778.1,baseplate
1679,YP_009885836.1,baseplate
1680,YP_010079604.1,baseplate
1681,NP_878215.1,baseplate
1682,NP_052265.1,baseplate
1683,YP_009886935.1,baseplate
1684,YP_009886192.1,baseplate
1685,YP_009886686.1,baseplate
1686,YP_009886688.1,baseplate
1687,YP_009886435.1,baseplate
1688,YP_009886438.1,baseplate
1689,YP_009887154.1,baseplate
1690,YP_010077429.1,baseplate
1691,YP_010077655.1,baseplate
1692,YP_010077657.1,baseplate
1693,YP_010068948.1,baseplate
1694,YP_010068949.1,baseplate
1695,YP_010068951.1,baseplate
1696,YP_010068986.1,baseplate
1697,YP_010068988.1,baseplate
1698,YP_009855907.1,baseplate
1699,YP_009855908.1,baseplate
1700,YP_009855909.1,baseplate
1701,YP_009856166.1,baseplate
1702,YP_010080003.1,baseplate
1703,YP_010074102.1,baseplate
1704,YP_010074137.1,baseplate
1705,YP_010074139.1,baseplate
1706,YP_010074358.1,baseplate
1707,YP_010074360.1,baseplate
1708,YP_010074395.1,baseplate
1709,YP_010074575.1,baseplate
1710,YP_010074610.1,baseplate
1711,YP_010074612.1,baseplate
1712,YP_009949322.1,baseplate
1713,YP_009949276.1,baseplate
1714,YP_009965310.1,baseplate
1715,YP_010065798.1,baseplate
1716,YP_010065800.1,baseplate
1717,YP_010065835.1,baseplate
1718,YP_010065524.1,baseplate
1719,YP_010065526.1,baseplate
1720,YP_010065562.1,baseplate
1721,YP_010075694.1,baseplate
1722,YP_010075696.1,baseplate
1723,YP_010075732.1,baseplate
1724,YP_010070961.1,baseplate
1725,YP_010071197.1,baseplate
1726,YP_010071199.1,baseplate
1727,YP_010107750.1,baseplate
1728,YP_010107787.1,baseplate
1729,YP_010107830.1,baseplate
1730,YP_010068643.1,baseplate
1731,YP_010068682.1,baseplate
1732,YP_010068645.1,baseplate
1733,YP_010071903.1,baseplate
1734,YP_010071940.1,baseplate
1735,YP_010071905.1,baseplate
1736,YP_010072718.1,baseplate
1737,YP_010072755.1,baseplate
1738,YP_010072720.1,baseplate
1739,YP_001294874.1,baseplate
1740,NP_932497.1,baseplate
1741,NP_932498.1,baseplate
1742,NP_932533.1,baseplate
1743,NP_932535.1,baseplate
1744,NP_932537.1,baseplate
1745,YP_010355183.1,baseplate
1746,YP_010355240.1,baseplate
1747,YP_010355243.1,baseplate
1748,YP_010355245.1,baseplate
1749,YP_010355615.1,baseplate
1750,YP_010278318.1,baseplate
1751,YP_010278283.1,baseplate
1752,YP_010278281.1,baseplate
1753,YP_009881904.1,baseplate
1754,YP_010099724.1,baseplate
1755,YP_010099760.1,baseplate
1756,YP_010099762.1,baseplate
1757,YP_009874661.1,baseplate
1758,NP_108728.1,baseplate
1759,NP_112711.1,baseplate
1760,NP_663687.1,baseplate
1761,YP_009831406.1,baseplate
1762,YP_009831126.1,baseplate
1763,YP_009831854.1,baseplate
1764,YP_009831861.1,baseplate
1765,YP_009788083.1,baseplate
1766,YP_009790169.1,baseplate
1767,YP_009791034.1,baseplate
1768,YP_009834662.1,baseplate
1769,YP_009834896.1,baseplate
1770,YP_009622280.1,baseplate
1771,YP_009800166.1,baseplate
1772,YP_009838073.1,baseplate
1773,YP_009838235.1,baseplate
1774,YP_009838285.1,baseplate
1775,YP_009838379.1,baseplate
1776,YP_009881711.1,baseplate
1777,YP_009815121.1,baseplate
1778,YP_009844296.1,baseplate
1779,YP_009844299.1,baseplate
1780,YP_009843954.1,baseplate
1781,YP_009843957.1,baseplate
1782,YP_009845146.1,baseplate
1783,YP_009903843.1,baseplate
1784,YP_009884523.1,baseplate
1785,YP_009850761.1,baseplate
1786,YP_009850968.1,baseplate
1787,YP_009884251.1,baseplate
1788,YP_009851111.1,baseplate
1789,YP_009851259.1,baseplate
1790,YP_009851331.1,baseplate
1791,YP_009885961.1,baseplate
1792,YP_009855703.1,baseplate
1793,YP_009855704.1,baseplate
1794,YP_009855707.1,baseplate
1795,YP_009887296.1,baseplate
1796,YP_009984498.1,baseplate
1797,YP_009984707.1,baseplate
1798,YP_009987344.1,baseplate
1799,YP_010057086.1,baseplate
1800,YP_010058693.1,baseplate
1801,YP_010058228.1,baseplate
1802,YP_010058011.1,baseplate
1803,YP_010057775.1,baseplate
1804,YP_010058461.1,baseplate
1805,YP_010077895.1,baseplate
1806,YP_010089028.1,baseplate
1807,YP_010092944.1,baseplate
1808,YP_010095669.1,baseplate
1809,YP_010095962.1,baseplate
1810,YP_010105156.1,baseplate
1811,YP_010107273.1,baseplate
1812,YP_010107370.1,baseplate
1813,YP_010114571.1,baseplate
1814,YP_010114644.1,baseplate
1815,YP_009884133.1,baseplate
1816,YP_009884135.1,baseplate
1817,YP_007678102.1,baseplate
1818,YP_009798375.1,baseplate
1819,NP_050164.1,baseplate
1820,NP_665948.1,baseplate
1821,YP_010078058.1,baseplate
1822,YP_009860183.1,baseplate
1823,NP_536836.1,baseplate
1824,NP_852773.1,baseplate
1825,YP_240093.1,baseplate
1826,YP_240100.1,baseplate
1827,YP_240172.1,baseplate
1828,YP_001468658.1,baseplate
1829,YP_654746.1,baseplate
1830,YP_001469066.1,baseplate
1831,YP_950682.1,baseplate
1832,YP_001686746.1,baseplate
1833,YP_009613844.1,baseplate
1834,YP_008129860.1,baseplate
1835,YP_006383801.1,baseplate
1836,YP_009592225.1,baseplate
1837,YP_009150846.1,baseplate
1838,YP_009779064.1,baseplate
1839,YP_009779280.1,baseplate
1840,YP_009779495.1,baseplate
1841,YP_009783224.1,baseplate
1842,YP_009032169.1,baseplate
1843,YP_009948795.1,baseplate
1844,YP_009055469.1,baseplate
1845,YP_009102176.1,baseplate
1846,YP_009206145.1,baseplate
1847,YP_009214207.1,baseplate
1848,YP_009188088.1,baseplate
1849,YP_009203520.1,baseplate
1850,YP_009191631.1,baseplate
1851,YP_009276452.1,baseplate
1852,YP_009291899.1,baseplate
1853,YP_009302038.1,baseplate
1854,YP_009786273.1,baseplate
1855,YP_009876846.1,baseplate
1856,YP_009812541.1,baseplate
1857,YP_010088738.1,baseplate
1858,YP_009786985.1,baseplate
1859,YP_010089472.1,baseplate
1860,YP_010089477.1,baseplate
1861,YP_010089514.1,baseplate
1862,YP_010089516.1,baseplate
1863,YP_010089517.1,baseplate
1864,YP_009788011.1,baseplate
1865,YP_009600507.1,baseplate
1866,YP_010083037.1,baseplate
1867,YP_009604499.1,baseplate
1868,YP_010090581.1,baseplate
1869,YP_009914745.1,baseplate
1870,YP_009609873.1,baseplate
1871,YP_009791164.1,baseplate
1872,YP_009791266.1,baseplate
1873,YP_009618959.1,baseplate
1874,YP_010092053.1,baseplate
1875,YP_010056838.1,baseplate
1876,YP_009879322.1,baseplate
1877,YP_009879377.1,baseplate
1878,YP_010093615.1,baseplate
1879,YP_009836901.1,baseplate
1880,YP_009797170.1,baseplate
1881,YP_009797212.1,baseplate
1882,YP_009797412.1,baseplate
1883,YP_009797510.1,baseplate
1884,YP_009798065.1,baseplate
1885,YP_010090905.1,baseplate
1886,YP_010094076.1,baseplate
1887,YP_010095106.1,baseplate
1888,YP_010095149.1,baseplate
1889,YP_009889797.1,baseplate
1890,YP_010096252.1,baseplate
1891,YP_009810807.1,baseplate
1892,YP_009810957.1,baseplate
1893,YP_009814245.1,baseplate
1894,YP_009814416.1,baseplate
1895,YP_009816011.1,baseplate
1896,YP_010100476.1,baseplate
1897,YP_009882545.1,baseplate
1898,YP_009873703.1,baseplate
1899,YP_009873857.1,baseplate
1900,YP_009850384.1,baseplate
1901,YP_009850544.1,baseplate
1902,YP_009883910.1,baseplate
1903,YP_010059526.1,baseplate
1904,YP_009885074.1,baseplate
1905,YP_009884903.1,baseplate
1906,YP_009885348.1,baseplate
1907,YP_009885562.1,baseplate
1908,YP_009885661.1,baseplate
1909,YP_009885895.1,baseplate
1910,YP_009886936.1,baseplate
1911,YP_009886193.1,baseplate
1912,YP_009886689.1,baseplate
1913,YP_009886439.1,baseplate
1914,YP_009855906.1,baseplate
1915,YP_010056049.1,baseplate
1916,YP_010038089.1,baseplate
1917,YP_010037910.1,baseplate
1918,YP_010037913.1,baseplate
1919,YP_010037923.1,baseplate
1920,YP_010037974.1,baseplate
1921,YP_010037989.1,baseplate
1922,YP_010037991.1,baseplate
1923,YP_009966144.1,baseplate
1924,YP_950619.1,baseplate
1925,YP_010298328.1,baseplate
1926,YP_009850541.1,baseplate
1927,YP_003969099.1,baseplate
1928,YP_009850902.1,baseplate
1929,YP_010092933.1,baseplate
1930,YP_010107369.1,baseplate
1931,YP_010090588.1,baseplate
1932,YP_009850355.1,baseplate
1933,YP_009786971.1,major_capsid
1934,NP_945035.1,major_capsid
1935,YP_009790753.1,major_capsid
1936,YP_009837345.1,major_capsid
1937,YP_009800960.1,major_capsid
1938,YP_009802608.1,major_capsid
1939,YP_009807591.1,major_capsid
1940,YP_009807738.1,major_capsid
1941,YP_009840465.1,major_capsid
1942,YP_009808584.1,major_capsid
1943,YP_009811904.1,major_capsid
1944,YP_009812015.1,major_capsid
1945,YP_009812068.1,major_capsid
1946,YP_009844055.1,major_capsid
1947,YP_009883987.1,major_capsid
1948,YP_009857438.1,major_capsid
1949,YP_010013507.1,major_capsid
1950,YP_010050948.1,major_capsid
1951,YP_010052783.1,major_capsid
1952,YP_010078915.1,major_capsid
1953,YP_009222707.1,major_capsid
1954,YP_010077711.1,major_capsid
1955,YP_010052715.1,major_capsid
1956,NP_690760.1,major_capsid
1957,YP_009829880.1,major_capsid
1958,NP_050151.1,major_capsid
1959,YP_001468392.1,major_capsid
1960,YP_010115324.1,major_capsid
1961,YP_950590.1,major_capsid
1962,YP_003358800.1,major_capsid
1963,YP_009168841.1,major_capsid
1964,YP_008129844.1,major_capsid
1965,YP_009013560.1,major_capsid
1966,YP_005098414.1,major_capsid
1967,YP_009130728.1,major_capsid
1968,YP_009009361.1,major_capsid
1969,YP_009213766.1,major_capsid
1970,YP_009191436.1,major_capsid
1971,YP_009616734.1,major_capsid
1972,YP_009787996.1,major_capsid
1973,YP_009788210.1,major_capsid
1974,YP_009910237.1,major_capsid
1975,YP_009796728.1,major_capsid
1976,YP_009796840.1,major_capsid
1977,YP_009882674.1,major_capsid
1978,YP_010063101.1,major_capsid
1979,YP_009845070.1,major_capsid
1980,YP_009902920.1,major_capsid
1981,YP_010054574.1,major_capsid
1982,YP_009998302.1,major_capsid
1983,YP_009998227.1,major_capsid
1984,YP_010078834.1,major_capsid
1985,YP_010113594.1,major_capsid
1986,YP_010082067.1,major_capsid
1987,YP_010050629.1,major_capsid
1988,YP_009998375.1,major_capsid
1989,YP_009819662.1,major_capsid
1990,YP_009795781.1,major_capsid
1991,YP_009800627.1,major_capsid
1992,YP_009948738.1,major_capsid
1993,YP_009788545.1,major_capsid
1994,YP_009788738.1,major_capsid
1995,YP_009955313.1,major_capsid
1996,YP_009784707.1,major_capsid
1997,YP_009789898.1,major_capsid
1998,YP_009799363.1,major_capsid
1999,YP_009800674.1,major_capsid
2000,YP_009800580.1,major_capsid
2001,YP_009800535.1,major_capsid
2002,YP_009881685.1,major_capsid
2003,YP_009908768.1,major_capsid
2004,YP_009844361.1,major_capsid
2005,YP_009850717.1,major_capsid
2006,YP_009851066.1,major_capsid
2007,YP_010059041.1,major_capsid
2008,YP_010077858.1,major_capsid
2009,YP_010092599.1,major_capsid
2010,YP_010096990.1,major_capsid
2011,YP_010098008.1,major_capsid
2012,YP_010098286.1,major_capsid
2013,YP_010098377.1,major_capsid
2014,YP_010098824.1,major_capsid
2015,YP_010098917.1,major_capsid
2016,YP_010101156.1,major_capsid
2017,YP_010101246.1,major_capsid
2018,YP_010104701.1,major_capsid
2019,YP_010104610.1,major_capsid
2020,YP_010107338.1,major_capsid
2021,YP_010078248.1,major_capsid
2022,YP_010078671.1,major_capsid
2023,YP_009804607.1,major_capsid
2024,YP_009956035.1,major_capsid
2025,YP_010078609.1,major_capsid
2026,YP_010078355.1,major_capsid
2027,YP_009981816.1,major_capsid
2028,YP_009152667.1,major_capsid
2029,YP_009958548.1,major_capsid
2030,YP_009963399.1,major_capsid
2031,YP_009962776.1,major_capsid
2032,YP_009956674.1,major_capsid
2033,YP_009955018.1,major_capsid
2034,YP_009962150.1,major_capsid
2035,YP_009961201.1,major_capsid
2036,YP_009962563.1,major_capsid
2037,YP_009956565.1,major_capsid
2038,YP_009961834.1,major_capsid
2039,YP_009963190.1,major_capsid
2040,YP_009961003.1,major_capsid
2041,YP_009960692.1,major_capsid
2042,YP_009961624.1,major_capsid
2043,YP_009960584.1,major_capsid
2044,YP_009954588.1,major_capsid
2045,YP_009955924.1,major_capsid
2046,YP_009959577.1,major_capsid
2047,YP_009954794.1,major_capsid
2048,YP_009959472.1,major_capsid
2049,YP_009958767.1,major_capsid
2050,YP_009955516.1,major_capsid
2051,YP_009960793.1,major_capsid
2052,YP_009962046.1,major_capsid
2053,YP_009957827.1,major_capsid
2054,YP_009957724.1,major_capsid
2055,YP_009958863.1,major_capsid
2056,YP_009959370.1,major_capsid
2057,YP_009956457.1,major_capsid
2058,YP_009957622.1,major_capsid
2059,YP_009958243.1,major_capsid
2060,YP_009960285.1,major_capsid
2061,YP_009961729.1,major_capsid
2062,YP_009957409.1,major_capsid
2063,YP_009958960.1,major_capsid
2064,YP_009955118.1,major_capsid
2065,YP_009960479.1,major_capsid
2066,YP_009954485.1,major_capsid
2067,YP_009959673.1,major_capsid
2068,YP_009959166.1,major_capsid
2069,YP_009956995.1,major_capsid
2070,YP_009963291.1,major_capsid
2071,YP_009963503.1,major_capsid
2072,YP_009961304.1,major_capsid
2073,YP_010101020.1,major_capsid
2074,YP_009962879.1,major_capsid
2075,YP_009956885.1,major_capsid
2076,YP_010064656.1,major_capsid
2077,YP_009961411.1,major_capsid
2078,YP_010064789.1,major_capsid
2079,YP_009959271.1,major_capsid
2080,YP_009848396.1,major_capsid
2081,YP_010059744.1,major_capsid
2082,YP_010064604.1,major_capsid
2083,YP_009956145.1,major_capsid
2084,YP_009904934.1,major_capsid
2085,YP_009960382.1,major_capsid
2086,YP_009958452.1,major_capsid
2087,YP_009959777.1,major_capsid
2088,YP_009959879.1,major_capsid
2089,YP_009962985.1,major_capsid
2090,YP_010059491.1,major_capsid
2091,YP_009954693.1,major_capsid
2092,YP_009955414.1,major_capsid
2093,YP_009956348.1,major_capsid
2094,YP_010105194.1,major_capsid
2095,YP_009962666.1,major_capsid
2096,YP_010061441.1,major_capsid
2097,YP_009902137.1,major_capsid
2098,YP_009901827.1,major_capsid
2099,YP_009901305.1,major_capsid
2100,YP_009959072.1,major_capsid
2101,YP_009954902.1,major_capsid
2102,YP_009901478.1,major_capsid
2103,YP_009902221.1,major_capsid
2104,YP_009963096.1,major_capsid
2105,YP_009956244.1,major_capsid
2106,YP_010109367.1,major_capsid
2107,YP_009957518.1,major_capsid
2108,YP_009958141.1,major_capsid
2109,YP_009960072.1,major_capsid
2110,YP_009961937.1,major_capsid
2111,YP_009962245.1,major_capsid
2112,YP_009957100.1,major_capsid
2113,YP_009794073.1,major_capsid
2114,YP_009958048.1,major_capsid
2115,YP_009611880.1,major_capsid
2116,YP_009949869.1,major_capsid
2117,YP_009949770.1,major_capsid
2118,YP_009949959.1,major_capsid
2119,YP_009639968.1,major_capsid
2120,NP_944113.1,major_capsid
2121,YP_224246.1,major_capsid
2122,YP_337995.1,major_capsid
2123,YP_249589.1,major_capsid
2124,YP_001504125.1,major_capsid
2125,YP_009140190.1,major_capsid
2126,YP_001687536.1,major_capsid
2127,YP_002048657.1,major_capsid
2128,YP_007878108.1,major_capsid
2129,YP_002727888.1,major_capsid
2130,YP_002790788.1,major_capsid
2131,YP_003347932.1,major_capsid
2132,YP_007236462.1,major_capsid
2133,YP_004421492.1,major_capsid
2134,YP_005098323.1,major_capsid
2135,YP_004306645.1,major_capsid
2136,YP_007002787.1,major_capsid
2137,YP_008130264.1,major_capsid
2138,YP_004306347.1,major_capsid
2139,YP_004251282.1,major_capsid
2140,YP_009217215.1,major_capsid
2141,YP_008061120.1,major_capsid
2142,YP_009614334.1,major_capsid
2143,YP_009614436.1,major_capsid
2144,YP_007005458.1,major_capsid
2145,YP_007005821.1,major_capsid
2146,YP_009017871.1,major_capsid
2147,YP_004895313.1,major_capsid
2148,YP_009017431.1,major_capsid
2149,YP_009016560.1,major_capsid
2150,YP_009018425.1,major_capsid
2151,YP_005098192.1,major_capsid
2152,YP_006561146.1,major_capsid
2153,YP_006383461.1,major_capsid
2154,YP_006560305.1,major_capsid
2155,YP_007010559.1,major_capsid
2156,YP_009044188.1,major_capsid
2157,YP_008240577.1,major_capsid
2158,YP_008240435.1,major_capsid
2159,YP_009042893.1,major_capsid
2160,YP_009784533.1,major_capsid
2161,YP_008240066.1,major_capsid
2162,YP_006560245.1,major_capsid
2163,YP_007869911.1,major_capsid
2164,YP_008239665.1,major_capsid
2165,YP_007349040.1,major_capsid
2166,YP_007517957.1,major_capsid
2167,YP_009215869.1,major_capsid
2168,YP_009216089.1,major_capsid
2169,YP_009601854.1,major_capsid
2170,YP_008051118.1,major_capsid
2171,YP_008061589.1,major_capsid
2172,YP_008060897.1,major_capsid
2173,YP_008061355.1,major_capsid
2174,YP_008859217.1,major_capsid
2175,YP_008241781.1,major_capsid
2176,YP_008241026.1,major_capsid
2177,YP_008241365.1,major_capsid
2178,YP_008240963.1,major_capsid
2179,YP_009221225.1,major_capsid
2180,YP_008409208.1,major_capsid
2181,YP_009042803.1,major_capsid
2182,YP_009099063.1,major_capsid
2183,YP_009007653.1,major_capsid
2184,YP_008770009.1,major_capsid
2185,YP_008770652.1,major_capsid
2186,YP_008770574.1,major_capsid
2187,YP_008771677.1,major_capsid
2188,YP_008770886.1,major_capsid
2189,YP_008859419.1,major_capsid
2190,YP_009639189.1,major_capsid
2191,YP_009639117.1,major_capsid
2192,YP_009005109.1,major_capsid
2193,YP_009004561.1,major_capsid
2194,YP_009008839.1,major_capsid
2195,YP_009030473.1,major_capsid
2196,YP_009021418.1,major_capsid
2197,YP_009592633.1,major_capsid
2198,YP_009044556.1,major_capsid
2199,YP_009045162.1,major_capsid
2200,YP_009103299.1,major_capsid
2201,YP_009103910.1,major_capsid
2202,YP_009625918.1,major_capsid
2203,YP_009102943.1,major_capsid
2204,YP_009032600.1,major_capsid
2205,YP_009147100.1,major_capsid
2206,YP_009099822.1,major_capsid
2207,YP_009151139.1,major_capsid
2208,YP_009151619.1,major_capsid
2209,YP_009100996.1,major_capsid
2210,YP_009126457.1,major_capsid
2211,YP_009099713.1,major_capsid
2212,YP_009145630.1,major_capsid
2213,YP_009126043.1,major_capsid
2214,YP_009304774.1,major_capsid
2215,YP_009215217.1,major_capsid
2216,YP_009222460.1,major_capsid
2217,YP_009223915.1,major_capsid
2218,YP_009200128.1,major_capsid
2219,YP_009219879.2,major_capsid
2220,YP_009210869.1,major_capsid
2221,YP_009213474.1,major_capsid
2222,YP_009616297.1,major_capsid
2223,YP_009226055.1,major_capsid
2224,YP_009214930.1,major_capsid
2225,YP_009204653.1,major_capsid
2226,YP_009225271.1,major_capsid
2227,YP_009198018.1,major_capsid
2228,YP_009602440.1,major_capsid
2229,YP_009602502.1,major_capsid
2230,YP_009602564.1,major_capsid
2231,YP_009602625.1,major_capsid
2232,YP_009602688.1,major_capsid
2233,YP_009602807.1,major_capsid
2234,YP_009602871.1,major_capsid
2235,YP_009604045.1,major_capsid
2236,YP_009594353.1,major_capsid
2237,YP_009616586.1,major_capsid
2238,YP_009785940.1,major_capsid
2239,YP_009302420.1,major_capsid
2240,YP_009301281.1,major_capsid
2241,YP_009303308.1,major_capsid
2242,YP_009301448.1,major_capsid
2243,YP_009595854.1,major_capsid
2244,YP_009276467.1,major_capsid
2245,YP_009323080.1,major_capsid
2246,YP_009290977.1,major_capsid
2247,YP_009287973.1,major_capsid
2248,YP_009596381.1,major_capsid
2249,YP_009597689.1,major_capsid
2250,YP_009876489.1,major_capsid
2251,YP_009790304.1,major_capsid
2252,YP_009609037.1,major_capsid
2253,YP_009610025.1,major_capsid
2254,YP_009610227.1,major_capsid
2255,YP_009791559.1,major_capsid
2256,YP_009620442.1,major_capsid
2257,YP_009620511.1,major_capsid
2258,YP_009796180.1,major_capsid
2259,YP_009796401.1,major_capsid
2260,YP_009879689.1,major_capsid
2261,YP_009797643.1,major_capsid
2262,YP_009622400.1,major_capsid
2263,YP_009837843.1,major_capsid
2264,YP_009801141.1,major_capsid
2265,YP_009801095.1,major_capsid
2266,YP_009801169.1,major_capsid
2267,YP_008532065.1,major_capsid
2268,YP_009624843.1,major_capsid
2269,YP_009803062.1,major_capsid
2270,YP_009804013.1,major_capsid
2271,YP_009838361.1,major_capsid
2272,YP_009814700.1,major_capsid
2273,YP_009815693.1,major_capsid
2274,YP_009815764.1,major_capsid
2275,YP_009815836.1,major_capsid
2276,YP_009126429.1,major_capsid
2277,YP_009819262.1,major_capsid
2278,YP_009882856.1,major_capsid
2279,YP_009883481.1,major_capsid
2280,YP_009849867.1,major_capsid
2281,YP_009883268.1,major_capsid
2282,YP_009883701.1,major_capsid
2283,YP_009884497.1,major_capsid
2284,YP_009884815.1,major_capsid
2285,YP_009909715.1,major_capsid
2286,YP_009885934.1,major_capsid
2287,YP_009889361.1,major_capsid
2288,YP_009997355.1,major_capsid
2289,YP_009997193.1,major_capsid
2290,YP_009997273.1,major_capsid
2291,YP_009997438.1,major_capsid
2292,YP_009997471.1,major_capsid
2293,YP_009303161.1,major_capsid
2294,YP_010049682.1,major_capsid
2295,YP_010049613.1,major_capsid
2296,YP_010049990.1,major_capsid
2297,YP_010050360.1,major_capsid
2298,YP_010050299.1,major_capsid
2299,YP_010050051.1,major_capsid
2300,YP_010050479.1,major_capsid
2301,YP_010050419.1,major_capsid
2302,YP_010049803.1,major_capsid
2303,YP_010049928.1,major_capsid
2304,YP_010050177.1,major_capsid
2305,YP_010050544.1,major_capsid
2306,YP_010049864.1,major_capsid
2307,YP_010050236.1,major_capsid
2308,YP_010050109.1,major_capsid
2309,YP_010051101.1,major_capsid
2310,YP_010057048.1,major_capsid
2311,YP_010057269.1,major_capsid
2312,YP_010057500.1,major_capsid
2313,YP_010058654.1,major_capsid
2314,YP_010058188.1,major_capsid
2315,YP_010057972.1,major_capsid
2316,YP_010057735.1,major_capsid
2317,YP_010058420.1,major_capsid
2318,YP_010058884.1,major_capsid
2319,YP_010059409.1,major_capsid
2320,YP_010115120.1,major_capsid
2321,YP_010089199.1,major_capsid
2322,YP_010092694.1,major_capsid
2323,YP_010093840.1,major_capsid
2324,YP_010097432.1,major_capsid
2325,YP_010097533.1,major_capsid
2326,YP_010098099.1,major_capsid
2327,YP_010098733.1,major_capsid
2328,YP_010109555.1,major_capsid
2329,NP_899609.1,major_capsid
2330,YP_004327199.1,major_capsid
2331,YP_007002476.1,major_capsid
2332,YP_008857641.1,major_capsid
2333,YP_006908056.1,major_capsid
2334,YP_007006600.1,major_capsid
2335,YP_007236873.1,major_capsid
2336,YP_009006291.1,major_capsid
2337,YP_008857046.1,major_capsid
2338,YP_009008409.1,major_capsid
2339,YP_009004775.1,major_capsid
2340,YP_009793601.1,major_capsid
2341,YP_009125185.1,major_capsid
2342,YP_009623463.1,major_capsid
2343,YP_009201384.1,major_capsid
2344,YP_009208712.1,major_capsid
2345,YP_009199993.1,major_capsid
2346,YP_009186944.1,major_capsid
2347,YP_009273811.1,major_capsid
2348,YP_009291185.1,major_capsid
2349,YP_009949178.1,major_capsid
2350,YP_009598105.1,major_capsid
2351,YP_009604683.1,major_capsid
2352,YP_009795466.1,major_capsid
2353,YP_010079236.1,major_capsid
2354,YP_009624721.1,major_capsid
2355,YP_009624735.1,major_capsid
2356,YP_009615427.1,major_capsid
2357,YP_010079029.1,major_capsid
2358,YP_010079351.1,major_capsid
2359,YP_010079433.1,major_capsid
2360,YP_010079111.1,major_capsid
2361,YP_010079192.1,major_capsid
2362,YP_010062051.1,major_capsid
2363,NP_046760.1,major_capsid
2364,YP_009591432.1,major_capsid
2365,YP_007947932.1,major_capsid
2366,NP_037666.1,major_capsid
2367,YP_950534.1,major_capsid
2368,NP_523335.1,major_capsid
2369,YP_009792960.1,major_capsid
2370,NP_041997.1,major_capsid
2371,NP_958060.1,major_capsid
2372,NP_046832.1,major_capsid
2373,NP_061502.1,major_capsid
2374,NP_116499.1,major_capsid
2375,YP_010133227.1,major_capsid
2376,NP_042319.1,major_capsid
2377,NP_037701.1,major_capsid
2378,YP_008767312.1,major_capsid
2379,YP_008767313.1,major_capsid
2380,YP_001468466.1,major_capsid
2381,YP_001469619.1,major_capsid
2382,NP_046903.1,major_capsid
2383,YP_002308412.1,major_capsid
2384,NP_680487.1,major_capsid
2385,YP_001285361.1,major_capsid
2386,YP_238545.1,major_capsid
2387,NP_599037.1,major_capsid
2388,YP_006907308.1,major_capsid
2389,YP_239726.1,major_capsid
2390,NP_049971.1,major_capsid
2391,NP_049929.1,major_capsid
2392,NP_052108.1,major_capsid
2393,NP_052109.1,major_capsid
2394,NP_038327.1,major_capsid
2395,NP_665929.1,major_capsid
2396,YP_010078041.1,major_capsid
2397,NP_075504.1,major_capsid
2398,NP_076679.1,major_capsid
2399,NP_803339.1,major_capsid
2400,NP_813774.1,major_capsid
2401,NP_817980.1,major_capsid
2402,YP_008318328.1,major_capsid
2403,YP_239938.1,major_capsid
2404,YP_009041315.1,major_capsid
2405,NP_848296.1,major_capsid
2406,NP_944284.1,major_capsid
2407,YP_240903.1,major_capsid
2408,YP_239571.1,major_capsid
2409,YP_239648.1,major_capsid
2410,YP_239859.1,major_capsid
2411,YP_240005.1,major_capsid
2412,YP_406393.1,major_capsid
2413,YP_001468644.1,major_capsid
2414,YP_654732.1,major_capsid
2415,YP_512315.1,major_capsid
2416,YP_338188.1,major_capsid
2417,NP_839926.1,major_capsid
2418,YP_459969.1,major_capsid
2419,YP_764476.1,major_capsid
2420,YP_655596.1,major_capsid
2421,YP_001285582.1,major_capsid
2422,YP_007677161.1,major_capsid
2423,YP_908831.1,major_capsid
2424,YP_699941.1,major_capsid
2425,YP_008767182.1,major_capsid
2426,YP_002268008.1,major_capsid
2427,YP_007151675.1,major_capsid
2428,YP_007151740.1,major_capsid
2429,YP_007151612.1,major_capsid
2430,YP_009167770.1,major_capsid
2431,YP_001469239.1,major_capsid
2432,YP_001429943.1,major_capsid
2433,YP_001686874.1,major_capsid
2434,YP_009617237.1,major_capsid
2435,YP_002117674.1,major_capsid
2436,YP_001686741.1,major_capsid
2437,YP_001949782.1,major_capsid
2438,YP_001949783.1,major_capsid
2439,YP_003097339.1,major_capsid
2440,YP_002332404.1,major_capsid
2441,YP_009031355.1,major_capsid
2442,YP_002925169.1,major_capsid
2443,YP_003169680.1,major_capsid
2444,YP_003347548.1,major_capsid
2445,YP_009169185.1,major_capsid
2446,YP_009168987.1,major_capsid
2447,YP_007673099.1,major_capsid
2448,YP_007674500.1,major_capsid
2449,YP_007002215.1,major_capsid
2450,YP_004301421.1,major_capsid
2451,YP_004306684.1,major_capsid
2452,YP_007237157.1,major_capsid
2453,YP_009829492.1,major_capsid
2454,YP_004893877.1,major_capsid
2455,YP_007673748.1,major_capsid
2456,YP_004934112.1,major_capsid
2457,YP_007003511.1,major_capsid
2458,YP_010079787.1,major_capsid
2459,YP_007238029.1,major_capsid
2460,YP_007003206.1,major_capsid
2461,YP_007003558.1,major_capsid
2462,YP_007238131.1,major_capsid
2463,YP_008873595.1,major_capsid
2464,YP_004508477.1,major_capsid
2465,YP_007237911.1,major_capsid
2466,YP_009590867.1,major_capsid
2467,YP_009607574.1,major_capsid
2468,YP_009636181.1,major_capsid
2469,YP_009591172.1,major_capsid
2470,YP_009636419.1,major_capsid
2471,YP_009636534.1,major_capsid
2472,YP_009636628.1,major_capsid
2473,YP_009607942.1,major_capsid
2474,YP_009635428.1,major_capsid
2475,YP_009635513.1,major_capsid
2476,YP_009635987.1,major_capsid
2477,YP_009613911.1,major_capsid
2478,YP_009208421.1,major_capsid
2479,YP_009591313.1,major_capsid
2480,YP_009608188.1,major_capsid
2481,YP_009608081.1,major_capsid
2482,YP_009637823.1,major_capsid
2483,YP_004678755.1,major_capsid
2484,YP_008854220.1,major_capsid
2485,YP_008854044.1,major_capsid
2486,YP_006561266.1,major_capsid
2487,YP_009018021.1,major_capsid
2488,YP_004782186.1,major_capsid
2489,YP_009017002.1,major_capsid
2490,YP_009014098.1,major_capsid
2491,YP_009011773.1,major_capsid
2492,YP_009017592.1,major_capsid
2493,YP_009017150.1,major_capsid
2494,YP_009013912.1,major_capsid
2495,YP_009793108.1,major_capsid
2496,YP_008430764.1,major_capsid
2497,YP_009017070.1,major_capsid
2498,YP_009013024.1,major_capsid
2499,YP_009014507.1,major_capsid
2500,YP_009638190.1,major_capsid
2501,YP_009018800.1,major_capsid
2502,YP_009638367.1,major_capsid
2503,YP_004934685.1,major_capsid
2504,YP_007004365.1,major_capsid
2505,YP_009149581.1,major_capsid
2506,YP_007518389.1,major_capsid
2507,YP_007006072.1,major_capsid
2508,YP_006987037.1,major_capsid
2509,YP_007236660.1,major_capsid
2510,YP_007111708.1,major_capsid
2511,YP_007112140.1,major_capsid
2512,YP_007111958.1,major_capsid
2513,YP_007112546.1,major_capsid
2514,YP_007112281.1,major_capsid
2515,YP_007111782.1,major_capsid
2516,YP_007111380.1,major_capsid
2517,YP_007111642.1,major_capsid
2518,YP_007111441.1,major_capsid
2519,YP_007112224.1,major_capsid
2520,YP_007112018.1,major_capsid
2521,YP_007112422.1,major_capsid
2522,YP_009607486.1,major_capsid
2523,YP_007392389.1,major_capsid
2524,YP_009008364.1,major_capsid
2525,YP_007005732.1,major_capsid
2526,YP_006382285.1,major_capsid
2527,YP_007676745.1,major_capsid
2528,YP_008239561.1,major_capsid
2529,YP_006382935.1,major_capsid
2530,YP_010062918.1,major_capsid
2531,YP_006488675.1,major_capsid
2532,YP_007677130.1,major_capsid
2533,YP_009275783.1,major_capsid
2534,YP_009148813.1,major_capsid
2535,YP_009608566.1,major_capsid
2536,YP_009638672.1,major_capsid
2537,YP_009638757.1,major_capsid
2538,YP_010079750.1,major_capsid
2539,YP_007010608.1,major_capsid
2540,YP_009591981.1,major_capsid
2541,YP_009638844.1,major_capsid
2542,YP_007111880.1,major_capsid
2543,YP_006906032.1,major_capsid
2544,YP_006906546.1,major_capsid
2545,YP_006907135.1,major_capsid
2546,YP_006906499.1,major_capsid
2547,YP_006907089.1,major_capsid
2548,YP_008431145.1,major_capsid
2549,YP_007677515.1,major_capsid
2550,YP_006990233.1,major_capsid
2551,YP_007112776.1,major_capsid
2552,YP_007677424.1,major_capsid
2553,YP_009598336.1,major_capsid
2554,YP_009098231.1,major_capsid
2555,YP_008126104.1,major_capsid
2556,YP_008058803.1,major_capsid
2557,YP_009301634.1,major_capsid
2558,YP_009783267.1,major_capsid
2559,YP_010083315.1,major_capsid
2560,YP_007869817.1,major_capsid
2561,YP_009002799.1,major_capsid
2562,YP_008051637.1,major_capsid
2563,YP_008051867.1,major_capsid
2564,YP_008051948.1,major_capsid
2565,YP_008051783.1,major_capsid
2566,YP_008051491.1,major_capsid
2567,YP_008060173.1,major_capsid
2568,YP_008058287.1,major_capsid
2569,YP_008320341.1,major_capsid
2570,YP_008239721.1,major_capsid
2571,YP_008410171.1,major_capsid
2572,YP_008410403.1,major_capsid
2573,YP_009600936.1,major_capsid
2574,YP_008410030.1,major_capsid
2575,YP_008766839.1,major_capsid
2576,YP_008241890.1,major_capsid
2577,YP_008409406.1,major_capsid
2578,YP_009009154.1,major_capsid
2579,YP_008766922.1,major_capsid
2580,YP_008409311.1,major_capsid
2581,YP_008859449.1,major_capsid
2582,YP_008858292.1,major_capsid
2583,YP_008857499.1,major_capsid
2584,YP_009056192.1,major_capsid
2585,YP_008857285.1,major_capsid
2586,YP_008858443.1,major_capsid
2587,YP_008856789.1,major_capsid
2588,YP_008859126.1,major_capsid
2589,YP_009055570.1,major_capsid
2590,YP_008767370.1,major_capsid
2591,YP_008771435.1,major_capsid
2592,YP_008767249.1,major_capsid
2593,YP_008767250.1,major_capsid
2594,YP_009056526.1,major_capsid
2595,YP_009055350.1,major_capsid
2596,YP_009056064.1,major_capsid
2597,YP_009005760.1,major_capsid
2598,YP_009007453.1,major_capsid
2599,YP_009005573.1,major_capsid
2600,YP_008858740.1,major_capsid
2601,YP_009004366.1,major_capsid
2602,YP_009007674.1,major_capsid
2603,YP_009148482.1,major_capsid
2604,YP_009005854.1,major_capsid
2605,YP_009007207.1,major_capsid
2606,YP_009006607.1,major_capsid
2607,YP_009007473.1,major_capsid
2608,YP_009006743.1,major_capsid
2609,YP_009004196.1,major_capsid
2610,YP_009009853.1,major_capsid
2611,YP_009009062.1,major_capsid
2612,YP_009009755.1,major_capsid
2613,YP_009009994.1,major_capsid
2614,YP_009031985.1,major_capsid
2615,YP_009044806.1,major_capsid
2616,YP_009616212.1,major_capsid
2617,YP_009055679.1,major_capsid
2618,YP_009793435.1,major_capsid
2619,YP_009043094.1,major_capsid
2620,YP_009043466.1,major_capsid
2621,YP_009031875.1,major_capsid
2622,YP_009103075.1,major_capsid
2623,YP_009963925.1,major_capsid
2624,YP_009036981.1,major_capsid
2625,YP_009035603.1,major_capsid
2626,YP_009035274.1,major_capsid
2627,YP_009218426.1,major_capsid
2628,YP_009149232.1,major_capsid
2629,YP_009103466.1,major_capsid
2630,YP_009043262.1,major_capsid
2631,YP_009153210.1,major_capsid
2632,YP_009153564.1,major_capsid
2633,YP_009153880.1,major_capsid
2634,YP_009152712.1,major_capsid
2635,YP_009196790.1,major_capsid
2636,YP_009113120.1,major_capsid
2637,YP_009098017.1,major_capsid
2638,YP_009099548.1,major_capsid
2639,YP_009123966.1,major_capsid
2640,YP_009111277.1,major_capsid
2641,YP_009124932.1,major_capsid
2642,YP_009124197.1,major_capsid
2643,YP_009102826.1,major_capsid
2644,YP_009209555.1,major_capsid
2645,YP_009100023.1,major_capsid
2646,YP_009224141.1,major_capsid
2647,YP_009302942.1,major_capsid
2648,YP_009197131.1,major_capsid
2649,YP_009221025.1,major_capsid
2650,YP_009205391.1,major_capsid
2651,YP_009152981.1,major_capsid
2652,YP_009277313.1,major_capsid
2653,YP_009217929.1,major_capsid
2654,YP_009277246.1,major_capsid
2655,YP_009222297.1,major_capsid
2656,YP_009113069.1,major_capsid
2657,YP_009195914.1,major_capsid
2658,YP_009214466.1,major_capsid
2659,YP_009222827.1,major_capsid
2660,YP_009188486.1,major_capsid
2661,YP_009195195.1,major_capsid
2662,YP_009197950.1,major_capsid
2663,YP_009202213.1,major_capsid
2664,YP_009224871.1,major_capsid
2665,YP_009598528.1,major_capsid
2666,YP_009203450.1,major_capsid
2667,YP_009218324.2,major_capsid
2668,YP_006908833.1,major_capsid
2669,YP_009205682.1,major_capsid
2670,YP_009782117.1,major_capsid
2671,YP_009782362.1,major_capsid
2672,YP_009593392.1,major_capsid
2673,YP_009203207.1,major_capsid
2674,YP_009193818.1,major_capsid
2675,YP_009196104.1,major_capsid
2676,YP_009593414.1,major_capsid
2677,YP_009201915.1,major_capsid
2678,YP_009287415.1,major_capsid
2679,YP_009225300.1,major_capsid
2680,YP_009217859.1,major_capsid
2681,YP_009785148.1,major_capsid
2682,YP_009207647.1,major_capsid
2683,YP_009211913.1,major_capsid
2684,YP_009603630.1,major_capsid
2685,YP_009159969.1,major_capsid
2686,YP_009785376.1,major_capsid
2687,YP_009782905.1,major_capsid
2688,YP_009782605.1,major_capsid
2689,YP_009211170.1,major_capsid
2690,YP_009204261.1,major_capsid
2691,YP_009203998.1,major_capsid
2692,YP_009224280.1,major_capsid
2693,YP_009197681.1,major_capsid
2694,YP_009616435.1,major_capsid
2695,YP_009592376.1,major_capsid
2696,YP_009616510.1,major_capsid
2697,YP_009206893.1,major_capsid
2698,YP_009202523.1,major_capsid
2699,YP_009214683.1,major_capsid
2700,YP_009214366.1,major_capsid
2701,YP_009208747.1,major_capsid
2702,YP_009324860.1,major_capsid
2703,YP_009276877.1,major_capsid
2704,YP_009210700.1,major_capsid
2705,YP_009224749.1,major_capsid
2706,YP_009210528.1,major_capsid
2707,YP_009193643.1,major_capsid
2708,YP_009187684.1,major_capsid
2709,YP_009948678.1,major_capsid
2710,YP_009615839.1,major_capsid
2711,YP_009187302.1,major_capsid
2712,YP_009830108.1,major_capsid
2713,YP_009830176.1,major_capsid
2714,YP_009187162.1,major_capsid
2715,YP_009191351.1,major_capsid
2716,YP_009268874.1,major_capsid
2717,YP_009276438.1,major_capsid
2718,YP_009190874.1,major_capsid
2719,YP_009187981.1,major_capsid
2720,YP_009830081.1,major_capsid
2721,YP_009304673.1,major_capsid
2722,YP_009285515.1,major_capsid
2723,YP_009301839.1,major_capsid
2724,YP_009275283.1,major_capsid
2725,YP_009286663.1,major_capsid
2726,YP_009289331.1,major_capsid
2727,YP_009324287.1,major_capsid
2728,YP_009303472.1,major_capsid
2729,YP_009304577.1,major_capsid
2730,YP_009304914.1,major_capsid
2731,YP_009302320.1,major_capsid
2732,YP_009595697.1,major_capsid
2733,YP_009616859.1,major_capsid
2734,YP_009304198.1,major_capsid
2735,YP_009300790.1,major_capsid
2736,YP_009303389.1,major_capsid
2737,YP_009304337.1,major_capsid
2738,YP_009303952.1,major_capsid
2739,YP_009290168.1,major_capsid
2740,YP_009281374.1,major_capsid
2741,YP_009276631.1,major_capsid
2742,YP_009275573.1,major_capsid
2743,YP_009276534.1,major_capsid
2744,YP_009830240.1,major_capsid
2745,YP_009291565.1,major_capsid
2746,YP_009286206.1,major_capsid
2747,YP_009287204.1,major_capsid
2748,YP_009278600.1,major_capsid
2749,YP_009287663.1,major_capsid
2750,YP_009277861.1,major_capsid
2751,YP_009283760.1,major_capsid
2752,YP_009279167.1,major_capsid
2753,YP_009830738.1,major_capsid
2754,YP_009285253.1,major_capsid
2755,YP_009786248.1,major_capsid
2756,YP_010056639.1,major_capsid
2757,YP_009322548.1,major_capsid
2758,YP_009291961.1,major_capsid
2759,YP_009596219.1,major_capsid
2760,YP_009786902.1,major_capsid
2761,YP_010063183.1,major_capsid
2762,YP_010062403.1,major_capsid
2763,YP_009787431.1,major_capsid
2764,YP_009787489.1,major_capsid
2765,YP_009787541.1,major_capsid
2766,YP_009832554.1,major_capsid
2767,YP_010061623.1,major_capsid
2768,YP_009831706.1,major_capsid
2769,YP_009787723.1,major_capsid
2770,YP_010062580.1,major_capsid
2771,YP_010083372.1,major_capsid
2772,YP_009788398.1,major_capsid
2773,YP_010062830.1,major_capsid
2774,YP_009842075.1,major_capsid
2775,YP_009966365.1,major_capsid
2776,YP_009789838.1,major_capsid
2777,YP_009832813.1,major_capsid
2778,YP_009600725.1,major_capsid
2779,YP_010063921.1,major_capsid
2780,YP_009790834.1,major_capsid
2781,YP_009908543.1,major_capsid
2782,YP_009791290.1,major_capsid
2783,YP_009791685.1,major_capsid
2784,YP_009791731.1,major_capsid
2785,YP_009791775.1,major_capsid
2786,YP_010064012.1,major_capsid
2787,YP_010080496.1,major_capsid
2788,YP_010080567.1,major_capsid
2789,YP_010080605.1,major_capsid
2790,YP_010080642.1,major_capsid
2791,YP_010080716.1,major_capsid
2792,YP_010080753.1,major_capsid
2793,YP_010080790.1,major_capsid
2794,YP_010056802.1,major_capsid
2795,YP_010083603.1,major_capsid
2796,YP_010055299.1,major_capsid
2797,YP_010055622.1,major_capsid
2798,YP_010055220.1,major_capsid
2799,YP_010055378.1,major_capsid
2800,YP_009835596.1,major_capsid
2801,YP_010063355.1,major_capsid
2802,YP_010062488.1,major_capsid
2803,YP_010063269.1,major_capsid
2804,YP_009963705.1,major_capsid
2805,YP_009795485.1,major_capsid
2806,YP_010052078.1,major_capsid
2807,YP_010061341.1,major_capsid
2808,YP_010051870.1,major_capsid
2809,YP_009835848.1,major_capsid
2810,YP_010079526.1,major_capsid
2811,YP_010055140.1,major_capsid
2812,YP_010083879.1,major_capsid
2813,YP_009835655.1,major_capsid
2814,YP_010083746.1,major_capsid
2815,YP_010083681.1,major_capsid
2816,YP_010083814.1,major_capsid
2817,YP_010083116.1,major_capsid
2818,YP_009797008.1,major_capsid
2819,YP_009836549.1,major_capsid
2820,YP_009836624.1,major_capsid
2821,YP_009836335.1,major_capsid
2822,YP_009836414.1,major_capsid
2823,YP_009836484.1,major_capsid
2824,YP_009964037.1,major_capsid
2825,YP_009799415.1,major_capsid
2826,YP_009837515.1,major_capsid
2827,YP_009624533.1,major_capsid
2828,YP_010055876.1,major_capsid
2829,YP_009799931.1,major_capsid
2830,YP_009799510.1,major_capsid
2831,YP_010063729.1,major_capsid
2832,YP_009889568.1,major_capsid
2833,YP_010056563.1,major_capsid
2834,YP_010095400.1,major_capsid
2835,YP_010061243.1,major_capsid
2836,YP_009838841.1,major_capsid
2837,YP_009838908.1,major_capsid
2838,YP_010082174.1,major_capsid
2839,YP_009838705.1,major_capsid
2840,YP_009838776.1,major_capsid
2841,YP_009838636.1,major_capsid
2842,YP_010061804.1,major_capsid
2843,YP_010096883.1,major_capsid
2844,YP_009618344.1,major_capsid
2845,YP_009810933.1,major_capsid
2846,YP_009838453.1,major_capsid
2847,YP_010083477.1,major_capsid
2848,YP_009838609.1,major_capsid
2849,YP_009880951.1,major_capsid
2850,YP_010082445.1,major_capsid
2851,YP_009909772.1,major_capsid
2852,YP_010052279.1,major_capsid
2853,YP_010051942.1,major_capsid
2854,YP_010055063.1,major_capsid
2855,YP_010062745.1,major_capsid
2856,YP_009812348.1,major_capsid
2857,YP_009808245.1,major_capsid
2858,YP_010080827.1,major_capsid
2859,YP_010080977.1,major_capsid
2860,YP_010081054.1,major_capsid
2861,YP_010080866.1,major_capsid
2862,YP_010080904.1,major_capsid
2863,YP_010080941.1,major_capsid
2864,YP_010081016.1,major_capsid
2865,YP_009814120.1,major_capsid
2866,YP_009814819.1,major_capsid
2867,YP_009842409.1,major_capsid
2868,YP_010063633.1,major_capsid
2869,YP_009818426.1,major_capsid
2870,YP_009800874.1,major_capsid
2871,YP_009818566.1,major_capsid
2872,YP_009818623.1,major_capsid
2873,YP_010064201.1,major_capsid
2874,YP_010064108.1,major_capsid
2875,YP_010080531.1,major_capsid
2876,YP_010061152.1,major_capsid
2877,YP_009819052.1,major_capsid
2878,YP_010083180.1,major_capsid
2879,YP_009882713.1,major_capsid
2880,YP_009882615.1,major_capsid
2881,YP_009882567.1,major_capsid
2882,YP_009882460.1,major_capsid
2883,YP_009882495.1,major_capsid
2884,YP_010054985.1,major_capsid
2885,YP_010101656.1,major_capsid
2886,YP_010063094.1,major_capsid
2887,YP_010061716.1,major_capsid
2888,YP_009820537.1,major_capsid
2889,YP_010052009.1,major_capsid
2890,YP_010061542.1,major_capsid
2891,YP_009821005.1,major_capsid
2892,YP_009821716.1,major_capsid
2893,YP_009821370.1,major_capsid
2894,YP_009821845.1,major_capsid
2895,YP_010063006.1,major_capsid
2896,YP_009845532.1,major_capsid
2897,YP_009845637.1,major_capsid
2898,YP_009845813.1,major_capsid
2899,YP_010083512.1,major_capsid
2900,YP_010079691.1,major_capsid
2901,YP_010052143.1,major_capsid
2902,YP_010103707.1,major_capsid
2903,YP_010063453.1,major_capsid
2904,YP_009883376.1,major_capsid
2905,YP_009883293.1,major_capsid
2906,YP_010056417.1,major_capsid
2907,YP_009884373.1,major_capsid
2908,YP_010104146.1,major_capsid
2909,YP_009851617.1,major_capsid
2910,YP_010081469.1,major_capsid
2911,YP_010104325.1,major_capsid
2912,YP_010061055.1,major_capsid
2913,YP_010063549.1,major_capsid
2914,YP_010081287.1,major_capsid
2915,YP_010081326.1,major_capsid
2916,YP_010081360.1,major_capsid
2917,YP_010081132.1,major_capsid
2918,YP_010081435.1,major_capsid
2919,YP_010081167.1,major_capsid
2920,YP_010081208.1,major_capsid
2921,YP_010081251.1,major_capsid
2922,YP_010081505.1,major_capsid
2923,YP_010081543.1,major_capsid
2924,YP_009854353.1,major_capsid
2925,YP_010079586.1,major_capsid
2926,NP_878202.1,major_capsid
2927,YP_002332517.1,major_capsid
2928,NP_052253.1,major_capsid
2929,YP_010064293.1,major_capsid
2930,YP_010062655.1,major_capsid
2931,YP_009886952.1,major_capsid
2932,YP_009886705.1,major_capsid
2933,YP_009886455.1,major_capsid
2934,YP_009857733.1,major_capsid
2935,YP_009857660.1,major_capsid
2936,YP_009949333.1,major_capsid
2937,YP_009949215.1,major_capsid
2938,YP_009949265.1,major_capsid
2939,YP_009965299.1,major_capsid
2940,YP_010083285.1,major_capsid
2941,YP_010107737.1,major_capsid
2942,YP_010107773.1,major_capsid
2943,YP_010107817.1,major_capsid
2944,YP_009909905.1,major_capsid
2945,YP_009909645.1,major_capsid
2946,YP_009910045.1,major_capsid
2947,YP_010063823.1,major_capsid
2948,YP_010052349.1,major_capsid
2949,YP_010051807.1,major_capsid
2950,YP_010052213.1,major_capsid
2951,YP_009963822.1,major_capsid
2952,YP_010061970.1,major_capsid
2953,YP_010038095.1,major_capsid
2954,YP_010110063.1,major_capsid
2955,YP_010109932.1,major_capsid
2956,YP_010037905.1,major_capsid
2957,YP_010114095.1,major_capsid
2958,YP_010056490.1,major_capsid
2959,YP_004421846.1,major_capsid
2960,YP_009603874.1,major_capsid
2961,YP_007517560.1,major_capsid
2962,YP_006990615.1,major_capsid
2963,YP_009883036.1,major_capsid
2964,YP_009148714.1,major_capsid
2965,YP_002922722.1,major_capsid
2966,YP_007236797.1,major_capsid
2967,YP_007236692.1,major_capsid
2968,YP_006201096.1,major_capsid
2969,YP_009966171.1,major_capsid
2970,YP_010082264.1,major_capsid
2971,YP_010082351.1,major_capsid
2972,YP_009836262.1,major_capsid
2973,YP_009101272.1,major_capsid
2974,YP_004123828.1,major_capsid
2975,YP_009100118.1,major_capsid
2976,YP_009014882.1,major_capsid
2977,YP_009018243.1,major_capsid
2978,YP_001994835.1,major_capsid
2979,YP_003347415.1,major_capsid
2980,YP_003358718.1,major_capsid
2981,YP_009013208.1,major_capsid
2982,YP_009013471.1,major_capsid
2983,YP_009016896.1,major_capsid
2984,YP_009018882.1,major_capsid
2985,YP_010347719.1,major_capsid
2986,YP_006990124.1,major_capsid
2987,YP_008050867.1,major_capsid
2988,YP_008051413.1,major_capsid
2989,YP_008060244.1,major_capsid
2990,YP_008051132.1,major_capsid
2991,YP_008410679.1,major_capsid
2992,YP_008410575.1,major_capsid
2993,YP_009004465.1,major_capsid
2994,YP_009007296.1,major_capsid
2995,YP_009124748.1,major_capsid
2996,YP_009198230.1,major_capsid
2997,YP_009125287.1,major_capsid
2998,YP_009200633.1,major_capsid
2999,YP_009203287.1,major_capsid
3000,YP_009202287.1,major_capsid
3001,YP_009124660.1,major_capsid
3002,YP_009203075.1,major_capsid
3003,YP_009288328.1,major_capsid
3004,YP_009292041.1,major_capsid
3005,YP_009277880.1,major_capsid
3006,YP_009160239.1,major_capsid
3007,YP_009160060.1,major_capsid
3008,YP_009160194.1,major_capsid
3009,YP_009159833.1,major_capsid
3010,YP_009160284.1,major_capsid
3011,YP_009160104.1,major_capsid
3012,YP_009160013.1,major_capsid
3013,YP_009160149.1,major_capsid
3014,YP_009159923.2,major_capsid
3015,YP_009159879.1,major_capsid
3016,YP_009215389.1,major_capsid
3017,YP_009200951.1,major_capsid
3018,YP_009207107.1,major_capsid
3019,YP_009212648.1,major_capsid
3020,YP_009189728.1,major_capsid
3021,YP_009303566.1,major_capsid
3022,YP_009303845.1,major_capsid
3023,YP_009301087.1,major_capsid
3024,YP_009276148.1,major_capsid
3025,YP_009273070.1,major_capsid
3026,YP_009268939.1,major_capsid
3027,YP_009269149.1,major_capsid
3028,YP_009269316.1,major_capsid
3029,YP_009275365.1,major_capsid
3030,YP_009273943.1,major_capsid
3031,YP_009287796.1,major_capsid
3032,YP_009281191.1,major_capsid
3033,YP_009281107.1,major_capsid
3034,YP_009285959.1,major_capsid
3035,YP_009281629.1,major_capsid
3036,YP_009013102.1,major_capsid
3037,YP_009269038.1,major_capsid
3038,NP_438146.1,major_capsid
3039,YP_008052185.1,major_capsid
3040,YP_009830507.1,major_capsid
3041,YP_009830592.1,major_capsid
3042,YP_010106712.1,major_capsid
3043,YP_010106793.1,major_capsid
3044,YP_010062311.1,major_capsid
3045,YP_009808348.1,major_capsid
3046,YP_009854220.1,major_capsid
3047,YP_010106632.1,major_capsid
3048,YP_010106871.1,major_capsid
3049,YP_009817648.1,major_capsid
3050,YP_009817730.1,major_capsid
3051,YP_009817560.1,major_capsid
3052,YP_009831872.1,major_capsid
3053,YP_009833182.1,major_capsid
3054,YP_009801995.1,major_capsid
3055,YP_009801566.1,major_capsid
3056,YP_009801766.1,major_capsid
3057,YP_009842135.1,major_capsid
3058,YP_009815915.1,major_capsid
3059,YP_009842158.1,major_capsid
3060,YP_009842186.1,major_capsid
3061,YP_009822976.1,major_capsid
3062,YP_009823120.1,major_capsid
3063,YP_009823258.1,major_capsid
3064,YP_009822698.1,major_capsid
3065,YP_009822839.1,major_capsid
3066,YP_009903799.1,major_capsid
3067,YP_009854635.1,major_capsid
3068,YP_009854781.1,major_capsid
3069,YP_009855051.1,major_capsid
3070,YP_009855119.1,major_capsid
3071,YP_009855405.1,major_capsid
3072,YP_009855534.1,major_capsid
3073,YP_009855690.1,major_capsid
3074,YP_009777898.1,major_capsid
3075,YP_009777637.1,major_capsid
3076,YP_010105524.1,major_capsid
3077,YP_010106966.1,major_capsid
3078,YP_010113720.1,major_capsid
3079,YP_010110149.1,major_capsid
3080,YP_010110350.1,major_capsid
3081,YP_010110594.1,major_capsid
3082,YP_010110939.1,major_capsid
3083,YP_010111127.1,major_capsid
3084,YP_010111212.1,major_capsid
3085,YP_010111573.1,major_capsid
3086,YP_010111964.1,major_capsid
3087,YP_010112795.1,major_capsid
3088,YP_010113371.1,major_capsid
3089,YP_010113373.1,major_capsid
3090,YP_009786014.1,major_capsid
3091,YP_009817445.1,major_capsid
3092,YP_009817507.1,major_capsid
3093,NP_049514.1,major_capsid
3094,NP_996706.1,major_capsid
3095,NP_945286.1,major_capsid
3096,NP_112699.1,major_capsid
3097,NP_050552.1,major_capsid
3098,NP_862879.1,major_capsid
3099,NP_071822.1,major_capsid
3100,NP_859253.1,major_capsid
3101,YP_001449293.1,major_capsid
3102,YP_009909243.1,major_capsid
3103,YP_794063.1,major_capsid
3104,YP_001039923.1,major_capsid
3105,YP_001648947.1,major_capsid
3106,YP_002274266.1,major_capsid
3107,YP_002274188.1,major_capsid
3108,YP_002455793.1,major_capsid
3109,YP_002925102.1,major_capsid
3110,YP_004301282.1,major_capsid
3111,YP_009168155.1,major_capsid
3112,YP_008130153.1,major_capsid
3113,YP_009187376.1,major_capsid
3114,YP_007001471.1,major_capsid
3115,YP_009909166.1,major_capsid
3116,YP_006906877.1,major_capsid
3117,YP_009783981.1,major_capsid
3118,YP_009783982.1,major_capsid
3119,YP_009908407.1,major_capsid
3120,YP_009908314.1,major_capsid
3121,YP_009909088.1,major_capsid
3122,YP_009909397.1,major_capsid
3123,YP_009909320.1,major_capsid
3124,YP_006990340.1,major_capsid
3125,YP_008240327.1,major_capsid
3126,YP_009226882.1,major_capsid
3127,YP_009043189.1,major_capsid
3128,YP_009044677.1,major_capsid
3129,YP_009100273.1,major_capsid
3130,YP_009099571.1,major_capsid
3131,YP_009324401.1,major_capsid
3132,YP_009180946.1,major_capsid
3133,YP_009601944.1,major_capsid
3134,YP_009190563.1,major_capsid
3135,YP_009322344.1,major_capsid
3136,YP_009321786.1,major_capsid
3137,YP_009320690.1,major_capsid
3138,YP_009323486.1,major_capsid
3139,YP_009322678.1,major_capsid
3140,YP_009321512.1,major_capsid
3141,YP_009785759.1,major_capsid
3142,YP_009908490.1,major_capsid
3143,YP_009908244.1,major_capsid
3144,YP_009287681.1,major_capsid
3145,YP_009290912.1,major_capsid
3146,YP_009908089.1,major_capsid
3147,YP_009908164.1,major_capsid
3148,YP_009900705.1,major_capsid
3149,YP_009900753.1,major_capsid
3150,YP_009283230.1,major_capsid
3151,YP_009279712.1,major_capsid
3152,YP_010080305.1,major_capsid
3153,YP_009907925.1,major_capsid
3154,YP_010092030.1,major_capsid
3155,YP_009795195.1,major_capsid
3156,YP_009816533.1,major_capsid
3157,YP_009796788.1,major_capsid
3158,YP_009797399.1,major_capsid
3159,YP_009797495.1,major_capsid
3160,YP_009837551.1,major_capsid
3161,YP_009908004.1,major_capsid
3162,YP_009800749.1,major_capsid
3163,YP_009801652.1,major_capsid
3164,YP_009806855.1,major_capsid
3165,YP_009812778.1,major_capsid
3166,YP_010098652.1,major_capsid
3167,YP_010077299.1,major_capsid
3168,YP_009815350.1,major_capsid
3169,YP_009815625.1,major_capsid
3170,YP_009819469.1,major_capsid
3171,YP_009873985.1,major_capsid
3172,YP_009883089.1,major_capsid
3173,YP_009907794.1,major_capsid
3174,YP_009848220.1,major_capsid
3175,YP_010000108.1,major_capsid
3176,YP_009900807.1,major_capsid
3177,YP_009854711.1,major_capsid
3178,YP_009854911.1,major_capsid
3179,YP_009854984.1,major_capsid
3180,YP_009855193.1,major_capsid
3181,YP_009855266.1,major_capsid
3182,YP_009855338.1,major_capsid
3183,YP_010073988.1,major_capsid
3184,YP_010074238.1,major_capsid
3185,YP_010074462.1,major_capsid
3186,YP_009856192.1,major_capsid
3187,YP_009997540.1,major_capsid
3188,YP_009100822.1,major_capsid
3189,YP_010228925.1,major_capsid
3190,YP_010297742.1,major_capsid
3191,YP_010278434.1,major_capsid
3192,YP_010356618.1,major_capsid
3193,YP_010356705.1,major_capsid
3194,YP_010357122.1,major_capsid
3195,YP_010357320.1,major_capsid
3196,YP_010357575.1,major_capsid
3197,NP_695059.1,major_capsid
3198,YP_010050806.1,major_tail
3199,YP_009950454.1,major_tail
3200,YP_009951784.1,major_tail
3201,YP_009951389.1,major_tail
3202,YP_009953901.1,major_tail
3203,YP_009951196.1,major_tail
3204,YP_009951881.1,major_tail
3205,YP_009951975.1,major_tail
3206,YP_009950822.1,major_tail
3207,YP_009950728.1,major_tail
3208,YP_009949370.1,major_tail
3209,YP_009950914.1,major_tail
3210,YP_009949683.1,major_tail
3211,YP_009949876.1,major_tail
3212,YP_009950326.1,major_tail
3213,YP_009950550.1,major_tail
3214,YP_009952068.1,major_tail
3215,YP_009954096.1,major_tail
3216,YP_009949582.1,major_tail
3217,YP_009953512.1,major_tail
3218,YP_009951296.1,major_tail
3219,YP_009949777.1,major_tail
3220,YP_009949965.1,major_tail
3221,YP_009950360.1,major_tail
3222,YP_009951585.1,major_tail
3223,YP_009952160.1,major_tail
3224,YP_024713.1,major_tail
3225,YP_009836193.1,major_tail
3226,YP_009622337.1,major_tail
3227,YP_009624837.1,major_tail
3228,YP_009625592.1,major_tail
3229,YP_009806790.1,major_tail
3230,YP_009808580.1,major_tail
3231,YP_009814696.1,major_tail
3232,YP_009815145.1,major_tail
3233,YP_009842730.1,major_tail
3234,YP_009818315.1,major_tail
3235,YP_009843520.1,major_tail
3236,YP_009843944.1,major_tail
3237,YP_010013512.1,major_tail
3238,YP_010050887.1,major_tail
3239,YP_010051108.1,major_tail
3240,YP_010051036.1,major_tail
3241,YP_010092605.1,major_tail
3242,YP_010092700.1,major_tail
3243,YP_010093846.1,major_tail
3244,YP_010096996.1,major_tail
3245,YP_010097438.1,major_tail
3246,YP_010098014.1,major_tail
3247,YP_010098105.1,major_tail
3248,YP_010098292.1,major_tail
3249,YP_010098383.1,major_tail
3250,YP_010098830.1,major_tail
3251,YP_010098923.1,major_tail
3252,YP_010098739.1,major_tail
3253,YP_010101162.1,major_tail
3254,YP_010101252.1,major_tail
3255,YP_010103225.1,major_tail
3256,YP_010104707.1,major_tail
3257,YP_010104616.1,major_tail
3258,YP_009624715.1,major_tail
3259,YP_009624741.1,major_tail
3260,YP_009950166.1,major_tail
3261,YP_009951005.1,major_tail
3262,YP_010062058.1,major_tail
3263,NP_046839.2,major_tail
3264,YP_240163.1,major_tail
3265,YP_009067106.1,major_tail
3266,YP_009875437.1,major_tail
3267,YP_009875702.1,major_tail
3268,YP_009875812.1,major_tail
3269,YP_010080310.1,major_tail
3270,YP_010063190.1,major_tail
3271,YP_010062410.1,major_tail
3272,YP_010061630.1,major_tail
3273,YP_009787732.1,major_tail
3274,YP_009842081.1,major_tail
3275,YP_010063928.1,major_tail
3276,YP_010059982.1,major_tail
3277,YP_009790855.1,major_tail
3278,YP_010064019.1,major_tail
3279,YP_010062318.1,major_tail
3280,YP_010080498.1,major_tail
3281,YP_010080569.1,major_tail
3282,YP_010080607.1,major_tail
3283,YP_010080644.1,major_tail
3284,YP_010080718.1,major_tail
3285,YP_010080755.1,major_tail
3286,YP_010080792.1,major_tail
3287,YP_009818103.1,major_tail
3288,YP_009878155.1,major_tail
3289,YP_009878531.1,major_tail
3290,YP_010055304.1,major_tail
3291,YP_010055627.1,major_tail
3292,YP_010055225.1,major_tail
3293,YP_010055383.1,major_tail
3294,YP_010063362.1,major_tail
3295,YP_010063276.1,major_tail
3296,YP_009963712.1,major_tail
3297,YP_010061348.1,major_tail
3298,YP_010056347.1,major_tail
3299,YP_010055145.1,major_tail
3300,YP_010080164.1,major_tail
3301,YP_009836555.1,major_tail
3302,YP_009836630.1,major_tail
3303,YP_009836341.1,major_tail
3304,YP_009836420.1,major_tail
3305,YP_009836490.1,major_tail
3306,YP_009622815.1,major_tail
3307,YP_009624540.1,major_tail
3308,YP_010055881.1,major_tail
3309,YP_010063736.1,major_tail
3310,YP_009800829.1,major_tail
3311,YP_010061250.1,major_tail
3312,YP_010054658.1,major_tail
3313,YP_009838847.1,major_tail
3314,YP_009838914.1,major_tail
3315,YP_009838711.1,major_tail
3316,YP_009838782.1,major_tail
3317,YP_010080232.1,major_tail
3318,YP_009838642.1,major_tail
3319,YP_009806861.1,major_tail
3320,YP_009806962.1,major_tail
3321,YP_010055068.1,major_tail
3322,YP_009950634.1,major_tail
3323,YP_010055799.1,major_tail
3324,YP_009824485.1,major_tail
3325,YP_009824694.1,major_tail
3326,YP_009816625.1,major_tail
3327,YP_010063640.1,major_tail
3328,YP_009824228.1,major_tail
3329,YP_010060154.1,major_tail
3330,YP_010054352.1,major_tail
3331,YP_010064115.1,major_tail
3332,YP_010080533.1,major_tail
3333,YP_010061159.1,major_tail
3334,YP_009843614.1,major_tail
3335,YP_010054990.1,major_tail
3336,YP_010061723.1,major_tail
3337,YP_009820544.1,major_tail
3338,YP_010055465.1,major_tail
3339,YP_010101757.1,major_tail
3340,YP_010063013.1,major_tail
3341,YP_009883069.1,major_tail
3342,YP_010064873.1,major_tail
3343,YP_009849458.1,major_tail
3344,YP_010060065.1,major_tail
3345,YP_010054579.1,major_tail
3346,YP_009900953.1,major_tail
3347,YP_009848402.1,major_tail
3348,YP_009883399.1,major_tail
3349,YP_009883310.1,major_tail
3350,YP_010055711.1,major_tail
3351,YP_009852127.1,major_tail
3352,YP_010056195.1,major_tail
3353,YP_010081471.1,major_tail
3354,YP_010104332.1,major_tail
3355,YP_009852773.1,major_tail
3356,YP_009852856.1,major_tail
3357,YP_009853588.1,major_tail
3358,YP_009853887.1,major_tail
3359,YP_009853683.1,major_tail
3360,YP_010061062.1,major_tail
3361,YP_010063556.1,major_tail
3362,YP_010061448.1,major_tail
3363,NP_878221.1,major_tail
3364,YP_009901332.1,major_tail
3365,YP_010001079.1,major_tail
3366,YP_009949311.1,major_tail
3367,YP_009949287.1,major_tail
3368,YP_009965322.1,major_tail
3369,YP_009859433.1,major_tail
3370,YP_010055549.1,major_tail
3371,YP_010107756.1,major_tail
3372,YP_010107793.1,major_tail
3373,YP_010107836.1,major_tail
3374,YP_010055964.1,major_tail
3375,YP_010056040.1,major_tail
3376,YP_010063830.1,major_tail
3377,YP_010109374.1,major_tail
3378,YP_009963829.1,major_tail
3379,YP_010061977.1,major_tail
3380,YP_010054730.1,major_tail
3381,YP_010054820.1,major_tail
3382,YP_010054901.1,major_tail
3383,YP_010056495.1,major_tail
3384,YP_010115797.1,major_tail
3385,YP_009836268.1,major_tail
3386,YP_009819666.1,major_tail
3387,YP_010053673.1,major_tail
3388,YP_010053413.1,major_tail
3389,YP_010053559.1,major_tail
3390,YP_006990129.1,major_tail
3391,YP_009208293.1,major_tail
3392,YP_009851408.1,major_tail
3393,YP_009834058.1,major_tail
3394,YP_009622405.1,major_tail
3395,YP_009838163.1,major_tail
3396,YP_010060230.1,major_tail
3397,YP_010089205.1,major_tail
3398,YP_010096530.1,major_tail
3399,YP_010109561.1,major_tail
3400,YP_009834139.1,major_tail
3401,YP_009998501.1,major_tail
3402,YP_009998421.1,major_tail
3403,YP_009821854.1,major_tail
3404,YP_009950072.1,major_tail
3405,YP_006973.1,major_tail
3406,NP_943796.1,major_tail
3407,YP_762592.1,major_tail
3408,YP_001837079.1,major_tail
3409,YP_002727882.1,major_tail
3410,YP_009191012.1,major_tail
3411,YP_009168198.1,major_tail
3412,YP_004306651.1,major_tail
3413,YP_009637355.1,major_tail
3414,YP_009614340.1,major_tail
3415,YP_009211816.1,major_tail
3416,YP_009198692.1,major_tail
3417,YP_009614442.1,major_tail
3418,YP_009638011.1,major_tail
3419,YP_009014279.1,major_tail
3420,YP_009016807.1,major_tail
3421,YP_009208566.1,major_tail
3422,YP_009018331.1,major_tail
3423,YP_009018431.1,major_tail
3424,YP_005087137.1,major_tail
3425,YP_006299881.1,major_tail
3426,YP_007007971.1,major_tail
3427,YP_009044195.1,major_tail
3428,YP_008240584.1,major_tail
3429,YP_008240442.1,major_tail
3430,YP_009205612.1,major_tail
3431,YP_006560251.1,major_tail
3432,YP_009638576.1,major_tail
3433,YP_006905883.1,major_tail
3434,YP_009189256.1,major_tail
3435,YP_007869940.1,major_tail
3436,YP_008052095.1,major_tail
3437,YP_008409216.1,major_tail
3438,YP_008409941.1,major_tail
3439,YP_008530610.1,major_tail
3440,YP_008409846.1,major_tail
3441,YP_009005665.1,major_tail
3442,YP_009004567.1,major_tail
3443,YP_009190074.1,major_tail
3444,YP_009187528.1,major_tail
3445,YP_009045169.1,major_tail
3446,YP_009103732.1,major_tail
3447,YP_009103920.1,major_tail
3448,YP_009031553.1,major_tail
3449,YP_009044351.1,major_tail
3450,YP_009625924.1,major_tail
3451,YP_009043292.1,major_tail
3452,YP_009043617.1,major_tail
3453,YP_009215618.1,major_tail
3454,YP_009191112.1,major_tail
3455,YP_009125769.1,major_tail
3456,YP_009207599.1,major_tail
3457,YP_009219174.1,major_tail
3458,YP_009210875.1,major_tail
3459,YP_009193475.1,major_tail
3460,YP_009202648.1,major_tail
3461,YP_009848602.1,major_tail
3462,YP_009785274.1,major_tail
3463,YP_009191210.1,major_tail
3464,YP_009224258.1,major_tail
3465,YP_009214936.1,major_tail
3466,YP_009189671.1,major_tail
3467,YP_009200910.1,major_tail
3468,YP_009200914.1,major_tail
3469,YP_009216599.1,major_tail
3470,YP_009603215.1,major_tail
3471,YP_009603389.1,major_tail
3472,YP_009603104.1,major_tail
3473,YP_009603477.1,major_tail
3474,YP_009323881.1,major_tail
3475,YP_009320881.1,major_tail
3476,YP_009302773.1,major_tail
3477,YP_009301453.1,major_tail
3478,YP_009276472.1,major_tail
3479,YP_009274248.1,major_tail
3480,YP_009282261.1,major_tail
3481,YP_009596678.1,major_tail
3482,YP_009596680.1,major_tail
3483,YP_009597508.1,major_tail
3484,YP_009599175.1,major_tail
3485,YP_009013378.1,major_tail
3486,YP_009610160.1,major_tail
3487,YP_009610161.1,major_tail
3488,YP_009791011.1,major_tail
3489,YP_009612547.1,major_tail
3490,YP_009612549.1,major_tail
3491,YP_009794975.1,major_tail
3492,YP_009795137.1,major_tail
3493,YP_009804142.1,major_tail
3494,YP_009613293.1,major_tail
3495,YP_009613353.1,major_tail
3496,YP_009613467.1,major_tail
3497,YP_009804431.1,major_tail
3498,YP_009795323.1,major_tail
3499,YP_009620181.1,major_tail
3500,YP_009620277.1,major_tail
3501,YP_009620368.1,major_tail
3502,YP_009804573.1,major_tail
3503,YP_009622073.1,major_tail
3504,YP_009829793.1,major_tail
3505,YP_009804800.1,major_tail
3506,YP_009805130.1,major_tail
3507,YP_009806065.1,major_tail
3508,YP_009805289.1,major_tail
3509,YP_009805442.1,major_tail
3510,YP_009805592.1,major_tail
3511,YP_009805902.1,major_tail
3512,YP_009809817.1,major_tail
3513,YP_009809291.1,major_tail
3514,YP_009841476.1,major_tail
3515,YP_009812296.1,major_tail
3516,YP_009824376.1,major_tail
3517,YP_009824664.1,major_tail
3518,YP_009814983.1,major_tail
3519,YP_009816805.1,major_tail
3520,YP_009819421.1,major_tail
3521,YP_009819011.1,major_tail
3522,YP_009845364.1,major_tail
3523,YP_009621117.1,major_tail
3524,YP_009621310.1,major_tail
3525,YP_009849819.1,major_tail
3526,YP_009848019.1,major_tail
3527,YP_009852332.1,major_tail
3528,YP_009852058.1,major_tail
3529,YP_009853240.1,major_tail
3530,YP_006382445.1,major_tail
3531,YP_009858912.1,major_tail
3532,YP_009858573.1,major_tail
3533,YP_009857918.1,major_tail
3534,YP_009858082.1,major_tail
3535,YP_009858408.1,major_tail
3536,YP_009857768.1,major_tail
3537,YP_009858737.1,major_tail
3538,YP_009858245.1,major_tail
3539,YP_009198876.1,major_tail
3540,YP_009189975.1,major_tail
3541,YP_010097541.1,major_tail
3542,YP_010101802.1,major_tail
3543,YP_010102647.1,major_tail
3544,YP_010102458.1,major_tail
3545,YP_010105813.1,major_tail
3546,YP_010105619.1,major_tail
3547,YP_010108070.1,major_tail
3548,YP_010108653.1,major_tail
3549,YP_010108264.1,major_tail
3550,YP_010108457.1,major_tail
3551,YP_010107876.1,major_tail
3552,YP_010113919.1,major_tail
3553,YP_010114198.1,major_tail
3554,YP_009810370.1,major_tail
3555,YP_008126238.1,major_tail
3556,YP_009008955.1,major_tail
3557,YP_009042660.1,major_tail
3558,YP_009284717.1,major_tail
3559,YP_009284722.1,major_tail
3560,NP_046779.1,major_tail
3561,YP_009591453.1,major_tail
3562,NP_958077.1,major_tail
3563,NP_050156.1,major_tail
3564,YP_009191718.1,major_tail
3565,YP_007002977.1,major_tail
3566,NP_037706.1,major_tail
3567,NP_463473.1,major_tail
3568,NP_680492.1,major_tail
3569,NP_075509.1,major_tail
3570,NP_612840.1,major_tail
3571,NP_817987.1,major_tail
3572,YP_950595.1,major_tail
3573,YP_001742066.1,major_tail
3574,YP_001111214.1,major_tail
3575,YP_007151680.1,major_tail
3576,YP_007151617.1,major_tail
3577,YP_009167775.1,major_tail
3578,YP_001686756.1,major_tail
3579,YP_004934117.1,major_tail
3580,YP_009607581.1,major_tail
3581,YP_009636541.1,major_tail
3582,YP_009635435.1,major_tail
3583,YP_009635520.1,major_tail
3584,YP_009635614.1,major_tail
3585,YP_009635699.1,major_tail
3586,YP_009635994.1,major_tail
3587,YP_009613918.1,major_tail
3588,YP_009637830.1,major_tail
3589,YP_009017009.1,major_tail
3590,YP_009014105.1,major_tail
3591,YP_009017157.1,major_tail
3592,YP_009013919.1,major_tail
3593,YP_008430771.1,major_tail
3594,YP_009604797.1,major_tail
3595,YP_009018531.1,major_tail
3596,YP_009604408.1,major_tail
3597,YP_009014514.1,major_tail
3598,YP_009013567.1,major_tail
3599,YP_009011253.1,major_tail
3600,YP_009638197.1,major_tail
3601,YP_009101217.1,major_tail
3602,YP_007518397.1,major_tail
3603,YP_007112286.1,major_tail
3604,YP_007111647.1,major_tail
3605,YP_007112023.1,major_tail
3606,YP_009607493.1,major_tail
3607,YP_009008380.1,major_tail
3608,YP_008239578.1,major_tail
3609,YP_006382941.1,major_tail
3610,YP_007237113.1,major_tail
3611,YP_009638764.1,major_tail
3612,YP_009638851.1,major_tail
3613,YP_009044971.1,major_tail
3614,YP_007676648.1,major_tail
3615,YP_009044737.1,major_tail
3616,YP_009044314.1,major_tail
3617,YP_007677977.1,major_tail
3618,YP_007869824.1,major_tail
3619,YP_008051239.1,major_tail
3620,YP_008051874.1,major_tail
3621,YP_008051790.1,major_tail
3622,YP_008060180.1,major_tail
3623,YP_008058294.1,major_tail
3624,YP_008320347.1,major_tail
3625,YP_009219085.1,major_tail
3626,YP_008766940.1,major_tail
3627,YP_008409318.1,major_tail
3628,YP_008858450.1,major_tail
3629,YP_008856796.1,major_tail
3630,YP_008859133.1,major_tail
3631,YP_008857882.1,major_tail
3632,YP_009004385.1,major_tail
3633,YP_008858947.1,major_tail
3634,YP_009004360.1,major_tail
3635,YP_009006614.1,major_tail
3636,YP_009009762.1,major_tail
3637,YP_009010001.1,major_tail
3638,YP_009044682.1,major_tail
3639,YP_009032408.1,major_tail
3640,YP_009124939.1,major_tail
3641,YP_009201648.1,major_tail
3642,YP_009224148.1,major_tail
3643,YP_009197138.1,major_tail
3644,YP_009221032.1,major_tail
3645,YP_009205398.1,major_tail
3646,YP_009125969.1,major_tail
3647,YP_009125488.1,major_tail
3648,YP_009113091.1,major_tail
3649,YP_009209061.1,major_tail
3650,YP_009195201.1,major_tail
3651,YP_009197956.1,major_tail
3652,YP_009202220.1,major_tail
3653,YP_009224877.1,major_tail
3654,YP_009598534.1,major_tail
3655,YP_009203456.1,major_tail
3656,YP_009212761.1,major_tail
3657,YP_009203213.1,major_tail
3658,YP_009193824.1,major_tail
3659,YP_009196110.1,major_tail
3660,YP_009593420.1,major_tail
3661,YP_009201921.1,major_tail
3662,YP_009875269.1,major_tail
3663,YP_009874929.1,major_tail
3664,YP_009303726.1,major_tail
3665,YP_009217875.2,major_tail
3666,YP_009207627.1,major_tail
3667,YP_009211934.1,major_tail
3668,YP_009782898.1,major_tail
3669,YP_009193911.1,major_tail
3670,YP_009214690.1,major_tail
3671,YP_009276872.1,major_tail
3672,YP_009210707.1,major_tail
3673,YP_009195260.1,major_tail
3674,YP_009201504.1,major_tail
3675,YP_009301846.1,major_tail
3676,YP_009282352.1,major_tail
3677,YP_009282353.1,major_tail
3678,YP_009303479.1,major_tail
3679,YP_009304584.1,major_tail
3680,YP_009304921.1,major_tail
3681,YP_009302327.1,major_tail
3682,YP_009595704.1,major_tail
3683,YP_009616866.1,major_tail
3684,YP_009304205.1,major_tail
3685,YP_009300796.1,major_tail
3686,YP_009301373.1,major_tail
3687,YP_009286057.1,major_tail
3688,YP_009303395.1,major_tail
3689,YP_009304343.1,major_tail
3690,YP_009303959.1,major_tail
3691,YP_009303771.1,major_tail
3692,YP_009275579.1,major_tail
3693,YP_009786255.1,major_tail
3694,YP_009283236.1,major_tail
3695,YP_009279718.1,major_tail
3696,YP_009289822.1,major_tail
3697,YP_009596226.1,major_tail
3698,YP_009289672.1,major_tail
3699,YP_009787816.1,major_tail
3700,YP_009789377.1,major_tail
3701,YP_009789398.1,major_tail
3702,YP_009964582.1,major_tail
3703,YP_009626526.1,major_tail
3704,YP_009964739.1,major_tail
3705,YP_009964976.1,major_tail
3706,YP_009615358.1,major_tail
3707,YP_009964898.1,major_tail
3708,YP_010052085.1,major_tail
3709,YP_010051877.1,major_tail
3710,YP_009965221.1,major_tail
3711,YP_010052286.1,major_tail
3712,YP_010051949.1,major_tail
3713,YP_009964502.1,major_tail
3714,YP_010052016.1,major_tail
3715,YP_009964816.1,major_tail
3716,YP_009964662.1,major_tail
3717,YP_010052150.1,major_tail
3718,YP_010103810.1,major_tail
3719,YP_009964347.1,major_tail
3720,YP_004934222.1,major_tail
3721,NP_052270.1,major_tail
3722,YP_009964269.1,major_tail
3723,YP_010001315.1,major_tail
3724,YP_009964189.1,major_tail
3725,YP_009964425.1,major_tail
3726,YP_009999771.1,major_tail
3727,YP_010052356.1,major_tail
3728,YP_010051814.1,major_tail
3729,YP_010052220.1,major_tail
3730,YP_009999813.1,major_tail
3731,YP_009999886.1,major_tail
3732,YP_009594652.1,major_tail
3733,YP_024980.1,major_tail
3734,YP_009153040.1,major_tail
3735,YP_007236698.1,major_tail
3736,YP_009794592.1,major_tail
3737,YP_009101279.1,major_tail
3738,YP_002014631.1,major_tail
3739,YP_009100827.1,major_tail
3740,YP_009014889.1,major_tail
3741,YP_001994842.1,major_tail
3742,YP_003358725.1,major_tail
3743,YP_005086970.1,major_tail
3744,YP_006560954.1,major_tail
3745,YP_006561174.1,major_tail
3746,YP_009014410.1,major_tail
3747,YP_009016379.1,major_tail
3748,YP_009150884.1,major_tail
3749,YP_009268687.1,major_tail
3750,YP_006987988.1,major_tail
3751,YP_007005613.1,major_tail
3752,YP_009292378.1,major_tail
3753,YP_009279600.1,major_tail
3754,YP_009012171.1,major_tail
3755,YP_008126262.1,major_tail
3756,YP_008410686.1,major_tail
3757,YP_008408672.1,major_tail
3758,YP_008410888.1,major_tail
3759,YP_009004472.1,major_tail
3760,YP_009007304.1,major_tail
3761,YP_009009573.1,major_tail
3762,YP_009032240.1,major_tail
3763,YP_009009216.1,major_tail
3764,YP_009032507.1,major_tail
3765,YP_009125394.1,major_tail
3766,YP_009198449.1,major_tail
3767,YP_009198237.1,major_tail
3768,YP_009195122.1,major_tail
3769,YP_009203294.1,major_tail
3770,YP_009203083.1,major_tail
3771,YP_009202401.1,major_tail
3772,YP_009197009.1,major_tail
3773,YP_009205480.1,major_tail
3774,YP_009300704.1,major_tail
3775,YP_009303573.1,major_tail
3776,YP_009304271.1,major_tail
3777,YP_009301093.1,major_tail
3778,YP_009274453.1,major_tail
3779,YP_009268946.1,major_tail
3780,YP_009269323.1,major_tail
3781,YP_009275372.1,major_tail
3782,YP_009273950.1,major_tail
3783,YP_009292527.1,major_tail
3784,YP_009285966.1,major_tail
3785,YP_009277936.1,major_tail
3786,YP_009281636.1,major_tail
3787,YP_009013109.1,major_tail
3788,YP_003857144.1,major_tail
3789,YP_004538957.1,major_tail
3790,YP_009017238.1,major_tail
3791,YP_009269045.1,major_tail
3792,YP_009874876.1,major_tail
3793,YP_009874987.1,major_tail
3794,YP_009874709.1,major_tail
3795,YP_009875099.1,major_tail
3796,YP_009874604.1,major_tail
3797,YP_009874820.1,major_tail
3798,YP_009875331.1,major_tail
3799,YP_009878834.1,major_tail
3800,YP_009878887.1,major_tail
3801,YP_009878941.1,major_tail
3802,YP_009878994.1,major_tail
3803,YP_009879049.1,major_tail
3804,YP_009879103.1,major_tail
3805,YP_009879156.1,major_tail
3806,YP_009879209.1,major_tail
3807,YP_009963612.1,major_tail
3808,YP_009622332.1,major_tail
3809,YP_009622616.1,major_tail
3810,YP_009624268.1,major_tail
3811,YP_009800170.1,major_tail
3812,YP_009802616.1,major_tail
3813,YP_009803134.1,major_tail
3814,YP_009807597.1,major_tail
3815,YP_009812633.1,major_tail
3816,YP_009815699.1,major_tail
3817,YP_009815770.1,major_tail
3818,YP_009815842.1,major_tail
3819,YP_009843522.1,major_tail
3820,YP_009819685.1,major_tail
3821,YP_009884821.1,major_tail
3822,YP_009997639.1,major_tail
3823,YP_010049997.1,major_tail
3824,YP_010050367.1,major_tail
3825,YP_010050306.1,major_tail
3826,YP_010050058.1,major_tail
3827,YP_010050485.1,major_tail
3828,YP_010050425.1,major_tail
3829,YP_010049809.1,major_tail
3830,YP_010049935.1,major_tail
3831,YP_010050184.1,major_tail
3832,YP_010050551.1,major_tail
3833,YP_010049870.1,major_tail
3834,YP_010050242.1,major_tail
3835,YP_010050115.1,major_tail
3836,YP_010101238.1,major_tail
3837,YP_010106727.1,major_tail
3838,YP_010106808.1,major_tail
3839,YP_009786020.1,major_tail
3840,YP_004306385.1,major_tail
3841,YP_009783988.1,major_tail
3842,YP_009784207.1,major_tail
3843,YP_009785122.1,major_tail
3844,YP_009785753.1,major_tail
3845,YP_010081954.1,major_tail
3846,YP_009788107.1,major_tail
3847,YP_009788162.1,major_tail
3848,YP_010083377.1,major_tail
3849,YP_009789821.1,major_tail
3850,YP_009914720.1,major_tail
3851,YP_010081633.1,major_tail
3852,YP_009792678.1,major_tail
3853,YP_009877990.1,major_tail
3854,YP_009878209.1,major_tail
3855,YP_009878327.1,major_tail
3856,YP_009878374.1,major_tail
3857,YP_009878577.1,major_tail
3858,YP_009878787.1,major_tail
3859,YP_009795954.1,major_tail
3860,YP_009797162.1,major_tail
3861,YP_009797204.1,major_tail
3862,YP_009837546.1,major_tail
3863,YP_009800000.1,major_tail
3864,YP_009799581.1,major_tail
3865,YP_009801658.1,major_tail
3866,YP_009812721.1,major_tail
3867,YP_009879845.1,major_tail
3868,YP_009815216.1,major_tail
3869,YP_009815287.1,major_tail
3870,YP_009815429.1,major_tail
3871,YP_009815492.1,major_tail
3872,YP_009815564.1,major_tail
3873,YP_010081604.1,major_tail
3874,YP_010081692.1,major_tail
3875,YP_010081793.1,major_tail
3876,YP_010081897.1,major_tail
3877,YP_009818572.1,major_tail
3878,YP_009819785.1,major_tail
3879,YP_009843616.1,major_tail
3880,YP_009882586.1,major_tail
3881,YP_009882554.1,major_tail
3882,YP_009819833.1,major_tail
3883,YP_009819887.1,major_tail
3884,YP_009821462.1,major_tail
3885,YP_009821468.1,major_tail
3886,YP_009845540.1,major_tail
3887,YP_010079697.1,major_tail
3888,YP_009849460.1,major_tail
3889,YP_009849051.1,major_tail
3890,YP_009848768.1,major_tail
3891,YP_009848991.1,major_tail
3892,YP_009848937.1,major_tail
3893,YP_009848227.1,major_tail
3894,YP_009847958.1,major_tail
3895,YP_010081981.1,major_tail
3896,YP_010104152.1,major_tail
3897,YP_010050713.1,major_tail
3898,YP_009852129.1,major_tail
3899,YP_009852775.1,major_tail
3900,YP_009852858.1,major_tail
3901,YP_009853590.1,major_tail
3902,YP_009853889.1,major_tail
3903,YP_009853685.1,major_tail
3904,YP_009859435.1,major_tail
3905,YP_010109798.1,major_tail
3906,YP_010050635.1,major_tail
3907,YP_009289238.1,major_tail
3908,YP_010245877.1,major_tail
3909,YP_010246267.1,major_tail
3910,YP_010246006.1,major_tail
3911,YP_010246681.1,major_tail
3912,YP_010246136.1,major_tail
3913,YP_010246410.1,major_tail
3914,YP_010246540.1,major_tail
3915,YP_006907184.1,major_tail
3916,YP_009900655.1,minor_capsid
3917,YP_009900749.1,minor_capsid
3918,YP_009800983.1,minor_capsid
3919,YP_009849862.1,minor_capsid
3920,YP_009792888.1,minor_capsid
3921,YP_001974361.1,minor_capsid
3922,YP_002154376.1,minor_capsid
3923,YP_003358794.1,minor_capsid
3924,YP_009003377.1,minor_capsid
3925,YP_009103070.1,minor_capsid
3926,YP_009188837.1,minor_capsid
3927,YP_009804029.1,minor_capsid
3928,YP_009961518.1,minor_capsid
3929,YP_240309.1,minor_capsid
3930,YP_240383.1,minor_capsid
3931,YP_009787722.1,minor_capsid
3932,YP_009790563.1,minor_capsid
3933,YP_009800757.1,minor_capsid
3934,YP_009903228.1,minor_capsid
3935,YP_009818782.1,minor_capsid
3936,YP_004934228.1,minor_capsid
3937,YP_009639975.1,minor_capsid
3938,YP_656399.1,minor_capsid
3939,YP_338002.1,minor_capsid
3940,YP_002048658.2,minor_capsid
3941,YP_003969112.1,minor_capsid
3942,YP_004306346.1,minor_capsid
3943,YP_007005457.1,minor_capsid
3944,YP_006383459.1,minor_capsid
3945,YP_009101036.1,minor_capsid
3946,YP_007869912.1,minor_capsid
3947,YP_008241982.1,minor_capsid
3948,YP_009103726.1,minor_capsid
3949,YP_009145631.1,minor_capsid
3950,YP_009226057.1,minor_capsid
3951,YP_009191340.1,minor_capsid
3952,YP_009837347.1,minor_capsid
3953,YP_009840467.1,minor_capsid
3954,YP_009813043.1,minor_capsid
3955,YP_009594238.1,minor_capsid
3956,NP_523334.1,minor_capsid
3957,NP_695154.1,minor_capsid
3958,NP_695155.1,minor_capsid
3959,NP_695162.1,minor_capsid
3960,NP_695165.1,minor_capsid
3961,YP_004306929.1,minor_capsid
3962,NP_150164.1,minor_capsid
3963,YP_950667.1,minor_capsid
3964,YP_009793107.1,minor_capsid
3965,YP_006990342.1,minor_capsid
3966,YP_008798260.1,minor_capsid
3967,YP_008766749.1,minor_capsid
3968,YP_009007173.1,minor_capsid
3969,YP_009004195.1,minor_capsid
3970,YP_009204847.1,minor_capsid
3971,YP_009210458.1,minor_capsid
3972,YP_009221413.1,minor_capsid
3973,YP_009322099.1,minor_capsid
3974,YP_009191534.1,minor_capsid
3975,YP_009594158.1,minor_capsid
3976,YP_009302022.1,minor_capsid
3977,YP_009289332.1,minor_capsid
3978,YP_009279508.1,minor_capsid
3979,YP_009279510.1,minor_capsid
3980,YP_009286352.1,minor_capsid
3981,YP_009286354.1,minor_capsid
3982,YP_010083022.1,minor_capsid
3983,YP_007236693.1,minor_capsid
3984,YP_950602.1,minor_capsid
3985,YP_006560945.1,minor_capsid
3986,YP_006987965.1,minor_capsid
3987,YP_009600053.1,minor_capsid
3988,NP_438148.1,minor_capsid
3989,NP_438149.1,minor_capsid
3990,NP_438150.1,minor_capsid
3991,YP_001700605.1,minor_capsid
3992,YP_009788546.1,minor_capsid
3993,YP_009788739.1,minor_capsid
3994,YP_009801168.1,minor_capsid
3995,YP_009804014.1,minor_capsid
3996,YP_009807287.1,minor_capsid
3997,YP_009808900.1,minor_capsid
3998,YP_009809254.1,minor_capsid
3999,YP_009817036.1,minor_capsid
4000,YP_009818440.1,minor_capsid
4001,YP_009777940.1,minor_capsid
4002,NP_945280.1,minor_capsid
4003,NP_463471.1,minor_capsid
4004,YP_001468396.1,minor_capsid
4005,YP_001285358.1,minor_capsid
4006,YP_239723.1,minor_capsid
4007,YP_001642374.1,minor_capsid
4008,NP_852755.1,minor_capsid
4009,YP_164421.1,minor_capsid
4010,YP_529556.1,minor_capsid
4011,YP_239568.1,minor_capsid
4012,YP_239645.1,minor_capsid
4013,YP_529872.1,minor_capsid
4014,YP_001469208.1,minor_capsid
4015,YP_950584.1,minor_capsid
4016,YP_007002936.1,minor_capsid
4017,YP_001974367.1,minor_capsid
4018,YP_001974368.1,minor_capsid
4019,YP_001974369.1,minor_capsid
4020,YP_002154382.1,minor_capsid
4021,YP_002154383.1,minor_capsid
4022,YP_002221417.1,minor_capsid
4023,YP_003347499.1,minor_capsid
4024,YP_003347329.1,minor_capsid
4025,YP_003347608.1,minor_capsid
4026,YP_003344806.1,minor_capsid
4027,YP_004301539.1,minor_capsid
4028,YP_010079785.1,minor_capsid
4029,YP_007237606.1,minor_capsid
4030,YP_004508388.1,minor_capsid
4031,YP_007236600.1,minor_capsid
4032,YP_006382287.1,minor_capsid
4033,YP_006906643.1,minor_capsid
4034,YP_006906954.1,minor_capsid
4035,YP_010079747.1,minor_capsid
4036,YP_009352266.1,minor_capsid
4037,YP_007392851.1,minor_capsid
4038,YP_006990335.1,minor_capsid
4039,YP_009606432.1,minor_capsid
4040,YP_009226315.1,minor_capsid
4041,YP_009220061.1,minor_capsid
4042,YP_008858639.1,minor_capsid
4043,YP_008241887.1,minor_capsid
4044,YP_009035496.1,minor_capsid
4045,YP_009043192.1,minor_capsid
4046,YP_009042739.1,minor_capsid
4047,YP_009043959.1,minor_capsid
4048,YP_009044680.1,minor_capsid
4049,YP_009218423.1,minor_capsid
4050,YP_009216854.1,minor_capsid
4051,YP_009102827.1,minor_capsid
4052,YP_009196078.1,minor_capsid
4053,YP_009208364.1,minor_capsid
4054,YP_009214138.1,minor_capsid
4055,YP_009206304.1,minor_capsid
4056,YP_009785377.1,minor_capsid
4057,YP_009215019.1,minor_capsid
4058,YP_009322348.1,minor_capsid
4059,YP_009321790.1,minor_capsid
4060,YP_009320696.1,minor_capsid
4061,YP_009321974.1,minor_capsid
4062,YP_009324903.1,minor_capsid
4063,YP_009323490.1,minor_capsid
4064,YP_009322682.1,minor_capsid
4065,YP_009321519.1,minor_capsid
4066,YP_009191540.1,minor_capsid
4067,YP_009210532.1,minor_capsid
4068,YP_009279640.1,minor_capsid
4069,YP_009597535.1,minor_capsid
4070,YP_009831959.1,minor_capsid
4071,YP_010081945.1,minor_capsid
4072,YP_009788106.1,minor_capsid
4073,YP_009788161.1,minor_capsid
4074,YP_009832082.1,minor_capsid
4075,YP_010081624.1,minor_capsid
4076,YP_009804030.1,minor_capsid
4077,YP_009615278.1,minor_capsid
4078,YP_009702217.1,minor_capsid
4079,YP_010079523.1,minor_capsid
4080,YP_009797055.1,minor_capsid
4081,YP_009797284.1,minor_capsid
4082,YP_009797326.1,minor_capsid
4083,YP_010082178.1,minor_capsid
4084,YP_009790277.1,minor_capsid
4085,YP_010082449.1,minor_capsid
4086,YP_009812349.1,minor_capsid
4087,YP_010081595.1,minor_capsid
4088,YP_010081753.1,minor_capsid
4089,YP_010081784.1,minor_capsid
4090,YP_010081888.1,minor_capsid
4091,YP_009819784.1,minor_capsid
4092,YP_009819467.1,minor_capsid
4093,YP_010079688.1,minor_capsid
4094,YP_010064600.1,minor_capsid
4095,YP_010081972.1,minor_capsid
4096,YP_009884413.1,minor_capsid
4097,YP_010079583.1,minor_capsid
4098,YP_002332514.1,minor_capsid
4099,YP_010054073.1,minor_capsid
4100,YP_010082268.1,minor_capsid
4101,YP_010082355.1,minor_capsid
4102,YP_009012162.1,minor_capsid
4103,YP_009007295.1,minor_capsid
4104,YP_009035912.1,minor_capsid
4105,YP_009044003.1,minor_capsid
4106,YP_010051046.1,minor_tail
4107,YP_010097004.1,minor_tail
4108,YP_010098300.1,minor_tail
4109,YP_010098391.1,minor_tail
4110,YP_010098931.1,minor_tail
4111,YP_010062734.1,minor_tail
4112,YP_010063083.1,minor_tail
4113,YP_010062644.1,minor_tail
4114,YP_009951693.1,minor_tail
4115,YP_009951698.1,minor_tail
4116,YP_009949693.1,minor_tail
4117,YP_009949886.1,minor_tail
4118,YP_009949592.1,minor_tail
4119,YP_009949786.1,minor_tail
4120,YP_009949491.1,minor_tail
4121,NP_945047.1,minor_tail
4122,YP_009622278.1,minor_tail
4123,YP_009625602.1,minor_tail
4124,YP_009818320.1,minor_tail
4125,YP_009884000.1,minor_tail
4126,YP_009884500.1,minor_tail
4127,YP_009884253.1,minor_tail
4128,YP_009909725.1,minor_tail
4129,YP_009887286.1,minor_tail
4130,YP_010001661.1,minor_tail
4131,YP_010001746.1,minor_tail
4132,YP_010002590.1,minor_tail
4133,YP_010013517.1,minor_tail
4134,YP_010013522.1,minor_tail
4135,YP_010050811.1,minor_tail
4136,YP_010050959.1,minor_tail
4137,YP_010050964.1,minor_tail
4138,YP_010050891.1,minor_tail
4139,YP_010051040.1,minor_tail
4140,YP_010051304.1,minor_tail
4141,YP_010051755.1,minor_tail
4142,YP_010051759.1,minor_tail
4143,YP_010051364.1,minor_tail
4144,YP_010051366.1,minor_tail
4145,YP_010057085.1,minor_tail
4146,YP_010057311.1,minor_tail
4147,YP_010059411.1,minor_tail
4148,YP_010099534.1,minor_tail
4149,YP_010104447.1,minor_tail
4150,YP_009624508.1,minor_tail
4151,YP_010002171.1,minor_tail
4152,YP_009841043.1,minor_tail
4153,YP_009841044.1,minor_tail
4154,NP_536374.1,minor_tail
4155,YP_001449306.1,minor_tail
4156,YP_009909254.1,minor_tail
4157,YP_355400.1,minor_tail
4158,YP_001272528.1,minor_tail
4159,YP_002274200.1,minor_tail
4160,YP_009909179.1,minor_tail
4161,YP_010062933.1,minor_tail
4162,YP_009909101.1,minor_tail
4163,YP_009909409.1,minor_tail
4164,YP_009909331.1,minor_tail
4165,YP_009958559.1,minor_tail
4166,YP_009963417.1,minor_tail
4167,YP_010062595.1,minor_tail
4168,YP_010062845.1,minor_tail
4169,YP_009955036.1,minor_tail
4170,YP_009962374.1,minor_tail
4171,YP_009962167.1,minor_tail
4172,YP_009958670.1,minor_tail
4173,YP_009962580.1,minor_tail
4174,YP_009956582.1,minor_tail
4175,YP_009961851.1,minor_tail
4176,YP_009963207.1,minor_tail
4177,YP_010062504.1,minor_tail
4178,YP_009955840.1,minor_tail
4179,YP_009961021.1,minor_tail
4180,YP_009960709.1,minor_tail
4181,YP_009622823.1,minor_tail
4182,YP_009961641.1,minor_tail
4183,YP_009954400.1,minor_tail
4184,YP_009960919.1,minor_tail
4185,YP_009837974.1,minor_tail
4186,YP_009965229.1,minor_tail
4187,YP_010095424.1,minor_tail
4188,YP_010095426.1,minor_tail
4189,YP_009959489.1,minor_tail
4190,YP_009959490.1,minor_tail
4191,YP_010054662.1,minor_tail
4192,YP_010061820.1,minor_tail
4193,YP_010096907.1,minor_tail
4194,YP_009960810.1,minor_tail
4195,YP_009962064.1,minor_tail
4196,YP_009909782.1,minor_tail
4197,YP_009957844.1,minor_tail
4198,YP_009839502.1,minor_tail
4199,YP_009839752.1,minor_tail
4200,YP_009957741.1,minor_tail
4201,YP_009957742.1,minor_tail
4202,YP_009840236.1,minor_tail
4203,YP_009839988.1,minor_tail
4204,YP_009812726.1,minor_tail
4205,YP_010062760.1,minor_tail
4206,YP_009957426.1,minor_tail
4207,YP_009841201.1,minor_tail
4208,YP_009808376.1,minor_tail
4209,YP_009958977.1,minor_tail
4210,YP_009955135.1,minor_tail
4211,YP_009960496.1,minor_tail
4212,YP_009960497.1,minor_tail
4213,YP_009959183.1,minor_tail
4214,YP_009959184.1,minor_tail
4215,YP_010002001.1,minor_tail
4216,YP_010001914.1,minor_tail
4217,YP_010001579.1,minor_tail
4218,YP_009963520.1,minor_tail
4219,YP_009961321.1,minor_tail
4220,YP_010101037.1,minor_tail
4221,YP_009961532.1,minor_tail
4222,YP_010101682.1,minor_tail
4223,YP_010061557.1,minor_tail
4224,YP_010060281.1,minor_tail
4225,YP_009821476.1,minor_tail
4226,YP_010001247.1,minor_tail
4227,YP_010062995.1,minor_tail
4228,YP_009822316.1,minor_tail
4229,YP_009849056.1,minor_tail
4230,YP_009848773.1,minor_tail
4231,YP_009848996.1,minor_tail
4232,YP_009848942.1,minor_tail
4233,YP_009848837.1,minor_tail
4234,YP_009848838.1,minor_tail
4235,YP_010054583.1,minor_tail
4236,YP_009959288.1,minor_tail
4237,YP_009847963.1,minor_tail
4238,YP_010001166.1,minor_tail
4239,YP_010056199.1,minor_tail
4240,YP_010104827.1,minor_tail
4241,YP_009964355.1,minor_tail
4242,YP_009962683.1,minor_tail
4243,YP_010061433.1,minor_tail
4244,YP_010062670.1,minor_tail
4245,YP_009856204.1,minor_tail
4246,YP_009856205.1,minor_tail
4247,YP_009956261.1,minor_tail
4248,YP_010107461.1,minor_tail
4249,YP_009964433.1,minor_tail
4250,YP_009909581.1,minor_tail
4251,YP_009909915.1,minor_tail
4252,YP_009909655.1,minor_tail
4253,YP_009910055.1,minor_tail
4254,YP_009962262.1,minor_tail
4255,YP_010245888.1,minor_tail
4256,YP_010246275.1,minor_tail
4257,YP_010246017.1,minor_tail
4258,YP_010246147.1,minor_tail
4259,YP_009842736.1,minor_tail
4260,YP_010002871.1,minor_tail
4261,YP_010002782.1,minor_tail
4262,YP_010061986.1,minor_tail
4263,YP_010246145.1,minor_tail
4264,YP_009955324.1,minor_tail
4265,YP_009950315.1,minor_tail
4266,YP_008408817.1,minor_tail
4267,YP_010001494.1,minor_tail
4268,YP_010001412.1,minor_tail
4269,YP_010050491.1,minor_tail
4270,YP_010050248.1,minor_tail
4271,YP_010089217.1,minor_tail
4272,YP_010109572.1,minor_tail
4273,YP_009841047.1,minor_tail
4274,YP_009956046.1,minor_tail
4275,YP_009963411.1,minor_tail
4276,YP_009787738.1,minor_tail
4277,YP_009955030.1,minor_tail
4278,YP_009962368.1,minor_tail
4279,YP_009962161.1,minor_tail
4280,YP_009958667.1,minor_tail
4281,YP_009961212.1,minor_tail
4282,YP_009962581.1,minor_tail
4283,YP_009963201.1,minor_tail
4284,YP_009955834.1,minor_tail
4285,YP_009960703.1,minor_tail
4286,YP_009961635.1,minor_tail
4287,YP_009961642.1,minor_tail
4288,YP_009954394.1,minor_tail
4289,YP_009959991.1,minor_tail
4290,YP_009955935.1,minor_tail
4291,YP_009837976.1,minor_tail
4292,YP_009800823.1,minor_tail
4293,YP_009954805.1,minor_tail
4294,YP_009959483.1,minor_tail
4295,YP_009960811.1,minor_tail
4296,YP_009962058.1,minor_tail
4297,YP_009957838.1,minor_tail
4298,YP_010013248.1,minor_tail
4299,YP_009957420.1,minor_tail
4300,YP_009958971.1,minor_tail
4301,YP_009955129.1,minor_tail
4302,YP_009960490.1,minor_tail
4303,YP_009954496.1,minor_tail
4304,YP_009959177.1,minor_tail
4305,YP_009957006.1,minor_tail
4306,YP_009963302.1,minor_tail
4307,YP_009963514.1,minor_tail
4308,YP_010064123.1,minor_tail
4309,YP_009961315.1,minor_tail
4310,YP_009961533.1,minor_tail
4311,YP_009819487.1,minor_tail
4312,YP_009955728.1,minor_tail
4313,YP_009961115.1,minor_tail
4314,YP_009962890.1,minor_tail
4315,YP_010101484.1,minor_tail
4316,YP_009956896.1,minor_tail
4317,YP_010001236.1,minor_tail
4318,YP_009822306.1,minor_tail
4319,YP_009961423.1,minor_tail
4320,YP_009848841.1,minor_tail
4321,YP_010103440.1,minor_tail
4322,YP_009959282.1,minor_tail
4323,YP_009956157.1,minor_tail
4324,YP_010103954.1,minor_tail
4325,YP_010001155.1,minor_tail
4326,YP_010013366.1,minor_tail
4327,YP_009958363.1,minor_tail
4328,YP_009960393.1,minor_tail
4329,YP_009853890.1,minor_tail
4330,YP_010059528.1,minor_tail
4331,YP_009853686.1,minor_tail
4332,YP_009955425.1,minor_tail
4333,YP_009956359.1,minor_tail
4334,YP_009956790.1,minor_tail
4335,YP_010105205.1,minor_tail
4336,YP_009962677.1,minor_tail
4337,YP_009957946.1,minor_tail
4338,YP_009956255.1,minor_tail
4339,YP_009956262.1,minor_tail
4340,YP_009957529.1,minor_tail
4341,YP_009958152.1,minor_tail
4342,YP_009960191.1,minor_tail
4343,YP_009961948.1,minor_tail
4344,YP_009962256.1,minor_tail
4345,YP_009955625.1,minor_tail
4346,YP_009957112.1,minor_tail
4347,YP_010113801.1,minor_tail
4348,YP_009964131.1,minor_tail
4349,YP_009950461.1,minor_tail
4350,YP_009954006.1,minor_tail
4351,YP_009952539.1,minor_tail
4352,YP_009952541.1,minor_tail
4353,YP_009952542.1,minor_tail
4354,YP_009951694.1,minor_tail
4355,YP_009951791.1,minor_tail
4356,YP_009951396.1,minor_tail
4357,YP_009953908.1,minor_tail
4358,YP_009953910.1,minor_tail
4359,YP_009951203.1,minor_tail
4360,YP_009951888.1,minor_tail
4361,YP_009951982.1,minor_tail
4362,YP_009953219.1,minor_tail
4363,YP_009953221.1,minor_tail
4364,YP_009952816.1,minor_tail
4365,YP_009952619.1,minor_tail
4366,YP_009953321.1,minor_tail
4367,YP_009950829.1,minor_tail
4368,YP_009950831.1,minor_tail
4369,YP_009952359.1,minor_tail
4370,YP_009963616.1,minor_tail
4371,YP_009950735.1,minor_tail
4372,YP_009950737.1,minor_tail
4373,YP_009952454.1,minor_tail
4374,YP_009955322.1,minor_tail
4375,YP_009955323.1,minor_tail
4376,YP_009955325.1,minor_tail
4377,YP_009955326.1,minor_tail
4378,YP_009952717.1,minor_tail
4379,YP_009949378.1,minor_tail
4380,YP_009950922.1,minor_tail
4381,YP_009950924.1,minor_tail
4382,YP_009950080.1,minor_tail
4383,YP_009950083.1,minor_tail
4384,YP_009949692.1,minor_tail
4385,YP_009949885.1,minor_tail
4386,YP_009953812.1,minor_tail
4387,YP_009950319.1,minor_tail
4388,YP_009953115.1,minor_tail
4389,YP_009953117.1,minor_tail
4390,YP_009953612.1,minor_tail
4391,YP_009953614.1,minor_tail
4392,YP_009950557.1,minor_tail
4393,YP_009952075.1,minor_tail
4394,YP_009954104.1,minor_tail
4395,YP_009954302.1,minor_tail
4396,YP_009949591.1,minor_tail
4397,YP_009953519.1,minor_tail
4398,YP_009951303.1,minor_tail
4399,YP_009949785.1,minor_tail
4400,YP_009949492.1,minor_tail
4401,YP_009949972.1,minor_tail
4402,YP_009950367.1,minor_tail
4403,YP_009951592.1,minor_tail
4404,YP_009953416.1,minor_tail
4405,YP_009952912.1,minor_tail
4406,YP_009952914.1,minor_tail
4407,YP_009952167.1,minor_tail
4408,NP_943807.1,minor_tail
4409,YP_655534.1,minor_tail
4410,YP_001837078.1,minor_tail
4411,YP_009191023.1,minor_tail
4412,YP_009168209.1,minor_tail
4413,YP_005098334.1,minor_tail
4414,YP_006489242.1,minor_tail
4415,YP_008061152.1,minor_tail
4416,YP_009637362.1,minor_tail
4417,YP_009614348.1,minor_tail
4418,YP_009614349.1,minor_tail
4419,YP_009614352.1,minor_tail
4420,YP_009211827.1,minor_tail
4421,YP_009198703.1,minor_tail
4422,YP_009614450.1,minor_tail
4423,YP_009614045.1,minor_tail
4424,YP_007005039.1,minor_tail
4425,YP_007005348.1,minor_tail
4426,YP_009638018.1,minor_tail
4427,YP_009014290.1,minor_tail
4428,YP_009012917.1,minor_tail
4429,YP_009017910.1,minor_tail
4430,YP_009016818.1,minor_tail
4431,YP_009208577.1,minor_tail
4432,YP_009018342.1,minor_tail
4433,YP_009018439.1,minor_tail
4434,YP_009018440.1,minor_tail
4435,YP_009018443.1,minor_tail
4436,YP_005087140.1,minor_tail
4437,YP_005087141.1,minor_tail
4438,YP_004957455.1,minor_tail
4439,YP_006561142.1,minor_tail
4440,YP_007112625.1,minor_tail
4441,YP_009638583.1,minor_tail
4442,YP_009638587.1,minor_tail
4443,YP_009189267.1,minor_tail
4444,YP_009601868.1,minor_tail
4445,YP_009601872.1,minor_tail
4446,YP_008061626.1,minor_tail
4447,YP_008052106.1,minor_tail
4448,YP_008060937.1,minor_tail
4449,YP_008061393.1,minor_tail
4450,YP_008129772.1,minor_tail
4451,YP_009221263.1,minor_tail
4452,YP_008409224.1,minor_tail
4453,YP_008409226.1,minor_tail
4454,YP_008409227.1,minor_tail
4455,YP_008409661.1,minor_tail
4456,YP_008409662.1,minor_tail
4457,YP_008409664.1,minor_tail
4458,YP_008530621.1,minor_tail
4459,YP_008530622.1,minor_tail
4460,YP_008409855.1,minor_tail
4461,YP_008409858.1,minor_tail
4462,YP_009005676.1,minor_tail
4463,YP_009004575.1,minor_tail
4464,YP_009004576.1,minor_tail
4465,YP_009004579.1,minor_tail
4466,YP_009031762.1,minor_tail
4467,YP_009005960.1,minor_tail
4468,YP_009190085.1,minor_tail
4469,YP_009187539.1,minor_tail
4470,YP_009009676.1,minor_tail
4471,YP_009103728.1,minor_tail
4472,YP_009031557.1,minor_tail
4473,YP_009031558.1,minor_tail
4474,YP_009043303.1,minor_tail
4475,YP_009031149.1,minor_tail
4476,YP_009043624.1,minor_tail
4477,YP_009043626.1,minor_tail
4478,YP_009215625.1,minor_tail
4479,YP_009191123.1,minor_tail
4480,YP_009784968.1,minor_tail
4481,YP_009125775.1,minor_tail
4482,YP_009125776.1,minor_tail
4483,YP_009125778.1,minor_tail
4484,YP_009125780.1,minor_tail
4485,YP_009207598.1,minor_tail
4486,YP_009224028.1,minor_tail
4487,YP_009215326.1,minor_tail
4488,YP_009200137.1,minor_tail
4489,YP_009210883.1,minor_tail
4490,YP_009210884.1,minor_tail
4491,YP_009210885.1,minor_tail
4492,YP_009210887.1,minor_tail
4493,YP_009193483.1,minor_tail
4494,YP_009193486.1,minor_tail
4495,YP_009202654.1,minor_tail
4496,YP_009202655.1,minor_tail
4497,YP_009202656.1,minor_tail
4498,YP_009202658.1,minor_tail
4499,YP_009202659.1,minor_tail
4500,YP_009283415.1,minor_tail
4501,YP_009848601.1,minor_tail
4502,YP_009785275.1,minor_tail
4503,YP_009604255.1,minor_tail
4504,YP_009213483.1,minor_tail
4505,YP_009213512.1,minor_tail
4506,YP_009616306.1,minor_tail
4507,YP_009616334.1,minor_tail
4508,YP_009191221.1,minor_tail
4509,YP_009616366.1,minor_tail
4510,YP_009214944.1,minor_tail
4511,YP_009214945.1,minor_tail
4512,YP_009214948.1,minor_tail
4513,YP_009226665.1,minor_tail
4514,YP_009189675.1,minor_tail
4515,YP_009189676.1,minor_tail
4516,YP_009200905.1,minor_tail
4517,YP_009200906.1,minor_tail
4518,YP_009602450.1,minor_tail
4519,YP_009602512.1,minor_tail
4520,YP_009602575.1,minor_tail
4521,YP_009602635.1,minor_tail
4522,YP_009602699.1,minor_tail
4523,YP_009602762.1,minor_tail
4524,YP_009602766.1,minor_tail
4525,YP_009602767.1,minor_tail
4526,YP_009603058.1,minor_tail
4527,YP_009603059.1,minor_tail
4528,YP_009602817.1,minor_tail
4529,YP_009602881.1,minor_tail
4530,YP_009602883.1,minor_tail
4531,YP_009602946.1,minor_tail
4532,YP_009602948.1,minor_tail
4533,YP_009602950.1,minor_tail
4534,YP_009602951.1,minor_tail
4535,YP_009616589.1,minor_tail
4536,YP_009301291.1,minor_tail
4537,YP_009303318.1,minor_tail
4538,YP_009595364.1,minor_tail
4539,YP_009302778.1,minor_tail
4540,YP_009302780.1,minor_tail
4541,YP_009302781.1,minor_tail
4542,YP_009302782.1,minor_tail
4543,YP_009301457.1,minor_tail
4544,YP_009300978.1,minor_tail
4545,YP_009300979.1,minor_tail
4546,YP_009300980.1,minor_tail
4547,YP_009603301.1,minor_tail
4548,YP_009603303.1,minor_tail
4549,YP_009291362.1,minor_tail
4550,YP_009291363.1,minor_tail
4551,YP_009276476.1,minor_tail
4552,YP_009276478.1,minor_tail
4553,YP_009276723.1,minor_tail
4554,YP_009276738.1,minor_tail
4555,YP_009274140.1,minor_tail
4556,YP_009274155.1,minor_tail
4557,YP_009274157.1,minor_tail
4558,YP_009275093.1,minor_tail
4559,YP_009275094.1,minor_tail
4560,YP_009275095.1,minor_tail
4561,YP_009274253.1,minor_tail
4562,YP_009274262.1,minor_tail
4563,YP_009273415.1,minor_tail
4564,YP_009273416.1,minor_tail
4565,YP_009290988.1,minor_tail
4566,YP_009290989.1,minor_tail
4567,YP_009282268.1,minor_tail
4568,YP_009282270.1,minor_tail
4569,YP_009596685.1,minor_tail
4570,YP_009596686.1,minor_tail
4571,YP_009599174.1,minor_tail
4572,YP_009599333.1,minor_tail
4573,YP_009790192.1,minor_tail
4574,YP_009834062.1,minor_tail
4575,YP_009834063.1,minor_tail
4576,YP_009610037.1,minor_tail
4577,YP_009610039.1,minor_tail
4578,YP_009610040.1,minor_tail
4579,YP_009610146.1,minor_tail
4580,YP_009610147.1,minor_tail
4581,YP_009610165.1,minor_tail
4582,YP_009791010.1,minor_tail
4583,YP_009612485.1,minor_tail
4584,YP_009612554.1,minor_tail
4585,YP_009612555.1,minor_tail
4586,YP_009615102.1,minor_tail
4587,YP_009615105.1,minor_tail
4588,YP_009804430.1,minor_tail
4589,YP_009615785.1,minor_tail
4590,YP_009615788.1,minor_tail
4591,YP_009795607.1,minor_tail
4592,YP_009795608.1,minor_tail
4593,YP_009795609.1,minor_tail
4594,YP_009620454.1,minor_tail
4595,YP_009620457.1,minor_tail
4596,YP_009621073.1,minor_tail
4597,YP_009804572.1,minor_tail
4598,YP_009622078.1,minor_tail
4599,YP_009622080.1,minor_tail
4600,YP_009622277.1,minor_tail
4601,YP_009797870.1,minor_tail
4602,YP_009797871.1,minor_tail
4603,YP_009797872.1,minor_tail
4604,YP_009824795.1,minor_tail
4605,YP_009824796.1,minor_tail
4606,YP_009824797.1,minor_tail
4607,YP_009622409.1,minor_tail
4608,YP_009836995.1,minor_tail
4609,YP_009836996.1,minor_tail
4610,YP_009836997.1,minor_tail
4611,YP_009622614.1,minor_tail
4612,YP_009622985.1,minor_tail
4613,YP_009622988.1,minor_tail
4614,YP_009624834.1,minor_tail
4615,YP_009802289.1,minor_tail
4616,YP_009802984.1,minor_tail
4617,YP_009838167.1,minor_tail
4618,YP_009838168.1,minor_tail
4619,YP_009806066.1,minor_tail
4620,YP_009805290.1,minor_tail
4621,YP_009805593.1,minor_tail
4622,YP_009805903.1,minor_tail
4623,YP_009806796.1,minor_tail
4624,YP_009839007.1,minor_tail
4625,YP_009839238.1,minor_tail
4626,YP_009840837.1,minor_tail
4627,YP_009881697.1,minor_tail
4628,YP_009881699.1,minor_tail
4629,YP_009881700.1,minor_tail
4630,YP_009824375.1,minor_tail
4631,YP_009824665.1,minor_tail
4632,YP_009815151.1,minor_tail
4633,YP_009816804.1,minor_tail
4634,YP_009843021.1,minor_tail
4635,YP_009843022.1,minor_tail
4636,YP_009843023.1,minor_tail
4637,YP_009819420.1,minor_tail
4638,YP_009819010.1,minor_tail
4639,YP_009845363.1,minor_tail
4640,YP_009846043.1,minor_tail
4641,YP_009846044.1,minor_tail
4642,YP_009846045.1,minor_tail
4643,YP_009848308.1,minor_tail
4644,YP_009848309.1,minor_tail
4645,YP_009848310.1,minor_tail
4646,YP_009884509.1,minor_tail
4647,YP_009884511.1,minor_tail
4648,YP_009884512.1,minor_tail
4649,YP_009852384.1,minor_tail
4650,YP_009852583.1,minor_tail
4651,YP_009852482.1,minor_tail
4652,YP_009852681.1,minor_tail
4653,YP_009852331.1,minor_tail
4654,YP_009853241.1,minor_tail
4655,YP_009853271.1,minor_tail
4656,YP_009853272.1,minor_tail
4657,YP_009853273.1,minor_tail
4658,YP_009853985.1,minor_tail
4659,YP_006382444.1,minor_tail
4660,YP_009885946.1,minor_tail
4661,YP_009885948.1,minor_tail
4662,YP_009885949.1,minor_tail
4663,YP_009856314.1,minor_tail
4664,YP_009856315.1,minor_tail
4665,YP_009856316.1,minor_tail
4666,YP_009856538.1,minor_tail
4667,YP_009887289.1,minor_tail
4668,YP_009198887.1,minor_tail
4669,YP_009189986.1,minor_tail
4670,YP_010002507.1,minor_tail
4671,YP_010002508.1,minor_tail
4672,YP_010002513.1,minor_tail
4673,YP_010001495.1,minor_tail
4674,YP_010002863.1,minor_tail
4675,YP_010002872.1,minor_tail
4676,YP_010002783.1,minor_tail
4677,YP_010002336.1,minor_tail
4678,YP_010002337.1,minor_tail
4679,YP_010002251.1,minor_tail
4680,YP_010002252.1,minor_tail
4681,YP_010002421.1,minor_tail
4682,YP_010002422.1,minor_tail
4683,YP_010002427.1,minor_tail
4684,YP_010001659.1,minor_tail
4685,YP_010001744.1,minor_tail
4686,YP_010001413.1,minor_tail
4687,YP_010002591.1,minor_tail
4688,YP_010013518.1,minor_tail
4689,YP_009303172.1,minor_tail
4690,YP_009303173.1,minor_tail
4691,YP_009303176.1,minor_tail
4692,YP_010049693.1,minor_tail
4693,YP_010049696.1,minor_tail
4694,YP_010050001.1,minor_tail
4695,YP_010050371.1,minor_tail
4696,YP_010050310.1,minor_tail
4697,YP_010050062.1,minor_tail
4698,YP_010050489.1,minor_tail
4699,YP_010050429.1,minor_tail
4700,YP_010050431.1,minor_tail
4701,YP_010050437.1,minor_tail
4702,YP_010049813.1,minor_tail
4703,YP_010049815.1,minor_tail
4704,YP_010049939.1,minor_tail
4705,YP_010050188.1,minor_tail
4706,YP_010050190.1,minor_tail
4707,YP_010050555.1,minor_tail
4708,YP_010049874.1,minor_tail
4709,YP_010050246.1,minor_tail
4710,YP_010050119.1,minor_tail
4711,YP_010050121.1,minor_tail
4712,YP_010050812.1,minor_tail
4713,YP_010050960.1,minor_tail
4714,YP_010050892.1,minor_tail
4715,YP_010051112.1,minor_tail
4716,YP_010051113.1,minor_tail
4717,YP_010051041.1,minor_tail
4718,YP_010051302.1,minor_tail
4719,YP_010051489.1,minor_tail
4720,YP_010051427.1,minor_tail
4721,YP_010051753.1,minor_tail
4722,YP_010051362.1,minor_tail
4723,YP_010051557.1,minor_tail
4724,YP_010051624.1,minor_tail
4725,YP_010051687.1,minor_tail
4726,YP_010059435.1,minor_tail
4727,YP_010060234.1,minor_tail
4728,YP_010060235.1,minor_tail
4729,YP_010082677.1,minor_tail
4730,YP_010082678.1,minor_tail
4731,YP_010089213.1,minor_tail
4732,YP_010089214.1,minor_tail
4733,YP_010089215.1,minor_tail
4734,YP_010082578.1,minor_tail
4735,YP_010082579.1,minor_tail
4736,YP_010082772.1,minor_tail
4737,YP_010082773.1,minor_tail
4738,YP_010096827.1,minor_tail
4739,YP_010096830.1,minor_tail
4740,YP_010096533.1,minor_tail
4741,YP_010097549.1,minor_tail
4742,YP_010097551.1,minor_tail
4743,YP_010097552.1,minor_tail
4744,YP_010099110.1,minor_tail
4745,YP_010099112.1,minor_tail
4746,YP_010099194.1,minor_tail
4747,YP_010099197.1,minor_tail
4748,YP_010099276.1,minor_tail
4749,YP_010099279.1,minor_tail
4750,YP_010099362.1,minor_tail
4751,YP_010099532.1,minor_tail
4752,YP_010099614.1,minor_tail
4753,YP_010099617.1,minor_tail
4754,YP_010103327.1,minor_tail
4755,YP_010103330.1,minor_tail
4756,YP_010102459.1,minor_tail
4757,YP_010104445.1,minor_tail
4758,YP_010104531.1,minor_tail
4759,YP_010104534.1,minor_tail
4760,YP_010108071.1,minor_tail
4761,YP_010109568.1,minor_tail
4762,YP_010109569.1,minor_tail
4763,YP_010109570.1,minor_tail
4764,YP_009613853.1,minor_tail
4765,YP_005087241.1,minor_tail
4766,YP_005087242.1,minor_tail
4767,YP_009004650.1,minor_tail
4768,YP_009003193.1,minor_tail
4769,YP_009042543.1,minor_tail
4770,YP_009042544.1,minor_tail
4771,YP_009042545.1,minor_tail
4772,YP_009125194.1,minor_tail
4773,YP_009125195.1,minor_tail
4774,YP_009125196.1,minor_tail
4775,YP_009125198.1,minor_tail
4776,YP_009125199.1,minor_tail
4777,YP_009125202.1,minor_tail
4778,YP_009905444.1,minor_tail
4779,YP_009950173.1,minor_tail
4780,YP_010002169.1,minor_tail
4781,YP_009980626.1,minor_tail
4782,YP_009951012.1,minor_tail
4783,YP_009951014.1,minor_tail
4784,YP_009841041.1,minor_tail
4785,YP_009841042.1,minor_tail
4786,YP_009841045.1,minor_tail
4787,YP_009841046.1,minor_tail
4788,YP_010062062.1,minor_tail
4789,YP_009953014.1,minor_tail
4790,YP_009956044.1,minor_tail
4791,YP_009956045.1,minor_tail
4792,YP_009956047.1,minor_tail
4793,YP_009956048.1,minor_tail
4794,YP_007947938.1,minor_tail
4795,YP_007947942.1,minor_tail
4796,NP_046843.1,minor_tail
4797,NP_046847.1,minor_tail
4798,NP_042314.1,minor_tail
4799,NP_817992.1,minor_tail
4800,NP_817997.1,minor_tail
4801,NP_817998.1,minor_tail
4802,YP_003090192.1,minor_tail
4803,YP_579217.1,minor_tail
4804,YP_001469248.1,minor_tail
4805,YP_001469249.1,minor_tail
4806,YP_001469250.1,minor_tail
4807,YP_001469251.1,minor_tail
4808,YP_009617243.1,minor_tail
4809,YP_009617247.1,minor_tail
4810,YP_002274277.1,minor_tail
4811,YP_009031375.1,minor_tail
4812,YP_009613647.1,minor_tail
4813,YP_004934049.1,minor_tail
4814,YP_007238123.1,minor_tail
4815,YP_009636206.1,minor_tail
4816,YP_009636207.1,minor_tail
4817,YP_009636208.1,minor_tail
4818,YP_009591185.1,minor_tail
4819,YP_009636430.1,minor_tail
4820,YP_009636431.1,minor_tail
4821,YP_009636545.1,minor_tail
4822,YP_009636639.1,minor_tail
4823,YP_009636640.1,minor_tail
4824,YP_009636752.1,minor_tail
4825,YP_009637463.1,minor_tail
4826,YP_009636846.1,minor_tail
4827,YP_009636949.1,minor_tail
4828,YP_009636950.1,minor_tail
4829,YP_009636951.1,minor_tail
4830,YP_009637158.1,minor_tail
4831,YP_009637159.1,minor_tail
4832,YP_009637275.1,minor_tail
4833,YP_009637276.1,minor_tail
4834,YP_009605021.1,minor_tail
4835,YP_009605022.1,minor_tail
4836,YP_009605023.1,minor_tail
4837,YP_009605024.1,minor_tail
4838,YP_009607954.1,minor_tail
4839,YP_009607956.1,minor_tail
4840,YP_009607755.1,minor_tail
4841,YP_009635524.1,minor_tail
4842,YP_009635866.1,minor_tail
4843,YP_009208431.1,minor_tail
4844,YP_009208433.1,minor_tail
4845,YP_009208435.1,minor_tail
4846,YP_009591322.1,minor_tail
4847,YP_009591323.1,minor_tail
4848,YP_009591324.1,minor_tail
4849,YP_009591325.1,minor_tail
4850,YP_009608197.1,minor_tail
4851,YP_009608198.1,minor_tail
4852,YP_009608199.1,minor_tail
4853,YP_009608200.1,minor_tail
4854,YP_009608201.1,minor_tail
4855,YP_009608090.1,minor_tail
4856,YP_009608091.1,minor_tail
4857,YP_009608092.1,minor_tail
4858,YP_009637834.1,minor_tail
4859,YP_009637907.1,minor_tail
4860,YP_009637926.1,minor_tail
4861,YP_009018045.1,minor_tail
4862,YP_009018046.1,minor_tail
4863,YP_009018047.1,minor_tail
4864,YP_009017014.1,minor_tail
4865,YP_009011784.1,minor_tail
4866,YP_009011786.1,minor_tail
4867,YP_009017606.1,minor_tail
4868,YP_009017607.1,minor_tail
4869,YP_009638110.1,minor_tail
4870,YP_009638111.1,minor_tail
4871,YP_009017161.1,minor_tail
4872,YP_009013923.1,minor_tail
4873,YP_009014193.1,minor_tail
4874,YP_009604801.1,minor_tail
4875,YP_009604804.1,minor_tail
4876,YP_009017082.1,minor_tail
4877,YP_009014015.1,minor_tail
4878,YP_009012712.1,minor_tail
4879,YP_009012713.1,minor_tail
4880,YP_009604885.1,minor_tail
4881,YP_009604886.1,minor_tail
4882,YP_009604887.1,minor_tail
4883,YP_009013034.1,minor_tail
4884,YP_009014518.1,minor_tail
4885,YP_009638288.1,minor_tail
4886,YP_009607835.1,minor_tail
4887,YP_009607836.1,minor_tail
4888,YP_009607839.1,minor_tail
4889,YP_007112146.1,minor_tail
4890,YP_007112552.1,minor_tail
4891,YP_007112556.1,minor_tail
4892,YP_007111788.1,minor_tail
4893,YP_007111792.1,minor_tail
4894,YP_007111512.1,minor_tail
4895,YP_007111514.1,minor_tail
4896,YP_007111518.1,minor_tail
4897,YP_007111386.1,minor_tail
4898,YP_007112083.1,minor_tail
4899,YP_007112085.1,minor_tail
4900,YP_007112089.1,minor_tail
4901,YP_007112352.1,minor_tail
4902,YP_007112354.1,minor_tail
4903,YP_007112358.1,minor_tail
4904,YP_009607666.1,minor_tail
4905,YP_009607667.1,minor_tail
4906,YP_009016292.1,minor_tail
4907,YP_009016293.1,minor_tail
4908,YP_009016297.1,minor_tail
4909,YP_006382945.1,minor_tail
4910,YP_009638484.1,minor_tail
4911,YP_009638481.1,minor_tail
4912,YP_009638687.1,minor_tail
4913,YP_009638774.1,minor_tail
4914,YP_009591865.1,minor_tail
4915,YP_009591866.1,minor_tail
4916,YP_009591870.1,minor_tail
4917,YP_009591990.1,minor_tail
4918,YP_009591991.1,minor_tail
4919,YP_009591993.1,minor_tail
4920,YP_009591992.1,minor_tail
4921,YP_007677435.1,minor_tail
4922,YP_007869829.1,minor_tail
4923,YP_007869832.1,minor_tail
4924,YP_008050959.1,minor_tail
4925,YP_008050960.1,minor_tail
4926,YP_008050961.1,minor_tail
4927,YP_008051648.1,minor_tail
4928,YP_008051650.1,minor_tail
4929,YP_008051652.1,minor_tail
4930,YP_008051243.1,minor_tail
4931,YP_008051246.1,minor_tail
4932,YP_008051878.1,minor_tail
4933,YP_008051881.1,minor_tail
4934,YP_008050792.1,minor_tail
4935,YP_008050797.1,minor_tail
4936,YP_008051959.1,minor_tail
4937,YP_008051961.1,minor_tail
4938,YP_008051503.1,minor_tail
4939,YP_008051505.1,minor_tail
4940,YP_008060184.1,minor_tail
4941,YP_008058298.1,minor_tail
4942,YP_008408974.1,minor_tail
4943,YP_008408975.1,minor_tail
4944,YP_008408976.1,minor_tail
4945,YP_008408977.1,minor_tail
4946,YP_008410194.1,minor_tail
4947,YP_008410195.1,minor_tail
4948,YP_008410196.1,minor_tail
4949,YP_008410427.1,minor_tail
4950,YP_008410428.1,minor_tail
4951,YP_008430681.1,minor_tail
4952,YP_008430682.1,minor_tail
4953,YP_008409079.1,minor_tail
4954,YP_008409080.1,minor_tail
4955,YP_008409082.1,minor_tail
4956,YP_008410040.1,minor_tail
4957,YP_008410042.1,minor_tail
4958,YP_009219094.1,minor_tail
4959,YP_008409417.1,minor_tail
4960,YP_008409419.1,minor_tail
4961,YP_008430882.1,minor_tail
4962,YP_008430883.1,minor_tail
4963,YP_008410804.1,minor_tail
4964,YP_008410805.1,minor_tail
4965,YP_008410809.1,minor_tail
4966,YP_008430539.1,minor_tail
4967,YP_008430541.1,minor_tail
4968,YP_008409322.1,minor_tail
4969,YP_008859460.1,minor_tail
4970,YP_008859462.1,minor_tail
4971,YP_008858303.1,minor_tail
4972,YP_008858305.1,minor_tail
4973,YP_008857510.1,minor_tail
4974,YP_008857512.1,minor_tail
4975,YP_008858454.1,minor_tail
4976,YP_008856800.1,minor_tail
4977,YP_008857959.1,minor_tail
4978,YP_008858565.1,minor_tail
4979,YP_008859137.1,minor_tail
4980,YP_009002675.1,minor_tail
4981,YP_009055355.1,minor_tail
4982,YP_009005771.1,minor_tail
4983,YP_009005588.1,minor_tail
4984,YP_009004389.1,minor_tail
4985,YP_009004392.1,minor_tail
4986,YP_008858214.1,minor_tail
4987,YP_008859029.1,minor_tail
4988,YP_008859048.1,minor_tail
4989,YP_008858751.1,minor_tail
4990,YP_008858753.1,minor_tail
4991,YP_009004357.1,minor_tail
4992,YP_009005869.1,minor_tail
4993,YP_009007223.1,minor_tail
4994,YP_009006619.1,minor_tail
4995,YP_009006622.1,minor_tail
4996,YP_009007482.1,minor_tail
4997,YP_009007483.1,minor_tail
4998,YP_009007484.1,minor_tail
4999,YP_009007485.1,minor_tail
5000,YP_009007486.1,minor_tail
5001,YP_009007487.1,minor_tail
5002,YP_009007490.1,minor_tail
5003,YP_009007491.1,minor_tail
5004,YP_009031213.1,minor_tail
5005,YP_009009864.1,minor_tail
5006,YP_009021597.1,minor_tail
5007,YP_009021598.1,minor_tail
5008,YP_009021602.1,minor_tail
5009,YP_009009073.1,minor_tail
5010,YP_009009766.1,minor_tail
5011,YP_009010010.1,minor_tail
5012,YP_009010012.1,minor_tail
5013,YP_009031890.1,minor_tail
5014,YP_009032415.1,minor_tail
5015,YP_009032416.1,minor_tail
5016,YP_009032418.1,minor_tail
5017,YP_009963937.1,minor_tail
5018,YP_009963942.1,minor_tail
5019,YP_009963943.1,minor_tail
5020,YP_009055857.1,minor_tail
5021,YP_009043812.1,minor_tail
5022,YP_009152376.1,minor_tail
5023,YP_009151393.1,minor_tail
5024,YP_009124568.1,minor_tail
5025,YP_009124569.1,minor_tail
5026,YP_009124570.1,minor_tail
5027,YP_009124572.1,minor_tail
5028,YP_009123991.1,minor_tail
5029,YP_009123992.1,minor_tail
5030,YP_009123993.1,minor_tail
5031,YP_009123994.1,minor_tail
5032,YP_009123997.1,minor_tail
5033,YP_009123998.1,minor_tail
5034,YP_009208908.1,minor_tail
5035,YP_009208909.1,minor_tail
5036,YP_009124949.1,minor_tail
5037,YP_009125010.1,minor_tail
5038,YP_009125011.1,minor_tail
5039,YP_009125012.1,minor_tail
5040,YP_009125013.1,minor_tail
5041,YP_009124206.1,minor_tail
5042,YP_009124207.1,minor_tail
5043,YP_009124208.1,minor_tail
5044,YP_009124209.1,minor_tail
5045,YP_009124211.1,minor_tail
5046,YP_009201656.1,minor_tail
5047,YP_009201658.1,minor_tail
5048,YP_009209564.1,minor_tail
5049,YP_009209565.1,minor_tail
5050,YP_009209566.1,minor_tail
5051,YP_009209567.1,minor_tail
5052,YP_009209568.1,minor_tail
5053,YP_009209572.1,minor_tail
5054,YP_009205165.1,minor_tail
5055,YP_009205167.1,minor_tail
5056,YP_009224152.1,minor_tail
5057,YP_009197143.1,minor_tail
5058,YP_009221036.1,minor_tail
5059,YP_009221040.1,minor_tail
5060,YP_009205402.1,minor_tail
5061,YP_009205406.1,minor_tail
5062,YP_009213252.1,minor_tail
5063,YP_009213253.1,minor_tail
5064,YP_009213254.1,minor_tail
5065,YP_009213255.1,minor_tail
5066,YP_009123893.1,minor_tail
5067,YP_009123894.1,minor_tail
5068,YP_009222388.1,minor_tail
5069,YP_009125973.1,minor_tail
5070,YP_009125976.1,minor_tail
5071,YP_009125495.1,minor_tail
5072,YP_009125496.1,minor_tail
5073,YP_009125498.1,minor_tail
5074,YP_009209043.1,minor_tail
5075,YP_009209045.1,minor_tail
5076,YP_009209065.1,minor_tail
5077,YP_009209068.1,minor_tail
5078,YP_009209069.1,minor_tail
5079,YP_009209070.1,minor_tail
5080,YP_009212768.1,minor_tail
5081,YP_009212770.1,minor_tail
5082,YP_009198361.1,minor_tail
5083,YP_009198364.1,minor_tail
5084,YP_009210377.1,minor_tail
5085,YP_009210378.1,minor_tail
5086,YP_009210382.1,minor_tail
5087,YP_009225310.1,minor_tail
5088,YP_009225312.1,minor_tail
5089,YP_009225314.1,minor_tail
5090,YP_009225315.1,minor_tail
5091,YP_009277987.1,minor_tail
5092,YP_009603633.1,minor_tail
5093,YP_009159972.1,minor_tail
5094,YP_009198121.1,minor_tail
5095,YP_009198122.1,minor_tail
5096,YP_009198123.1,minor_tail
5097,YP_009198124.1,minor_tail
5098,YP_009204113.1,minor_tail
5099,YP_009198795.1,minor_tail
5100,YP_009211179.1,minor_tail
5101,YP_009211180.1,minor_tail
5102,YP_009211181.1,minor_tail
5103,YP_009211182.1,minor_tail
5104,YP_009198985.1,minor_tail
5105,YP_009198995.1,minor_tail
5106,YP_009206735.1,minor_tail
5107,YP_009206736.1,minor_tail
5108,YP_009206737.1,minor_tail
5109,YP_009199820.1,minor_tail
5110,YP_009194540.1,minor_tail
5111,YP_009194541.1,minor_tail
5112,YP_009194542.1,minor_tail
5113,YP_009194543.1,minor_tail
5114,YP_009194544.1,minor_tail
5115,YP_009194545.1,minor_tail
5116,YP_009224290.1,minor_tail
5117,YP_009224292.1,minor_tail
5118,YP_009197691.1,minor_tail
5119,YP_009197693.1,minor_tail
5120,YP_009592386.1,minor_tail
5121,YP_009212047.1,minor_tail
5122,YP_009206912.1,minor_tail
5123,YP_009206913.1,minor_tail
5124,YP_009202533.1,minor_tail
5125,YP_009202534.1,minor_tail
5126,YP_009202535.1,minor_tail
5127,YP_009202541.1,minor_tail
5128,YP_009193915.1,minor_tail
5129,YP_009193918.1,minor_tail
5130,YP_009207688.1,minor_tail
5131,YP_009214694.1,minor_tail
5132,YP_009214699.1,minor_tail
5133,YP_009206450.1,minor_tail
5134,YP_009206451.1,minor_tail
5135,YP_009211106.1,minor_tail
5136,YP_009211108.1,minor_tail
5137,YP_009211109.1,minor_tail
5138,YP_009214375.1,minor_tail
5139,YP_009214376.1,minor_tail
5140,YP_009214377.1,minor_tail
5141,YP_009214378.1,minor_tail
5142,YP_009214382.1,minor_tail
5143,YP_009214383.1,minor_tail
5144,YP_009199699.1,minor_tail
5145,YP_009199700.1,minor_tail
5146,YP_009199701.1,minor_tail
5147,YP_009199702.1,minor_tail
5148,YP_009208756.1,minor_tail
5149,YP_009208757.1,minor_tail
5150,YP_009208758.1,minor_tail
5151,YP_009208760.1,minor_tail
5152,YP_009208763.1,minor_tail
5153,YP_009208764.1,minor_tail
5154,YP_009201040.1,minor_tail
5155,YP_009201041.1,minor_tail
5156,YP_009211736.1,minor_tail
5157,YP_009211737.1,minor_tail
5158,YP_010012476.1,minor_tail
5159,YP_010012477.1,minor_tail
5160,YP_009210711.1,minor_tail
5161,YP_009193654.1,minor_tail
5162,YP_009214293.1,minor_tail
5163,YP_009214294.1,minor_tail
5164,YP_009195267.1,minor_tail
5165,YP_009195268.1,minor_tail
5166,YP_009195270.1,minor_tail
5167,YP_009208103.1,minor_tail
5168,YP_009189897.1,minor_tail
5169,YP_009615845.1,minor_tail
5170,YP_009187171.1,minor_tail
5171,YP_009187172.1,minor_tail
5172,YP_009187173.1,minor_tail
5173,YP_009187174.1,minor_tail
5174,YP_009187176.1,minor_tail
5175,YP_009187179.1,minor_tail
5176,YP_009187180.1,minor_tail
5177,YP_009190862.1,minor_tail
5178,YP_009190890.1,minor_tail
5179,YP_009304684.1,minor_tail
5180,YP_009304688.1,minor_tail
5181,YP_009301850.1,minor_tail
5182,YP_009301856.1,minor_tail
5183,YP_009289973.1,minor_tail
5184,YP_009303483.1,minor_tail
5185,YP_009304588.1,minor_tail
5186,YP_009304592.1,minor_tail
5187,YP_009278566.1,minor_tail
5188,YP_009304926.1,minor_tail
5189,YP_009304935.1,minor_tail
5190,YP_009302332.1,minor_tail
5191,YP_009595709.1,minor_tail
5192,YP_009616871.1,minor_tail
5193,YP_009616875.1,minor_tail
5194,YP_009304210.1,minor_tail
5195,YP_009300801.1,minor_tail
5196,YP_009304132.1,minor_tail
5197,YP_009304133.1,minor_tail
5198,YP_009304142.1,minor_tail
5199,YP_009304144.1,minor_tail
5200,YP_009301379.1,minor_tail
5201,YP_009286063.1,minor_tail
5202,YP_009301760.1,minor_tail
5203,YP_009301761.1,minor_tail
5204,YP_009301773.1,minor_tail
5205,YP_009301774.1,minor_tail
5206,YP_009303401.1,minor_tail
5207,YP_009302854.1,minor_tail
5208,YP_009302855.1,minor_tail
5209,YP_009302862.1,minor_tail
5210,YP_009304348.1,minor_tail
5211,YP_009303963.1,minor_tail
5212,YP_009303967.1,minor_tail
5213,YP_009303775.1,minor_tail
5214,YP_009303778.1,minor_tail
5215,YP_009282056.1,minor_tail
5216,YP_009276645.1,minor_tail
5217,YP_009276646.1,minor_tail
5218,YP_009276655.1,minor_tail
5219,YP_009275585.1,minor_tail
5220,YP_009274963.1,minor_tail
5221,YP_009274964.1,minor_tail
5222,YP_009283274.1,minor_tail
5223,YP_009291264.1,minor_tail
5224,YP_009291265.1,minor_tail
5225,YP_009291269.1,minor_tail
5226,YP_009977160.1,minor_tail
5227,YP_010056649.1,minor_tail
5228,YP_009981641.1,minor_tail
5229,YP_009288149.1,minor_tail
5230,YP_009291469.1,minor_tail
5231,YP_009287235.1,minor_tail
5232,YP_009287236.1,minor_tail
5233,YP_009287245.1,minor_tail
5234,YP_009287247.1,minor_tail
5235,YP_009291974.1,minor_tail
5236,YP_009291984.1,minor_tail
5237,YP_009291986.1,minor_tail
5238,YP_009291973.1,minor_tail
5239,YP_009289840.1,minor_tail
5240,YP_009596233.1,minor_tail
5241,YP_009284804.1,minor_tail
5242,YP_009284806.1,minor_tail
5243,YP_009289678.1,minor_tail
5244,YP_009596602.1,minor_tail
5245,YP_009596606.1,minor_tail
5246,YP_009958557.1,minor_tail
5247,YP_009958558.1,minor_tail
5248,YP_009958560.1,minor_tail
5249,YP_009958561.1,minor_tail
5250,YP_009958563.1,minor_tail
5251,YP_009596821.1,minor_tail
5252,YP_009596880.1,minor_tail
5253,YP_009596883.1,minor_tail
5254,YP_009597001.1,minor_tail
5255,YP_009597060.1,minor_tail
5256,YP_009979989.1,minor_tail
5257,YP_010062419.1,minor_tail
5258,YP_009963410.1,minor_tail
5259,YP_009963412.1,minor_tail
5260,YP_009963409.1,minor_tail
5261,YP_010061634.1,minor_tail
5262,YP_009962786.1,minor_tail
5263,YP_009962787.1,minor_tail
5264,YP_009962788.1,minor_tail
5265,YP_009962789.1,minor_tail
5266,YP_009956684.1,minor_tail
5267,YP_009956685.1,minor_tail
5268,YP_009956686.1,minor_tail
5269,YP_009956687.1,minor_tail
5270,YP_009956689.1,minor_tail
5271,YP_009980083.1,minor_tail
5272,YP_009977336.1,minor_tail
5273,YP_010013937.1,minor_tail
5274,YP_010013938.1,minor_tail
5275,YP_010013940.1,minor_tail
5276,YP_009955028.1,minor_tail
5277,YP_009955029.1,minor_tail
5278,YP_009955031.1,minor_tail
5279,YP_009955032.1,minor_tail
5280,YP_009962366.1,minor_tail
5281,YP_009962367.1,minor_tail
5282,YP_009962369.1,minor_tail
5283,YP_009962159.1,minor_tail
5284,YP_009962160.1,minor_tail
5285,YP_009962162.1,minor_tail
5286,YP_009962163.1,minor_tail
5287,YP_009905301.1,minor_tail
5288,YP_009958665.1,minor_tail
5289,YP_009958666.1,minor_tail
5290,YP_009958668.1,minor_tail
5291,YP_009958669.1,minor_tail
5292,YP_009951496.1,minor_tail
5293,YP_010063932.1,minor_tail
5294,YP_009961210.1,minor_tail
5295,YP_009961211.1,minor_tail
5296,YP_009961214.1,minor_tail
5297,YP_010059991.1,minor_tail
5298,YP_010012986.1,minor_tail
5299,YP_010012987.1,minor_tail
5300,YP_010012989.1,minor_tail
5301,YP_009964586.1,minor_tail
5302,YP_009964589.1,minor_tail
5303,YP_010012855.1,minor_tail
5304,YP_010012856.1,minor_tail
5305,YP_010012858.1,minor_tail
5306,YP_009626531.1,minor_tail
5307,YP_009964743.1,minor_tail
5308,YP_009964746.1,minor_tail
5309,YP_009951107.1,minor_tail
5310,YP_010012604.1,minor_tail
5311,YP_010012605.1,minor_tail
5312,YP_009962572.1,minor_tail
5313,YP_009962573.1,minor_tail
5314,YP_009962574.1,minor_tail
5315,YP_009962576.1,minor_tail
5316,YP_009962577.1,minor_tail
5317,YP_009610602.1,minor_tail
5318,YP_009610834.1,minor_tail
5319,YP_009610835.1,minor_tail
5320,YP_009611055.1,minor_tail
5321,YP_009611056.1,minor_tail
5322,YP_009611274.1,minor_tail
5323,YP_009611275.1,minor_tail
5324,YP_009611501.1,minor_tail
5325,YP_009611502.1,minor_tail
5326,YP_010064023.1,minor_tail
5327,YP_010062327.1,minor_tail
5328,YP_009964980.1,minor_tail
5329,YP_009964983.1,minor_tail
5330,YP_010062156.1,minor_tail
5331,YP_009956574.1,minor_tail
5332,YP_009956575.1,minor_tail
5333,YP_009956577.1,minor_tail
5334,YP_009956578.1,minor_tail
5335,YP_009956576.1,minor_tail
5336,YP_010056841.1,minor_tail
5337,YP_009961843.1,minor_tail
5338,YP_009961844.1,minor_tail
5339,YP_009961845.1,minor_tail
5340,YP_009961847.1,minor_tail
5341,YP_009961848.1,minor_tail
5342,YP_009981088.1,minor_tail
5343,YP_009963199.1,minor_tail
5344,YP_009963200.1,minor_tail
5345,YP_009963202.1,minor_tail
5346,YP_009963203.1,minor_tail
5347,YP_009615366.1,minor_tail
5348,YP_009615367.1,minor_tail
5349,YP_010063366.1,minor_tail
5350,YP_009964902.1,minor_tail
5351,YP_009964905.1,minor_tail
5352,YP_009955832.1,minor_tail
5353,YP_009955833.1,minor_tail
5354,YP_009955835.1,minor_tail
5355,YP_009955836.1,minor_tail
5356,YP_009963717.1,minor_tail
5357,YP_009963722.1,minor_tail
5358,YP_009963723.1,minor_tail
5359,YP_009978349.1,minor_tail
5360,YP_009961013.1,minor_tail
5361,YP_009961014.1,minor_tail
5362,YP_009961016.1,minor_tail
5363,YP_009961017.1,minor_tail
5364,YP_009961015.1,minor_tail
5365,YP_010052090.1,minor_tail
5366,YP_010060986.1,minor_tail
5367,YP_010061352.1,minor_tail
5368,YP_010061356.1,minor_tail
5369,YP_010051882.1,minor_tail
5370,YP_010051886.1,minor_tail
5371,YP_009623749.1,minor_tail
5372,YP_010056352.1,minor_tail
5373,YP_009960701.1,minor_tail
5374,YP_009960702.1,minor_tail
5375,YP_009960704.1,minor_tail
5376,YP_009960705.1,minor_tail
5377,YP_009960706.1,minor_tail
5378,YP_009622824.1,minor_tail
5379,YP_009976255.1,minor_tail
5380,YP_009957316.1,minor_tail
5381,YP_009957317.1,minor_tail
5382,YP_009957318.1,minor_tail
5383,YP_009957319.1,minor_tail
5384,YP_009957320.1,minor_tail
5385,YP_009980174.1,minor_tail
5386,YP_009977979.1,minor_tail
5387,YP_009961633.1,minor_tail
5388,YP_009961634.1,minor_tail
5389,YP_009961637.1,minor_tail
5390,YP_009961638.1,minor_tail
5391,YP_009954392.1,minor_tail
5392,YP_009954393.1,minor_tail
5393,YP_009954395.1,minor_tail
5394,YP_009954396.1,minor_tail
5395,YP_009980717.1,minor_tail
5396,YP_009976163.1,minor_tail
5397,YP_009976169.1,minor_tail
5398,YP_009977701.1,minor_tail
5399,YP_009978252.1,minor_tail
5400,YP_009979451.1,minor_tail
5401,YP_009960594.1,minor_tail
5402,YP_009960595.1,minor_tail
5403,YP_009960596.1,minor_tail
5404,YP_009960597.1,minor_tail
5405,YP_009960598.1,minor_tail
5406,YP_009977419.1,minor_tail
5407,YP_009978908.1,minor_tail
5408,YP_009959989.1,minor_tail
5409,YP_009959990.1,minor_tail
5410,YP_009959992.1,minor_tail
5411,YP_009959993.1,minor_tail
5412,YP_009954597.1,minor_tail
5413,YP_009954598.1,minor_tail
5414,YP_009954599.1,minor_tail
5415,YP_009954600.1,minor_tail
5416,YP_009954601.1,minor_tail
5417,YP_009978069.1,minor_tail
5418,YP_010060647.1,minor_tail
5419,YP_010063740.1,minor_tail
5420,YP_010063744.1,minor_tail
5421,YP_009960911.1,minor_tail
5422,YP_009960912.1,minor_tail
5423,YP_009960913.1,minor_tail
5424,YP_009960916.1,minor_tail
5425,YP_009955933.1,minor_tail
5426,YP_009955934.1,minor_tail
5427,YP_009955936.1,minor_tail
5428,YP_009959586.1,minor_tail
5429,YP_009959587.1,minor_tail
5430,YP_009959590.1,minor_tail
5431,YP_009959589.1,minor_tail
5432,YP_009837972.1,minor_tail
5433,YP_009837973.1,minor_tail
5434,YP_009837975.1,minor_tail
5435,YP_009977605.1,minor_tail
5436,YP_009965225.1,minor_tail
5437,YP_010056573.1,minor_tail
5438,YP_010095414.1,minor_tail
5439,YP_010095415.1,minor_tail
5440,YP_009954803.1,minor_tail
5441,YP_009954804.1,minor_tail
5442,YP_009954807.1,minor_tail
5443,YP_009954808.1,minor_tail
5444,YP_009959481.1,minor_tail
5445,YP_009959482.1,minor_tail
5446,YP_009959485.1,minor_tail
5447,YP_009959486.1,minor_tail
5448,YP_010061254.1,minor_tail
5449,YP_010061258.1,minor_tail
5450,YP_009958776.1,minor_tail
5451,YP_009958777.1,minor_tail
5452,YP_009958778.1,minor_tail
5453,YP_009958780.1,minor_tail
5454,YP_009979360.1,minor_tail
5455,YP_009979543.1,minor_tail
5456,YP_010061815.1,minor_tail
5457,YP_010096895.1,minor_tail
5458,YP_010096896.1,minor_tail
5459,YP_010096905.1,minor_tail
5460,YP_009806967.1,minor_tail
5461,YP_009806970.1,minor_tail
5462,YP_009955525.1,minor_tail
5463,YP_009955526.1,minor_tail
5464,YP_009955527.1,minor_tail
5465,YP_009955529.1,minor_tail
5466,YP_009978995.1,minor_tail
5467,YP_009960802.1,minor_tail
5468,YP_009960803.1,minor_tail
5469,YP_009960804.1,minor_tail
5470,YP_009960806.1,minor_tail
5471,YP_009960807.1,minor_tail
5472,YP_009962056.1,minor_tail
5473,YP_009962057.1,minor_tail
5474,YP_009962059.1,minor_tail
5475,YP_009962060.1,minor_tail
5476,YP_009979815.1,minor_tail
5477,YP_010096638.1,minor_tail
5478,YP_010096640.1,minor_tail
5479,YP_010096733.1,minor_tail
5480,YP_009957836.1,minor_tail
5481,YP_009957837.1,minor_tail
5482,YP_009957839.1,minor_tail
5483,YP_009976692.1,minor_tail
5484,YP_010013249.1,minor_tail
5485,YP_009980270.1,minor_tail
5486,YP_009980994.1,minor_tail
5487,YP_009839753.1,minor_tail
5488,YP_009957733.1,minor_tail
5489,YP_009957734.1,minor_tail
5490,YP_009957735.1,minor_tail
5491,YP_009957738.1,minor_tail
5492,YP_009958872.1,minor_tail
5493,YP_009958873.1,minor_tail
5494,YP_009958875.1,minor_tail
5495,YP_009959379.1,minor_tail
5496,YP_009959380.1,minor_tail
5497,YP_009959382.1,minor_tail
5498,YP_009959383.1,minor_tail
5499,YP_009979725.1,minor_tail
5500,YP_010052291.1,minor_tail
5501,YP_010052295.1,minor_tail
5502,YP_009976344.1,minor_tail
5503,YP_010051954.1,minor_tail
5504,YP_010051958.1,minor_tail
5505,YP_009977793.1,minor_tail
5506,YP_009956466.1,minor_tail
5507,YP_009956467.1,minor_tail
5508,YP_009956469.1,minor_tail
5509,YP_009956470.1,minor_tail
5510,YP_009957631.1,minor_tail
5511,YP_009957632.1,minor_tail
5512,YP_009957633.1,minor_tail
5513,YP_009957634.1,minor_tail
5514,YP_009957635.1,minor_tail
5515,YP_009958252.1,minor_tail
5516,YP_009958253.1,minor_tail
5517,YP_009958255.1,minor_tail
5518,YP_009958256.1,minor_tail
5519,YP_009960294.1,minor_tail
5520,YP_009960295.1,minor_tail
5521,YP_009960297.1,minor_tail
5522,YP_009960298.1,minor_tail
5523,YP_009961739.1,minor_tail
5524,YP_009961740.1,minor_tail
5525,YP_009961742.1,minor_tail
5526,YP_009961743.1,minor_tail
5527,YP_009962469.1,minor_tail
5528,YP_009962470.1,minor_tail
5529,YP_009962472.1,minor_tail
5530,YP_009957418.1,minor_tail
5531,YP_009957419.1,minor_tail
5532,YP_009957421.1,minor_tail
5533,YP_009957422.1,minor_tail
5534,YP_009841202.1,minor_tail
5535,YP_010001828.1,minor_tail
5536,YP_010097926.1,minor_tail
5537,YP_010097929.1,minor_tail
5538,YP_009958969.1,minor_tail
5539,YP_009958970.1,minor_tail
5540,YP_009958972.1,minor_tail
5541,YP_009958973.1,minor_tail
5542,YP_009955127.1,minor_tail
5543,YP_009955128.1,minor_tail
5544,YP_009955131.1,minor_tail
5545,YP_009955132.1,minor_tail
5546,YP_009950641.1,minor_tail
5547,YP_009950643.1,minor_tail
5548,YP_009979177.1,minor_tail
5549,YP_009960488.1,minor_tail
5550,YP_009960489.1,minor_tail
5551,YP_009960492.1,minor_tail
5552,YP_009960493.1,minor_tail
5553,YP_010051234.1,minor_tail
5554,YP_009954494.1,minor_tail
5555,YP_009954497.1,minor_tail
5556,YP_009959682.1,minor_tail
5557,YP_009959683.1,minor_tail
5558,YP_009959685.1,minor_tail
5559,YP_009959175.1,minor_tail
5560,YP_009959176.1,minor_tail
5561,YP_009959179.1,minor_tail
5562,YP_009959180.1,minor_tail
5563,YP_010001999.1,minor_tail
5564,YP_010001912.1,minor_tail
5565,YP_010001577.1,minor_tail
5566,YP_010099444.1,minor_tail
5567,YP_010099447.1,minor_tail
5568,YP_009957004.1,minor_tail
5569,YP_009957005.1,minor_tail
5570,YP_009957007.1,minor_tail
5571,YP_009957008.1,minor_tail
5572,YP_009963300.1,minor_tail
5573,YP_009963301.1,minor_tail
5574,YP_009963303.1,minor_tail
5575,YP_009963304.1,minor_tail
5576,YP_010063644.1,minor_tail
5577,YP_010063648.1,minor_tail
5578,YP_009980448.1,minor_tail
5579,YP_009977076.1,minor_tail
5580,YP_009977514.1,minor_tail
5581,YP_009963512.1,minor_tail
5582,YP_009963513.1,minor_tail
5583,YP_009963515.1,minor_tail
5584,YP_009963516.1,minor_tail
5585,YP_009963517.1,minor_tail
5586,YP_010064212.1,minor_tail
5587,YP_010060163.1,minor_tail
5588,YP_010064119.1,minor_tail
5589,YP_010100835.1,minor_tail
5590,YP_009961313.1,minor_tail
5591,YP_009961314.1,minor_tail
5592,YP_009961316.1,minor_tail
5593,YP_010100913.1,minor_tail
5594,YP_010100914.1,minor_tail
5595,YP_010100917.1,minor_tail
5596,YP_009976428.1,minor_tail
5597,YP_009981281.1,minor_tail
5598,YP_010101029.1,minor_tail
5599,YP_010101030.1,minor_tail
5600,YP_010101031.1,minor_tail
5601,YP_010101032.1,minor_tail
5602,YP_009980360.1,minor_tail
5603,YP_009961530.1,minor_tail
5604,YP_009961531.1,minor_tail
5605,YP_009961534.1,minor_tail
5606,YP_010061163.1,minor_tail
5607,YP_010061167.1,minor_tail
5608,YP_010101669.1,minor_tail
5609,YP_010101670.1,minor_tail
5610,YP_010101680.1,minor_tail
5611,YP_009955726.1,minor_tail
5612,YP_009955727.1,minor_tail
5613,YP_009955729.1,minor_tail
5614,YP_009955730.1,minor_tail
5615,YP_009977882.1,minor_tail
5616,YP_009964506.1,minor_tail
5617,YP_009964510.1,minor_tail
5618,YP_009961113.1,minor_tail
5619,YP_009961114.1,minor_tail
5620,YP_009961116.1,minor_tail
5621,YP_009961117.1,minor_tail
5622,YP_010061727.1,minor_tail
5623,YP_010060735.1,minor_tail
5624,YP_010101323.1,minor_tail
5625,YP_010101324.1,minor_tail
5626,YP_010101327.1,minor_tail
5627,YP_009962888.1,minor_tail
5628,YP_009962889.1,minor_tail
5629,YP_009962891.1,minor_tail
5630,YP_009962893.1,minor_tail
5631,YP_009962892.1,minor_tail
5632,YP_010101485.1,minor_tail
5633,YP_009820558.1,minor_tail
5634,YP_009956894.1,minor_tail
5635,YP_009956895.1,minor_tail
5636,YP_009956897.1,minor_tail
5637,YP_009956898.1,minor_tail
5638,YP_010052021.1,minor_tail
5639,YP_010061553.1,minor_tail
5640,YP_009980535.1,minor_tail
5641,YP_009980814.1,minor_tail
5642,YP_010001237.1,minor_tail
5643,YP_010001250.1,minor_tail
5644,YP_009981465.1,minor_tail
5645,YP_009822307.1,minor_tail
5646,YP_009822319.1,minor_tail
5647,YP_010101993.1,minor_tail
5648,YP_009964820.1,minor_tail
5649,YP_009964823.1,minor_tail
5650,YP_009964666.1,minor_tail
5651,YP_009961421.1,minor_tail
5652,YP_009961422.1,minor_tail
5653,YP_009961424.1,minor_tail
5654,YP_009961425.1,minor_tail
5655,YP_009961426.1,minor_tail
5656,YP_010102285.1,minor_tail
5657,YP_010102287.1,minor_tail
5658,YP_010102186.1,minor_tail
5659,YP_010102188.1,minor_tail
5660,YP_010102379.1,minor_tail
5661,YP_010102091.1,minor_tail
5662,YP_010102093.1,minor_tail
5663,YP_010103635.1,minor_tail
5664,YP_010052155.1,minor_tail
5665,YP_010052158.1,minor_tail
5666,YP_009848835.1,minor_tail
5667,YP_009848836.1,minor_tail
5668,YP_009848839.1,minor_tail
5669,YP_009848840.1,minor_tail
5670,YP_010103441.1,minor_tail
5671,YP_010103719.1,minor_tail
5672,YP_010103720.1,minor_tail
5673,YP_009976517.1,minor_tail
5674,YP_010054584.1,minor_tail
5675,YP_010063464.1,minor_tail
5676,YP_010103044.1,minor_tail
5677,YP_010103046.1,minor_tail
5678,YP_010002083.1,minor_tail
5679,YP_009976984.1,minor_tail
5680,YP_009959280.1,minor_tail
5681,YP_009959281.1,minor_tail
5682,YP_009959283.1,minor_tail
5683,YP_009959284.1,minor_tail
5684,YP_009848408.1,minor_tail
5685,YP_010102946.1,minor_tail
5686,YP_010102948.1,minor_tail
5687,YP_010102863.1,minor_tail
5688,YP_010102866.1,minor_tail
5689,YP_010059777.1,minor_tail
5690,YP_009956155.1,minor_tail
5691,YP_009956156.1,minor_tail
5692,YP_009956158.1,minor_tail
5693,YP_009956159.1,minor_tail
5694,YP_009956160.1,minor_tail
5695,YP_009965140.1,minor_tail
5696,YP_010060818.1,minor_tail
5697,YP_010103955.1,minor_tail
5698,YP_010056427.1,minor_tail
5699,YP_009976601.1,minor_tail
5700,YP_010001156.1,minor_tail
5701,YP_010013367.1,minor_tail
5702,YP_009965060.1,minor_tail
5703,YP_009965063.1,minor_tail
5704,YP_010013115.1,minor_tail
5705,YP_010013116.1,minor_tail
5706,YP_010013118.1,minor_tail
5707,YP_010104156.1,minor_tail
5708,YP_009954202.1,minor_tail
5709,YP_010056200.1,minor_tail
5710,YP_009958361.1,minor_tail
5711,YP_009958362.1,minor_tail
5712,YP_009958364.1,minor_tail
5713,YP_009958365.1,minor_tail
5714,YP_009960391.1,minor_tail
5715,YP_009960392.1,minor_tail
5716,YP_009960394.1,minor_tail
5717,YP_009960395.1,minor_tail
5718,YP_010104246.1,minor_tail
5719,YP_009978438.1,minor_tail
5720,YP_009957208.1,minor_tail
5721,YP_009957209.1,minor_tail
5722,YP_009957211.1,minor_tail
5723,YP_009957212.1,minor_tail
5724,YP_009958461.1,minor_tail
5725,YP_009958462.1,minor_tail
5726,YP_009958464.1,minor_tail
5727,YP_009958465.1,minor_tail
5728,YP_009978814.1,minor_tail
5729,YP_009959786.1,minor_tail
5730,YP_009959787.1,minor_tail
5731,YP_009959789.1,minor_tail
5732,YP_009959790.1,minor_tail
5733,YP_009959889.1,minor_tail
5734,YP_009959890.1,minor_tail
5735,YP_009959892.1,minor_tail
5736,YP_009959893.1,minor_tail
5737,YP_009962994.1,minor_tail
5738,YP_009962995.1,minor_tail
5739,YP_009962997.1,minor_tail
5740,YP_009962998.1,minor_tail
5741,YP_009962999.1,minor_tail
5742,YP_009964351.1,minor_tail
5743,YP_009954702.1,minor_tail
5744,YP_009954703.1,minor_tail
5745,YP_009954705.1,minor_tail
5746,YP_009954706.1,minor_tail
5747,YP_010061066.1,minor_tail
5748,YP_010061070.1,minor_tail
5749,YP_010063560.1,minor_tail
5750,YP_009955423.1,minor_tail
5751,YP_009955424.1,minor_tail
5752,YP_009955426.1,minor_tail
5753,YP_009955427.1,minor_tail
5754,YP_009956357.1,minor_tail
5755,YP_009956358.1,minor_tail
5756,YP_009956360.1,minor_tail
5757,YP_009956361.1,minor_tail
5758,YP_009956362.1,minor_tail
5759,YP_009956788.1,minor_tail
5760,YP_009956789.1,minor_tail
5761,YP_009956791.1,minor_tail
5762,YP_009956792.1,minor_tail
5763,YP_009978630.1,minor_tail
5764,YP_009978634.1,minor_tail
5765,YP_009978720.1,minor_tail
5766,YP_009978724.1,minor_tail
5767,YP_010105203.1,minor_tail
5768,YP_010105204.1,minor_tail
5769,YP_010105207.1,minor_tail
5770,YP_010105208.1,minor_tail
5771,YP_009980904.1,minor_tail
5772,YP_009981186.1,minor_tail
5773,YP_009962675.1,minor_tail
5774,YP_009962676.1,minor_tail
5775,YP_009962678.1,minor_tail
5776,YP_009962679.1,minor_tail
5777,YP_009981554.1,minor_tail
5778,YP_009981558.1,minor_tail
5779,YP_009976889.1,minor_tail
5780,YP_010060884.1,minor_tail
5781,YP_010060903.1,minor_tail
5782,YP_010105419.1,minor_tail
5783,YP_010105420.1,minor_tail
5784,YP_010105423.1,minor_tail
5785,YP_004934218.1,minor_tail
5786,YP_010064304.1,minor_tail
5787,YP_009964273.1,minor_tail
5788,YP_009976791.1,minor_tail
5789,YP_009957944.1,minor_tail
5790,YP_009957945.1,minor_tail
5791,YP_009957947.1,minor_tail
5792,YP_009957948.1,minor_tail
5793,YP_010001319.1,minor_tail
5794,YP_009856202.1,minor_tail
5795,YP_009856203.1,minor_tail
5796,YP_009856206.1,minor_tail
5797,YP_009959081.1,minor_tail
5798,YP_009959082.1,minor_tail
5799,YP_009954911.1,minor_tail
5800,YP_009954912.1,minor_tail
5801,YP_009954913.1,minor_tail
5802,YP_009954914.1,minor_tail
5803,YP_009954915.1,minor_tail
5804,YP_010001084.1,minor_tail
5805,YP_010001087.1,minor_tail
5806,YP_009964193.1,minor_tail
5807,YP_009963105.1,minor_tail
5808,YP_009963106.1,minor_tail
5809,YP_009963107.1,minor_tail
5810,YP_009963108.1,minor_tail
5811,YP_009963109.1,minor_tail
5812,YP_009956253.1,minor_tail
5813,YP_009956254.1,minor_tail
5814,YP_009956256.1,minor_tail
5815,YP_009956257.1,minor_tail
5816,YP_009956258.1,minor_tail
5817,YP_010107462.1,minor_tail
5818,YP_010107667.1,minor_tail
5819,YP_009979087.1,minor_tail
5820,YP_010055969.1,minor_tail
5821,YP_010056045.1,minor_tail
5822,YP_009964428.1,minor_tail
5823,YP_009964429.1,minor_tail
5824,YP_009964432.1,minor_tail
5825,YP_010063834.1,minor_tail
5826,YP_010052361.1,minor_tail
5827,YP_010052364.1,minor_tail
5828,YP_010051819.1,minor_tail
5829,YP_010052225.1,minor_tail
5830,YP_010109293.1,minor_tail
5831,YP_010109383.1,minor_tail
5832,YP_009963834.1,minor_tail
5833,YP_009963839.1,minor_tail
5834,YP_009963840.1,minor_tail
5835,YP_009963841.1,minor_tail
5836,YP_009978531.1,minor_tail
5837,YP_010110075.1,minor_tail
5838,YP_010013787.1,minor_tail
5839,YP_010013788.1,minor_tail
5840,YP_010013790.1,minor_tail
5841,YP_009979631.1,minor_tail
5842,YP_010013636.1,minor_tail
5843,YP_010013637.1,minor_tail
5844,YP_010013639.1,minor_tail
5845,YP_010014086.1,minor_tail
5846,YP_010014087.1,minor_tail
5847,YP_010014089.1,minor_tail
5848,YP_009978159.1,minor_tail
5849,YP_010109946.1,minor_tail
5850,YP_010109947.1,minor_tail
5851,YP_010109956.1,minor_tail
5852,YP_010109873.1,minor_tail
5853,YP_010109876.1,minor_tail
5854,YP_010109491.1,minor_tail
5855,YP_010109494.1,minor_tail
5856,YP_010109665.1,minor_tail
5857,YP_010109667.1,minor_tail
5858,YP_009979270.1,minor_tail
5859,YP_009957527.1,minor_tail
5860,YP_009957528.1,minor_tail
5861,YP_009957531.1,minor_tail
5862,YP_009957532.1,minor_tail
5863,YP_009958150.1,minor_tail
5864,YP_009958151.1,minor_tail
5865,YP_009958153.1,minor_tail
5866,YP_009958154.1,minor_tail
5867,YP_009960085.1,minor_tail
5868,YP_009960086.1,minor_tail
5869,YP_009960082.1,minor_tail
5870,YP_009960083.1,minor_tail
5871,YP_009960084.1,minor_tail
5872,YP_009960189.1,minor_tail
5873,YP_009960190.1,minor_tail
5874,YP_009960192.1,minor_tail
5875,YP_009960193.1,minor_tail
5876,YP_010056269.1,minor_tail
5877,YP_009961946.1,minor_tail
5878,YP_009961947.1,minor_tail
5879,YP_009961950.1,minor_tail
5880,YP_009961951.1,minor_tail
5881,YP_010012732.1,minor_tail
5882,YP_010012733.1,minor_tail
5883,YP_010012735.1,minor_tail
5884,YP_009981367.1,minor_tail
5885,YP_009962254.1,minor_tail
5886,YP_009962255.1,minor_tail
5887,YP_009962257.1,minor_tail
5888,YP_009962258.1,minor_tail
5889,YP_009955623.1,minor_tail
5890,YP_009955624.1,minor_tail
5891,YP_009955626.1,minor_tail
5892,YP_009955627.1,minor_tail
5893,YP_009957110.1,minor_tail
5894,YP_009957111.1,minor_tail
5895,YP_009957113.1,minor_tail
5896,YP_010113799.1,minor_tail
5897,YP_010113800.1,minor_tail
5898,YP_010113802.1,minor_tail
5899,YP_010113803.1,minor_tail
5900,YP_010114107.1,minor_tail
5901,YP_010114108.1,minor_tail
5902,YP_010114118.1,minor_tail
5903,YP_010114120.1,minor_tail
5904,YP_010114717.1,minor_tail
5905,YP_010114718.1,minor_tail
5906,YP_010114721.1,minor_tail
5907,YP_010056500.1,minor_tail
5908,YP_010114950.1,minor_tail
5909,YP_009997863.1,minor_tail
5910,YP_239284.1,minor_tail
5911,YP_009842508.1,minor_tail
5912,YP_009148724.1,minor_tail
5913,YP_007236702.1,minor_tail
5914,YP_009794593.1,minor_tail
5915,YP_009101283.1,minor_tail
5916,YP_001994757.1,minor_tail
5917,YP_004123841.1,minor_tail
5918,YP_009100127.1,minor_tail
5919,YP_009100128.1,minor_tail
5920,YP_009100130.1,minor_tail
5921,YP_009100838.1,minor_tail
5922,YP_009014893.1,minor_tail
5923,YP_009014898.1,minor_tail
5924,YP_009018253.1,minor_tail
5925,YP_001994846.1,minor_tail
5926,YP_005086973.1,minor_tail
5927,YP_005086974.1,minor_tail
5928,YP_007005380.1,minor_tail
5929,YP_007005382.1,minor_tail
5930,YP_009011936.1,minor_tail
5931,YP_009013220.1,minor_tail
5932,YP_009013481.1,minor_tail
5933,YP_009013670.1,minor_tail
5934,YP_009014422.1,minor_tail
5935,YP_009016012.1,minor_tail
5936,YP_009016094.1,minor_tail
5937,YP_009016095.1,minor_tail
5938,YP_009016096.1,minor_tail
5939,YP_009016097.1,minor_tail
5940,YP_009016387.1,minor_tail
5941,YP_009016389.1,minor_tail
5942,YP_009016720.1,minor_tail
5943,YP_009016908.1,minor_tail
5944,YP_009018891.1,minor_tail
5945,YP_009018892.1,minor_tail
5946,YP_009018893.1,minor_tail
5947,YP_009018894.1,minor_tail
5948,YP_009150891.1,minor_tail
5949,YP_009958058.1,minor_tail
5950,YP_009958060.1,minor_tail
5951,YP_009958061.1,minor_tail
5952,YP_009958063.1,minor_tail
5953,YP_008126608.1,minor_tail
5954,YP_008126609.1,minor_tail
5955,YP_008126610.1,minor_tail
5956,YP_008126611.1,minor_tail
5957,YP_008126268.1,minor_tail
5958,YP_008051141.1,minor_tail
5959,YP_008051142.1,minor_tail
5960,YP_008051143.1,minor_tail
5961,YP_008051144.1,minor_tail
5962,YP_008410692.1,minor_tail
5963,YP_008410697.1,minor_tail
5964,YP_008409553.1,minor_tail
5965,YP_008409554.1,minor_tail
5966,YP_008409555.1,minor_tail
5967,YP_008410584.1,minor_tail
5968,YP_008410585.1,minor_tail
5969,YP_008410586.1,minor_tail
5970,YP_008410587.1,minor_tail
5971,YP_008409758.1,minor_tail
5972,YP_008408676.1,minor_tail
5973,YP_008408677.1,minor_tail
5974,YP_008530490.1,minor_tail
5975,YP_008410892.1,minor_tail
5976,YP_008410893.1,minor_tail
5977,YP_009004476.1,minor_tail
5978,YP_009004479.1,minor_tail
5979,YP_009007310.1,minor_tail
5980,YP_009035927.1,minor_tail
5981,YP_009009581.1,minor_tail
5982,YP_009009582.1,minor_tail
5983,YP_009009584.1,minor_tail
5984,YP_009032248.1,minor_tail
5985,YP_009032249.1,minor_tail
5986,YP_009032251.1,minor_tail
5987,YP_009009224.1,minor_tail
5988,YP_009009225.1,minor_tail
5989,YP_009009227.1,minor_tail
5990,YP_009032071.1,minor_tail
5991,YP_009032076.1,minor_tail
5992,YP_009032513.1,minor_tail
5993,YP_009044018.1,minor_tail
5994,YP_009124756.1,minor_tail
5995,YP_009124757.1,minor_tail
5996,YP_009124765.1,minor_tail
5997,YP_009124769.1,minor_tail
5998,YP_009125869.1,minor_tail
5999,YP_009125870.1,minor_tail
6000,YP_009125871.1,minor_tail
6001,YP_009125398.1,minor_tail
6002,YP_009198455.1,minor_tail
6003,YP_009198458.1,minor_tail
6004,YP_009198241.1,minor_tail
6005,YP_009198244.1,minor_tail
6006,YP_009195128.1,minor_tail
6007,YP_009195131.1,minor_tail
6008,YP_009125296.1,minor_tail
6009,YP_009125297.1,minor_tail
6010,YP_009125298.1,minor_tail
6011,YP_009125299.1,minor_tail
6012,YP_009209415.1,minor_tail
6013,YP_009200642.1,minor_tail
6014,YP_009200643.1,minor_tail
6015,YP_009200644.1,minor_tail
6016,YP_009200645.1,minor_tail
6017,YP_009203298.1,minor_tail
6018,YP_009203302.1,minor_tail
6019,YP_009202296.1,minor_tail
6020,YP_009202297.1,minor_tail
6021,YP_009202298.1,minor_tail
6022,YP_009202299.1,minor_tail
6023,YP_009202300.1,minor_tail
6024,YP_009225793.1,minor_tail
6025,YP_009225794.1,minor_tail
6026,YP_009124670.1,minor_tail
6027,YP_009203087.1,minor_tail
6028,YP_009203091.1,minor_tail
6029,YP_009203092.1,minor_tail
6030,YP_009204208.1,minor_tail
6031,YP_009198054.1,minor_tail
6032,YP_009198055.1,minor_tail
6033,YP_009288331.1,minor_tail
6034,YP_009288337.1,minor_tail
6035,YP_009288339.1,minor_tail
6036,YP_009292044.1,minor_tail
6037,YP_009292050.1,minor_tail
6038,YP_009292052.1,minor_tail
6039,YP_009277883.1,minor_tail
6040,YP_009277889.1,minor_tail
6041,YP_009277891.1,minor_tail
6042,YP_009160242.1,minor_tail
6043,YP_009160248.1,minor_tail
6044,YP_009160250.2,minor_tail
6045,YP_009160063.1,minor_tail
6046,YP_009160069.1,minor_tail
6047,YP_009160071.1,minor_tail
6048,YP_009160197.1,minor_tail
6049,YP_009160203.1,minor_tail
6050,YP_009160205.1,minor_tail
6051,YP_009159836.1,minor_tail
6052,YP_009159842.1,minor_tail
6053,YP_009159844.1,minor_tail
6054,YP_009160287.1,minor_tail
6055,YP_009160293.1,minor_tail
6056,YP_009160295.1,minor_tail
6057,YP_009160107.1,minor_tail
6058,YP_009160113.1,minor_tail
6059,YP_009160115.1,minor_tail
6060,YP_009160016.1,minor_tail
6061,YP_009160022.1,minor_tail
6062,YP_009160024.1,minor_tail
6063,YP_009160152.1,minor_tail
6064,YP_009160158.1,minor_tail
6065,YP_009160160.1,minor_tail
6066,YP_009159926.1,minor_tail
6067,YP_009159932.1,minor_tail
6068,YP_009159934.2,minor_tail
6069,YP_009159882.1,minor_tail
6070,YP_009159888.1,minor_tail
6071,YP_009159890.2,minor_tail
6072,YP_009208298.1,minor_tail
6073,YP_009212657.1,minor_tail
6074,YP_009212658.1,minor_tail
6075,YP_009212660.1,minor_tail
6076,YP_009197604.1,minor_tail
6077,YP_009197609.1,minor_tail
6078,YP_009199540.1,minor_tail
6079,YP_009202405.1,minor_tail
6080,YP_009202406.1,minor_tail
6081,YP_009197013.1,minor_tail
6082,YP_009197014.1,minor_tail
6083,YP_009197017.1,minor_tail
6084,YP_009205063.1,minor_tail
6085,YP_009205068.1,minor_tail
6086,YP_009205484.1,minor_tail
6087,YP_009205485.1,minor_tail
6088,YP_009205487.1,minor_tail
6089,YP_009189737.1,minor_tail
6090,YP_009189738.1,minor_tail
6091,YP_009189739.1,minor_tail
6092,YP_009189742.1,minor_tail
6093,YP_009189745.1,minor_tail
6094,YP_009189746.1,minor_tail
6095,YP_009300707.1,minor_tail
6096,YP_009303577.1,minor_tail
6097,YP_009303581.1,minor_tail
6098,YP_009303854.1,minor_tail
6099,YP_009303855.1,minor_tail
6100,YP_009303856.1,minor_tail
6101,YP_009303858.1,minor_tail
6102,YP_009303859.1,minor_tail
6103,YP_009304276.1,minor_tail
6104,YP_009301098.1,minor_tail
6105,YP_009301106.1,minor_tail
6106,YP_009276168.1,minor_tail
6107,YP_009276169.1,minor_tail
6108,YP_009273090.1,minor_tail
6109,YP_009273091.1,minor_tail
6110,YP_009273093.1,minor_tail
6111,YP_009274466.1,minor_tail
6112,YP_009268953.1,minor_tail
6113,YP_009269170.1,minor_tail
6114,YP_009269171.1,minor_tail
6115,YP_009269330.1,minor_tail
6116,YP_009275376.1,minor_tail
6117,YP_009275377.1,minor_tail
6118,YP_009275382.1,minor_tail
6119,YP_009273954.1,minor_tail
6120,YP_009273955.1,minor_tail
6121,YP_009273960.1,minor_tail
6122,YP_009292531.1,minor_tail
6123,YP_009292532.1,minor_tail
6124,YP_009292534.1,minor_tail
6125,YP_009287806.1,minor_tail
6126,YP_009290219.1,minor_tail
6127,YP_009290221.1,minor_tail
6128,YP_009290223.1,minor_tail
6129,YP_009286703.1,minor_tail
6130,YP_009281211.1,minor_tail
6131,YP_009281213.1,minor_tail
6132,YP_009281129.1,minor_tail
6133,YP_009281130.1,minor_tail
6134,YP_009285973.1,minor_tail
6135,YP_009277941.1,minor_tail
6136,YP_009281643.1,minor_tail
6137,YP_009277762.1,minor_tail
6138,YP_009277766.1,minor_tail
6139,YP_009277767.1,minor_tail
6140,YP_009013114.1,minor_tail
6141,YP_009013119.1,minor_tail
6142,YP_009013120.1,minor_tail
6143,YP_009011357.1,minor_tail
6144,YP_001994484.1,minor_tail
6145,YP_001994666.1,minor_tail
6146,YP_001994573.1,minor_tail
6147,YP_003857148.1,minor_tail
6148,YP_003857149.1,minor_tail
6149,YP_004538961.1,minor_tail
6150,YP_004538962.1,minor_tail
6151,YP_009017242.1,minor_tail
6152,YP_009017243.1,minor_tail
6153,YP_009017245.1,minor_tail
6154,YP_009269052.1,minor_tail
6155,YP_008052196.1,minor_tail
6156,YP_008052198.1,minor_tail
6157,YP_010002342.1,minor_tail
6158,YP_010050497.1,minor_tail
6159,YP_010098369.1,minor_tail
6160,YP_010098909.1,minor_tail
6161,YP_010104602.1,minor_tail
6162,YP_010013251.1,minor_tail
6163,YP_010061457.1,minor_tail
6164,YP_010110077.1,minor_tail
6165,YP_010097446.1,minor_tail
6166,YP_010098747.1,minor_tail
6167,YP_009909505.1,minor_tail
6168,YP_009965973.1,minor_tail
6169,YP_009951695.1,minor_tail
6170,YP_009951697.1,minor_tail
6171,YP_009951794.1,minor_tail
6172,YP_009951399.1,minor_tail
6173,YP_009951206.1,minor_tail
6174,YP_009953222.1,minor_tail
6175,YP_009953322.1,minor_tail
6176,YP_009963618.1,minor_tail
6177,YP_009955329.1,minor_tail
6178,YP_009953615.1,minor_tail
6179,YP_009950538.1,minor_tail
6180,YP_009950558.1,minor_tail
6181,YP_009953520.1,minor_tail
6182,YP_009951306.1,minor_tail
6183,YP_009950368.1,minor_tail
6184,YP_009953419.1,minor_tail
6185,YP_009952915.1,minor_tail
6186,YP_009785534.1,minor_tail
6187,YP_009790157.1,minor_tail
6188,YP_009834064.1,minor_tail
6189,YP_009622411.1,minor_tail
6190,YP_009622613.1,minor_tail
6191,YP_009623056.1,minor_tail
6192,YP_009623120.1,minor_tail
6193,YP_009623183.1,minor_tail
6194,YP_009837747.1,minor_tail
6195,YP_009624272.1,minor_tail
6196,YP_009624273.1,minor_tail
6197,YP_009624160.1,minor_tail
6198,YP_009624218.1,minor_tail
6199,YP_009802009.1,minor_tail
6200,YP_009802010.1,minor_tail
6201,YP_009802011.1,minor_tail
6202,YP_009801579.1,minor_tail
6203,YP_009801779.1,minor_tail
6204,YP_009908721.1,minor_tail
6205,YP_009802989.1,minor_tail
6206,YP_009802620.1,minor_tail
6207,YP_009802621.1,minor_tail
6208,YP_009802623.1,minor_tail
6209,YP_009803139.1,minor_tail
6210,YP_009803140.1,minor_tail
6211,YP_009803141.1,minor_tail
6212,YP_009838169.1,minor_tail
6213,YP_009839003.1,minor_tail
6214,YP_009839234.1,minor_tail
6215,YP_009808197.1,minor_tail
6216,YP_009812642.1,minor_tail
6217,YP_009812643.1,minor_tail
6218,YP_009812644.1,minor_tail
6219,YP_009840833.1,minor_tail
6220,YP_009881696.1,minor_tail
6221,YP_009815777.1,minor_tail
6222,YP_009815849.1,minor_tail
6223,YP_009815108.1,minor_tail
6224,YP_009815926.1,minor_tail
6225,YP_009815928.1,minor_tail
6226,YP_009815929.1,minor_tail
6227,YP_009842162.1,minor_tail
6228,YP_009842169.1,minor_tail
6229,YP_009842191.1,minor_tail
6230,YP_009842198.1,minor_tail
6231,YP_009817049.1,minor_tail
6232,YP_009817050.1,minor_tail
6233,YP_009818458.1,minor_tail
6234,YP_009818319.1,minor_tail
6235,YP_009818850.1,minor_tail
6236,YP_009818851.1,minor_tail
6237,YP_009843530.1,minor_tail
6238,YP_009819690.1,minor_tail
6239,YP_009819691.1,minor_tail
6240,YP_009845417.1,minor_tail
6241,YP_009847718.1,minor_tail
6242,YP_009908657.1,minor_tail
6243,YP_009908596.1,minor_tail
6244,YP_009850690.1,minor_tail
6245,YP_009884508.1,minor_tail
6246,YP_009852382.1,minor_tail
6247,YP_009852581.1,minor_tail
6248,YP_009852480.1,minor_tail
6249,YP_009852679.1,minor_tail
6250,YP_009884826.1,minor_tail
6251,YP_009884827.1,minor_tail
6252,YP_009853983.1,minor_tail
6253,YP_009853780.1,minor_tail
6254,YP_009909721.1,minor_tail
6255,YP_009885937.1,minor_tail
6256,YP_009885945.1,minor_tail
6257,YP_009887288.1,minor_tail
6258,YP_009887298.1,minor_tail
6259,YP_009857414.1,minor_tail
6260,YP_009857415.1,minor_tail
6261,YP_009857416.1,minor_tail
6262,YP_009859530.1,minor_tail
6263,YP_009996598.1,minor_tail
6264,YP_009996599.1,minor_tail
6265,YP_009996774.1,minor_tail
6266,YP_009996775.1,minor_tail
6267,YP_009996724.1,minor_tail
6268,YP_009996725.1,minor_tail
6269,YP_009996674.1,minor_tail
6270,YP_009996624.1,minor_tail
6271,YP_009996700.1,minor_tail
6272,YP_009996749.1,minor_tail
6273,YP_009996750.1,minor_tail
6274,YP_009996648.1,minor_tail
6275,YP_009996649.1,minor_tail
6276,YP_009997638.1,minor_tail
6277,YP_010001664.1,minor_tail
6278,YP_010001749.1,minor_tail
6279,YP_010001414.1,minor_tail
6280,YP_010001415.1,minor_tail
6281,YP_010002596.1,minor_tail
6282,YP_010013519.1,minor_tail
6283,YP_010049697.1,minor_tail
6284,YP_010049634.1,minor_tail
6285,YP_010050612.1,minor_tail
6286,YP_010051120.1,minor_tail
6287,YP_010051306.1,minor_tail
6288,YP_010051491.1,minor_tail
6289,YP_010051757.1,minor_tail
6290,YP_010051690.1,minor_tail
6291,YP_010059438.1,minor_tail
6292,YP_010060236.1,minor_tail
6293,YP_010082735.1,minor_tail
6294,YP_010092611.1,minor_tail
6295,YP_010092706.1,minor_tail
6296,YP_010093852.1,minor_tail
6297,YP_010097002.1,minor_tail
6298,YP_010097444.1,minor_tail
6299,YP_010098020.1,minor_tail
6300,YP_010098111.1,minor_tail
6301,YP_010098298.1,minor_tail
6302,YP_010098389.1,minor_tail
6303,YP_010098836.1,minor_tail
6304,YP_010098929.1,minor_tail
6305,YP_010098745.1,minor_tail
6306,YP_010099537.1,minor_tail
6307,YP_010099015.1,minor_tail
6308,YP_010101168.1,minor_tail
6309,YP_010101258.1,minor_tail
6310,YP_010101261.1,minor_tail
6311,YP_010101262.1,minor_tail
6312,YP_010103153.1,minor_tail
6313,YP_010104713.1,minor_tail
6314,YP_010104622.1,minor_tail
6315,YP_010104625.1,minor_tail
6316,YP_010106719.1,minor_tail
6317,YP_010106800.1,minor_tail
6318,YP_009624507.1,minor_tail
6319,YP_009950172.1,minor_tail
6320,YP_009953017.1,minor_tail
6321,NP_046909.1,minor_tail
6322,YP_001272522.1,minor_tail
6323,YP_001272524.1,minor_tail
6324,YP_009590795.1,minor_tail
6325,YP_006906649.1,minor_tail
6326,YP_009352272.1,minor_tail
6327,YP_006906791.1,minor_tail
6328,YP_009977161.1,minor_tail
6329,YP_010060474.1,minor_tail
6330,YP_010063197.1,minor_tail
6331,YP_010063198.1,minor_tail
6332,YP_010062418.1,minor_tail
6333,YP_009963416.1,minor_tail
6334,YP_010061613.1,minor_tail
6335,YP_010061637.1,minor_tail
6336,YP_009787736.1,minor_tail
6337,YP_010062568.1,minor_tail
6338,YP_009788276.1,minor_tail
6339,YP_009977337.1,minor_tail
6340,YP_009977341.1,minor_tail
6341,YP_010013939.1,minor_tail
6342,YP_010013945.1,minor_tail
6343,YP_010062819.1,minor_tail
6344,YP_009962375.1,minor_tail
6345,YP_009962166.1,minor_tail
6346,YP_009951499.1,minor_tail
6347,YP_010059964.1,minor_tail
6348,YP_010059990.1,minor_tail
6349,YP_009951108.1,minor_tail
6350,YP_009951110.1,minor_tail
6351,YP_010062326.1,minor_tail
6352,YP_010062155.1,minor_tail
6353,YP_009818107.1,minor_tail
6354,YP_009956581.1,minor_tail
6355,YP_009963206.1,minor_tail
6356,YP_010055311.1,minor_tail
6357,YP_010055313.1,minor_tail
6358,YP_010055634.1,minor_tail
6359,YP_010055636.1,minor_tail
6360,YP_010055232.1,minor_tail
6361,YP_010055234.1,minor_tail
6362,YP_010055390.1,minor_tail
6363,YP_010055392.1,minor_tail
6364,YP_010063283.1,minor_tail
6365,YP_010063284.1,minor_tail
6366,YP_009955839.1,minor_tail
6367,YP_009978330.1,minor_tail
6368,YP_009978331.1,minor_tail
6369,YP_009978350.1,minor_tail
6370,YP_009978354.1,minor_tail
6371,YP_009961020.1,minor_tail
6372,YP_009961022.1,minor_tail
6373,YP_009795497.1,minor_tail
6374,YP_009795512.1,minor_tail
6375,YP_010060968.1,minor_tail
6376,YP_010061333.1,minor_tail
6377,YP_010056354.1,minor_tail
6378,YP_010056357.1,minor_tail
6379,YP_009796797.1,minor_tail
6380,YP_010055152.1,minor_tail
6381,YP_010055154.1,minor_tail
6382,YP_009796852.1,minor_tail
6383,YP_010061882.1,minor_tail
6384,YP_009960708.1,minor_tail
6385,YP_009964049.1,minor_tail
6386,YP_009964051.1,minor_tail
6387,YP_009998420.1,minor_tail
6388,YP_009957323.1,minor_tail
6389,YP_009957324.1,minor_tail
6390,YP_009954399.1,minor_tail
6391,YP_009980718.1,minor_tail
6392,YP_009980722.1,minor_tail
6393,YP_009976164.1,minor_tail
6394,YP_009976168.1,minor_tail
6395,YP_009977706.1,minor_tail
6396,YP_009978253.1,minor_tail
6397,YP_009978257.1,minor_tail
6398,YP_009979452.1,minor_tail
6399,YP_009977420.1,minor_tail
6400,YP_009977424.1,minor_tail
6401,YP_009624547.1,minor_tail
6402,YP_010055890.1,minor_tail
6403,YP_010060540.1,minor_tail
6404,YP_010060541.1,minor_tail
6405,YP_010060566.1,minor_tail
6406,YP_009978909.1,minor_tail
6407,YP_009978913.1,minor_tail
6408,YP_009960920.1,minor_tail
6409,YP_009959593.1,minor_tail
6410,YP_009800825.1,minor_tail
6411,YP_009965236.1,minor_tail
6412,YP_010095422.1,minor_tail
6413,YP_009801499.1,minor_tail
6414,YP_009801500.1,minor_tail
6415,YP_009801507.1,minor_tail
6416,YP_009801662.1,minor_tail
6417,YP_009802707.1,minor_tail
6418,YP_009802809.1,minor_tail
6419,YP_009802904.1,minor_tail
6420,YP_009802543.1,minor_tail
6421,YP_009802544.1,minor_tail
6422,YP_010061819.1,minor_tail
6423,YP_009806866.1,minor_tail
6424,YP_009806969.1,minor_tail
6425,YP_009806979.1,minor_tail
6426,YP_009978977.1,minor_tail
6427,YP_009979000.1,minor_tail
6428,YP_009962063.1,minor_tail
6429,YP_009979816.1,minor_tail
6430,YP_009979820.1,minor_tail
6431,YP_010096734.1,minor_tail
6432,YP_009807413.1,minor_tail
6433,YP_009909779.1,minor_tail
6434,YP_009957843.1,minor_tail
6435,YP_009957845.1,minor_tail
6436,YP_010013250.1,minor_tail
6437,YP_009980995.1,minor_tail
6438,YP_009980999.1,minor_tail
6439,YP_009979730.1,minor_tail
6440,YP_009812787.1,minor_tail
6441,YP_009812788.1,minor_tail
6442,YP_010062733.1,minor_tail
6443,YP_009808801.1,minor_tail
6444,YP_009808724.1,minor_tail
6445,YP_009808361.1,minor_tail
6446,YP_009808375.1,minor_tail
6447,YP_009808257.1,minor_tail
6448,YP_009808271.1,minor_tail
6449,YP_009958976.1,minor_tail
6450,YP_009979159.1,minor_tail
6451,YP_009979178.1,minor_tail
6452,YP_009979182.1,minor_tail
6453,YP_009979187.1,minor_tail
6454,YP_010055806.1,minor_tail
6455,YP_009814133.1,minor_tail
6456,YP_009814147.1,minor_tail
6457,YP_009812928.1,minor_tail
6458,YP_009812932.1,minor_tail
6459,YP_009824482.1,minor_tail
6460,YP_009824691.1,minor_tail
6461,YP_009815222.1,minor_tail
6462,YP_009815293.1,minor_tail
6463,YP_009815360.1,minor_tail
6464,YP_009815435.1,minor_tail
6465,YP_009815499.1,minor_tail
6466,YP_009815570.1,minor_tail
6467,YP_009815636.1,minor_tail
6468,YP_009815637.1,minor_tail
6469,YP_010002004.1,minor_tail
6470,YP_010001917.1,minor_tail
6471,YP_010001582.1,minor_tail
6472,YP_010063647.1,minor_tail
6473,YP_009963519.1,minor_tail
6474,YP_009963521.1,minor_tail
6475,YP_009814903.1,minor_tail
6476,YP_009824225.1,minor_tail
6477,YP_009965948.1,minor_tail
6478,YP_009818577.1,minor_tail
6479,YP_009818581.1,minor_tail
6480,YP_009818634.1,minor_tail
6481,YP_010060137.1,minor_tail
6482,YP_010064124.1,minor_tail
6483,YP_009961320.1,minor_tail
6484,YP_009976433.1,minor_tail
6485,YP_009981282.1,minor_tail
6486,YP_009981286.1,minor_tail
6487,YP_009980361.1,minor_tail
6488,YP_009980365.1,minor_tail
6489,YP_009980369.1,minor_tail
6490,YP_009843623.1,minor_tail
6491,YP_009819064.1,minor_tail
6492,YP_010054997.1,minor_tail
6493,YP_009819843.1,minor_tail
6494,YP_010101685.1,minor_tail
6495,YP_010063108.1,minor_tail
6496,YP_010061731.1,minor_tail
6497,YP_009820275.1,minor_tail
6498,YP_009956901.1,minor_tail
6499,YP_010052024.1,minor_tail
6500,YP_010061533.1,minor_tail
6501,YP_009980536.1,minor_tail
6502,YP_009980540.1,minor_tail
6503,YP_009980545.1,minor_tail
6504,YP_010060280.1,minor_tail
6505,YP_010055474.1,minor_tail
6506,YP_009821478.1,minor_tail
6507,YP_009821480.1,minor_tail
6508,YP_010063021.1,minor_tail
6509,YP_009981466.1,minor_tail
6510,YP_009981470.1,minor_tail
6511,YP_009822314.1,minor_tail
6512,YP_010101994.1,minor_tail
6513,YP_010064732.1,minor_tail
6514,YP_010064870.1,minor_tail
6515,YP_009849468.1,minor_tail
6516,YP_009976518.1,minor_tail
6517,YP_009976522.1,minor_tail
6518,YP_010060047.1,minor_tail
6519,YP_010054590.1,minor_tail
6520,YP_009976966.1,minor_tail
6521,YP_009848231.1,minor_tail
6522,YP_009848418.1,minor_tail
6523,YP_009848419.1,minor_tail
6524,YP_010059752.1,minor_tail
6525,YP_010064614.1,minor_tail
6526,YP_010060800.1,minor_tail
6527,YP_009904943.1,minor_tail
6528,YP_009884422.1,minor_tail
6529,YP_009884429.1,minor_tail
6530,YP_010013370.1,minor_tail
6531,YP_009965065.1,minor_tail
6532,YP_009954205.1,minor_tail
6533,YP_010055718.1,minor_tail
6534,YP_010050718.1,minor_tail
6535,YP_009852136.1,minor_tail
6536,YP_010104340.1,minor_tail
6537,YP_009852782.1,minor_tail
6538,YP_009852865.1,minor_tail
6539,YP_009885097.1,minor_tail
6540,YP_009853597.1,minor_tail
6541,YP_009853897.1,minor_tail
6542,YP_010059520.1,minor_tail
6543,YP_010059524.1,minor_tail
6544,YP_009853693.1,minor_tail
6545,YP_010061047.1,minor_tail
6546,YP_009978616.1,minor_tail
6547,YP_009978706.1,minor_tail
6548,YP_009981540.1,minor_tail
6549,YP_009976870.1,minor_tail
6550,YP_009976890.1,minor_tail
6551,YP_009976895.1,minor_tail
6552,YP_010060885.1,minor_tail
6553,YP_009901329.1,minor_tail
6554,YP_009901701.1,minor_tail
6555,YP_010064918.1,minor_tail
6556,YP_009901233.1,minor_tail
6557,YP_009901042.1,minor_tail
6558,YP_009901209.1,minor_tail
6559,YP_009901064.1,minor_tail
6560,YP_010001086.1,minor_tail
6561,YP_009901490.1,minor_tail
6562,YP_010106638.1,minor_tail
6563,YP_010106878.1,minor_tail
6564,YP_009859442.1,minor_tail
6565,YP_010055558.1,minor_tail
6566,YP_010107668.1,minor_tail
6567,YP_010055971.1,minor_tail
6568,YP_009909577.1,minor_tail
6569,YP_009909911.1,minor_tail
6570,YP_009909651.1,minor_tail
6571,YP_009910051.1,minor_tail
6572,YP_010109382.1,minor_tail
6573,YP_010061959.1,minor_tail
6574,YP_010061961.1,minor_tail
6575,YP_010013789.1,minor_tail
6576,YP_010082079.1,minor_tail
6577,YP_010013638.1,minor_tail
6578,YP_010014088.1,minor_tail
6579,YP_010014090.1,minor_tail
6580,YP_010014091.1,minor_tail
6581,YP_010054739.1,minor_tail
6582,YP_010054740.1,minor_tail
6583,YP_010054829.1,minor_tail
6584,YP_010054830.1,minor_tail
6585,YP_010054911.1,minor_tail
6586,YP_009961955.1,minor_tail
6587,YP_010050641.1,minor_tail
6588,YP_009981368.1,minor_tail
6589,YP_009981372.1,minor_tail
6590,YP_010056502.1,minor_tail
6591,YP_010056503.1,minor_tail
6592,YP_010115800.1,minor_tail
6593,YP_009842504.1,minor_tail
6594,YP_009837096.1,minor_tail
6595,YP_009841690.1,minor_tail
6596,YP_010245883.1,minor_tail
6597,YP_010245885.1,minor_tail
6598,YP_010246272.1,minor_tail
6599,YP_010246279.1,minor_tail
6600,YP_010246012.1,minor_tail
6601,YP_010246014.1,minor_tail
6602,YP_010246686.1,minor_tail
6603,YP_010246692.1,minor_tail
6604,YP_010246142.1,minor_tail
6605,YP_010246144.1,minor_tail
6606,YP_010246415.1,minor_tail
6607,YP_010246545.1,minor_tail
6608,YP_010246551.1,minor_tail
6609,YP_010278040.1,minor_tail
6610,YP_010278154.1,minor_tail
6611,YP_006907194.1,minor_tail
6612,YP_006990138.1,minor_tail
6613,YP_009208300.1,minor_tail
6614,YP_009275384.1,minor_tail
6615,YP_009273962.1,minor_tail
6616,YP_009845121.1,portal
6617,YP_009849861.1,portal
6618,YP_010077854.1,portal
6619,YP_009785760.1,portal
6620,YP_009795962.1,portal
6621,YP_010053291.1,portal
6622,YP_010053216.1,portal
6623,YP_010053927.1,portal
6624,NP_945033.1,portal
6625,YP_009624317.1,portal
6626,YP_009838366.1,portal
6627,YP_009809736.1,portal
6628,YP_009818305.1,portal
6629,YP_009844275.1,portal
6630,YP_009843933.1,portal
6631,YP_009844052.1,portal
6632,YP_009844357.1,portal
6633,YP_009852356.1,portal
6634,YP_009852556.1,portal
6635,YP_009852455.1,portal
6636,YP_009852654.1,portal
6637,YP_009850713.1,portal
6638,YP_009851062.1,portal
6639,YP_009853957.1,portal
6640,YP_010107334.1,portal
6641,YP_010106711.1,portal
6642,YP_010106792.1,portal
6643,YP_010114684.1,portal
6644,YP_009810290.1,portal
6645,YP_008126541.1,portal
6646,YP_009786012.1,portal
6647,YP_009624493.1,portal
6648,YP_009798354.1,portal
6649,YP_009841028.1,portal
6650,YP_001285880.1,portal
6651,NP_958533.1,portal
6652,NP_612832.1,portal
6653,YP_001039817.1,portal
6654,YP_529555.1,portal
6655,YP_239800.1,portal
6656,YP_355414.1,portal
6657,YP_004301278.1,portal
6658,YP_004306104.1,portal
6659,YP_009783980.1,portal
6660,YP_008772045.1,portal
6661,YP_009216853.1,portal
6662,YP_009829966.1,portal
6663,YP_009829509.1,portal
6664,YP_009797195.1,portal
6665,YP_009797492.1,portal
6666,YP_009798045.1,portal
6667,YP_009837554.1,portal
6668,YP_010092470.1,portal
6669,YP_009837959.1,portal
6670,YP_009801649.1,portal
6671,YP_009806851.1,portal
6672,YP_009812773.1,portal
6673,YP_009812712.1,portal
6674,YP_009814224.1,portal
6675,YP_009814395.1,portal
6676,YP_009819465.1,portal
6677,YP_009823299.1,portal
6678,YP_009849042.1,portal
6679,YP_009848759.1,portal
6680,YP_009848982.1,portal
6681,YP_009848928.1,portal
6682,YP_009848822.1,portal
6683,YP_009847949.1,portal
6684,YP_010106631.1,portal
6685,YP_010106870.1,portal
6686,YP_010050626.1,portal
6687,YP_010246259.1,portal
6688,YP_010246673.1,portal
6689,YP_009963604.1,portal
6690,YP_009997732.1,portal
6691,YP_009997773.1,portal
6692,YP_004301536.1,portal
6693,YP_004306880.1,portal
6694,YP_010080156.1,portal
6695,YP_010080224.1,portal
6696,YP_009882677.1,portal
6697,YP_009998305.1,portal
6698,YP_009998230.1,portal
6699,YP_010091033.1,portal
6700,YP_009949211.1,portal
6701,YP_009998378.1,portal
6702,YP_009964113.1,portal
6703,YP_009966482.1,portal
6704,YP_009950062.1,portal
6705,YP_009949674.1,portal
6706,YP_009949865.1,portal
6707,YP_009949574.1,portal
6708,YP_009949767.1,portal
6709,YP_009949471.1,portal
6710,YP_009966626.1,portal
6711,NP_570351.1,portal
6712,NP_943786.1,portal
6713,NP_944108.1,portal
6714,NP_918995.1,portal
6715,YP_004935747.1,portal
6716,YP_655520.1,portal
6717,YP_874016.1,portal
6718,YP_009140185.1,portal
6719,YP_001429612.1,portal
6720,YP_002790785.1,portal
6721,YP_009191002.1,portal
6722,YP_009168188.1,portal
6723,YP_004782210.1,portal
6724,YP_009168341.1,portal
6725,YP_007674920.1,portal
6726,YP_009103140.1,portal
6727,YP_003969303.1,portal
6728,YP_007002792.1,portal
6729,YP_007237933.1,portal
6730,YP_009222143.1,portal
6731,YP_008061113.1,portal
6732,YP_009614331.1,portal
6733,YP_009614152.1,portal
6734,YP_009211806.1,portal
6735,YP_009198682.1,portal
6736,YP_009614433.1,portal
6737,YP_007005824.1,portal
6738,YP_009014270.1,portal
6739,YP_004782380.1,portal
6740,YP_004895318.1,portal
6741,YP_009016797.1,portal
6742,YP_009208556.1,portal
6743,YP_009018321.1,portal
6744,YP_009018422.1,portal
6745,YP_007008105.1,portal
6746,YP_004935838.1,portal
6747,YP_004957640.1,portal
6748,YP_005087320.1,portal
6749,YP_005087128.1,portal
6750,YP_005087028.1,portal
6751,YP_006382527.1,portal
6752,YP_006383612.1,portal
6753,YP_006560759.1,portal
6754,YP_006987654.1,portal
6755,YP_006299872.1,portal
6756,YP_009110741.1,portal
6757,YP_007006568.1,portal
6758,YP_007010562.1,portal
6759,YP_006560346.1,portal
6760,YP_006560405.1,portal
6761,YP_009603557.1,portal
6762,YP_009196256.1,portal
6763,YP_009210620.1,portal
6764,YP_009205603.1,portal
6765,YP_006560242.1,portal
6766,YP_007010339.1,portal
6767,YP_008239677.1,portal
6768,YP_006906087.1,portal
6769,YP_007349035.1,portal
6770,YP_009044884.1,portal
6771,YP_009044220.1,portal
6772,YP_009044925.1,portal
6773,YP_007517949.1,portal
6774,YP_009189246.1,portal
6775,YP_009215866.1,portal
6776,YP_009216086.1,portal
6777,YP_008052085.1,portal
6778,YP_008129758.1,portal
6779,YP_008241014.1,portal
6780,YP_008241353.1,portal
6781,YP_008240949.1,portal
6782,YP_008242162.1,portal
6783,YP_008530888.1,portal
6784,YP_008531238.1,portal
6785,YP_009098943.1,portal
6786,YP_009042805.1,portal
6787,YP_009099060.1,portal
6788,YP_008770645.1,portal
6789,YP_008770568.1,portal
6790,YP_008771672.1,portal
6791,YP_008770881.1,portal
6792,YP_009005655.1,portal
6793,YP_009004557.1,portal
6794,YP_009783890.1,portal
6795,YP_009030468.1,portal
6796,YP_009190064.1,portal
6797,YP_009187518.1,portal
6798,YP_009021755.1,portal
6799,YP_009009660.1,portal
6800,YP_009010474.1,portal
6801,YP_009021413.1,portal
6802,YP_009103902.1,portal
6803,YP_009009721.1,portal
6804,YP_009031544.1,portal
6805,YP_009044342.1,portal
6806,YP_009043283.1,portal
6807,YP_009031131.1,portal
6808,YP_009043933.1,portal
6809,YP_009152857.1,portal
6810,YP_009191102.1,portal
6811,YP_009149971.1,portal
6812,YP_009126455.1,portal
6813,YP_009099716.1,portal
6814,YP_009147623.1,portal
6815,YP_009126036.1,portal
6816,YP_009220342.1,portal
6817,YP_009215314.1,portal
6818,YP_009200125.1,portal
6819,YP_009206215.1,portal
6820,YP_009219165.1,portal
6821,YP_009210866.1,portal
6822,YP_009193465.1,portal
6823,YP_009220828.1,portal
6824,YP_009220829.1,portal
6825,YP_009220830.1,portal
6826,YP_009220831.1,portal
6827,YP_009225673.1,portal
6828,YP_009604247.1,portal
6829,YP_009213473.1,portal
6830,YP_009616296.1,portal
6831,YP_009191201.1,portal
6832,YP_009214927.1,portal
6833,YP_009189662.1,portal
6834,YP_009200917.1,portal
6835,YP_009603206.1,portal
6836,YP_009602438.1,portal
6837,YP_009603385.1,portal
6838,YP_009602500.1,portal
6839,YP_009602562.1,portal
6840,YP_009603473.1,portal
6841,YP_009602623.1,portal
6842,YP_009602686.1,portal
6843,YP_009602749.1,portal
6844,YP_009602805.1,portal
6845,YP_009602869.1,portal
6846,YP_009604042.1,portal
6847,YP_009602933.1,portal
6848,YP_009594351.1,portal
6849,YP_009616578.1,portal
6850,YP_009302415.1,portal
6851,YP_009300962.1,portal
6852,YP_009301935.1,portal
6853,YP_009595851.1,portal
6854,YP_009276722.1,portal
6855,YP_009274139.1,portal
6856,YP_009275077.1,portal
6857,YP_009274238.1,portal
6858,YP_009273399.1,portal
6859,YP_009285817.1,portal
6860,YP_009616028.1,portal
6861,YP_009283962.1,portal
6862,YP_009293348.1,portal
6863,YP_009287482.1,portal
6864,YP_009290973.1,portal
6865,YP_009596673.1,portal
6866,YP_009876484.1,portal
6867,YP_009832318.1,portal
6868,YP_009832419.1,portal
6869,YP_009599746.1,portal
6870,YP_009834049.1,portal
6871,YP_009610018.1,portal
6872,YP_009610151.1,portal
6873,YP_009610225.1,portal
6874,YP_009834681.1,portal
6875,YP_009612542.1,portal
6876,YP_009877753.1,portal
6877,YP_009834915.1,portal
6878,YP_009615763.1,portal
6879,YP_009795591.1,portal
6880,YP_009620171.1,portal
6881,YP_009620267.1,portal
6882,YP_009620358.1,portal
6883,YP_009620440.1,portal
6884,YP_009620509.1,portal
6885,YP_009879568.1,portal
6886,YP_009796175.1,portal
6887,YP_009796396.1,portal
6888,YP_009879684.1,portal
6889,YP_009797854.1,portal
6890,YP_009824778.1,portal
6891,YP_009836979.1,portal
6892,YP_009622598.1,portal
6893,YP_009622964.1,portal
6894,YP_009837734.1,portal
6895,YP_009803060.1,portal
6896,YP_009838154.1,portal
6897,YP_009880715.1,portal
6898,YP_009812596.1,portal
6899,YP_009838990.1,portal
6900,YP_009839221.1,portal
6901,YP_009807127.1,portal
6902,YP_009881257.1,portal
6903,YP_009881057.1,portal
6904,YP_009840818.1,portal
6905,YP_009881677.1,portal
6906,YP_009815691.1,portal
6907,YP_009815762.1,portal
6908,YP_009815834.1,portal
6909,YP_009843005.1,portal
6910,YP_009843515.1,portal
6911,YP_009819259.1,portal
6912,YP_009882851.1,portal
6913,YP_009845853.1,portal
6914,YP_009845939.1,portal
6915,YP_009846027.1,portal
6916,YP_009883476.1,portal
6917,YP_009848292.1,portal
6918,YP_009889998.1,portal
6919,YP_009883273.1,portal
6920,YP_009884489.1,portal
6921,YP_009884813.1,portal
6922,YP_009853255.1,portal
6923,YP_009909712.1,portal
6924,YP_009885926.1,portal
6925,YP_009856298.1,portal
6926,YP_009889356.1,portal
6927,YP_009888138.1,portal
6928,YP_009887729.1,portal
6929,YP_009888549.1,portal
6930,YP_009887936.1,portal
6931,YP_009888343.1,portal
6932,YP_009887547.1,portal
6933,YP_009889156.1,portal
6934,YP_009888745.1,portal
6935,YP_009888955.1,portal
6936,YP_009887359.1,portal
6937,YP_009198866.1,portal
6938,YP_009189965.1,portal
6939,YP_009998007.1,portal
6940,YP_009997358.1,portal
6941,YP_009997196.1,portal
6942,YP_009997276.1,portal
6943,YP_009997441.1,portal
6944,YP_009997924.1,portal
6945,YP_010002852.1,portal
6946,YP_010002763.1,portal
6947,YP_010001638.1,portal
6948,YP_010001721.1,portal
6949,YP_010049611.1,portal
6950,YP_010051288.1,portal
6951,YP_010051475.1,portal
6952,YP_010051413.1,portal
6953,YP_010051348.1,portal
6954,YP_010051543.1,portal
6955,YP_010051610.1,portal
6956,YP_010051673.1,portal
6957,YP_010059037.1,portal
6958,YP_010060221.1,portal
6959,YP_010089196.1,portal
6960,YP_010089981.1,portal
6961,YP_010092595.1,portal
6962,YP_010092690.1,portal
6963,YP_010092967.1,portal
6964,YP_010096986.1,portal
6965,YP_010096804.1,portal
6966,YP_010096521.1,portal
6967,YP_010097428.1,portal
6968,YP_010098004.1,portal
6969,YP_010098095.1,portal
6970,YP_010098282.1,portal
6971,YP_010098373.1,portal
6972,YP_010098820.1,portal
6973,YP_010098913.1,portal
6974,YP_010098729.1,portal
6975,YP_010099089.1,portal
6976,YP_010099172.1,portal
6977,YP_010099253.1,portal
6978,YP_010099342.1,portal
6979,YP_010099511.1,portal
6980,YP_010099589.1,portal
6981,YP_010098996.1,portal
6982,YP_010101152.1,portal
6983,YP_010101242.1,portal
6984,YP_010103215.1,portal
6985,YP_010103303.1,portal
6986,YP_010104697.1,portal
6987,YP_010104423.1,portal
6988,YP_010104509.1,portal
6989,YP_010104606.1,portal
6990,YP_010105097.1,portal
6991,YP_010109552.1,portal
6992,NP_058443.1,portal
6993,YP_164747.1,portal
6994,YP_005087228.1,portal
6995,YP_008772086.1,portal
6996,YP_009042653.1,portal
6997,YP_009203185.1,portal
6998,YP_010002147.1,portal
6999,YP_010062048.1,portal
7000,NP_046757.1,portal
7001,YP_009591428.1,portal
7002,YP_007947929.1,portal
7003,NP_049512.1,portal
7004,NP_958179.1,portal
7005,NP_945279.1,portal
7006,NP_958056.1,portal
7007,NP_046829.1,portal
7008,NP_044950.1,portal
7009,NP_116497.1,portal
7010,YP_010133225.1,portal
7011,NP_112695.1,portal
7012,YP_009874087.1,portal
7013,NP_463464.1,portal
7014,YP_001468389.1,portal
7015,NP_046899.1,portal
7016,NP_891727.1,portal
7017,NP_695169.1,portal
7018,YP_001285356.1,portal
7019,YP_238542.1,portal
7020,NP_599035.1,portal
7021,YP_239722.1,portal
7022,NP_049969.1,portal
7023,NP_049928.1,portal
7024,YP_007392277.1,portal
7025,YP_762515.1,portal
7026,NP_049394.1,portal
7027,NP_050550.1,portal
7028,NP_038325.1,portal
7029,NP_663672.1,portal
7030,NP_665924.1,portal
7031,YP_010078038.1,portal
7032,NP_150162.2,portal
7033,NP_075502.1,portal
7034,NP_076677.1,portal
7035,NP_076736.1,portal
7036,NP_112077.1,portal
7037,NP_536820.1,portal
7038,YP_009981812.1,portal
7039,NP_510984.1,portal
7040,NP_892048.1,portal
7041,NP_720327.1,portal
7042,NP_803337.1,portal
7043,NP_859080.1,portal
7044,NP_859247.1,portal
7045,NP_853590.1,portal
7046,NP_818314.1,portal
7047,YP_764264.1,portal
7048,YP_009874250.1,portal
7049,YP_009874189.1,portal
7050,YP_009874136.1,portal
7051,YP_239936.1,portal
7052,YP_006406.1,portal
7053,YP_009041312.1,portal
7054,NP_858954.1,portal
7055,NP_944280.1,portal
7056,YP_006584.1,portal
7057,YP_214363.1,portal
7058,YP_214665.1,portal
7059,YP_240900.1,portal
7060,YP_164413.1,portal
7061,YP_238488.1,portal
7062,YP_009224503.1,portal
7063,YP_239567.1,portal
7064,YP_239644.1,portal
7065,YP_239857.1,portal
7066,YP_240003.1,portal
7067,YP_240075.1,portal
7068,YP_240152.1,portal
7069,YP_240229.1,portal
7070,YP_240308.1,portal
7071,YP_240382.1,portal
7072,YP_240672.1,portal
7073,YP_240744.1,portal
7074,YP_240817.1,portal
7075,YP_002455889.1,portal
7076,YP_293752.1,portal
7077,YP_003090179.1,portal
7078,YP_002308530.1,portal
7079,YP_654729.1,portal
7080,YP_512313.1,portal
7081,YP_338186.1,portal
7082,YP_002533462.1,portal
7083,NP_839924.1,portal
7084,YP_459967.1,portal
7085,YP_764474.1,portal
7086,YP_579205.1,portal
7087,YP_516189.1,portal
7088,YP_655593.1,portal
7089,YP_794061.1,portal
7090,YP_717798.1,portal
7091,YP_699943.1,portal
7092,YP_950666.1,portal
7093,YP_950583.1,portal
7094,YP_002268006.1,portal
7095,YP_001111036.1,portal
7096,YP_009167768.1,portal
7097,YP_004323020.1,portal
7098,YP_004322270.1,portal
7099,YP_004323264.1,portal
7100,YP_004323727.1,portal
7101,YP_001429872.1,portal
7102,YP_001429941.1,portal
7103,YP_001430000.1,portal
7104,YP_004322786.1,portal
7105,YP_004323950.1,portal
7106,YP_004324725.1,portal
7107,YP_004324951.1,portal
7108,YP_001686872.1,portal
7109,YP_001285677.1,portal
7110,YP_009617234.1,portal
7111,YP_001648945.1,portal
7112,YP_002003992.1,portal
7113,YP_009781939.1,portal
7114,YP_007877738.1,portal
7115,YP_007677272.1,portal
7116,YP_007877943.1,portal
7117,YP_002154375.1,portal
7118,YP_002333564.1,portal
7119,YP_002332402.1,portal
7120,YP_002922232.1,portal
7121,YP_002455792.1,portal
7122,YP_003090220.1,portal
7123,YP_002939711.1,portal
7124,YP_003127292.1,portal
7125,YP_003127138.1,portal
7126,YP_003127190.1,portal
7127,YP_003127241.1,portal
7128,YP_003344922.1,portal
7129,YP_003347497.1,portal
7130,YP_003347327.1,portal
7131,YP_003347606.1,portal
7132,YP_009302206.1,portal
7133,YP_004123809.1,portal
7134,YP_008125640.1,portal
7135,YP_009103792.1,portal
7136,YP_009103528.1,portal
7137,YP_009783026.1,portal
7138,YP_007002212.1,portal
7139,YP_004301416.1,portal
7140,YP_009168152.1,portal
7141,YP_007518198.1,portal
7142,YP_009279805.1,portal
7143,YP_004306454.1,portal
7144,YP_007003508.1,portal
7145,YP_009187374.1,portal
7146,YP_007003395.1,portal
7147,YP_010079784.1,portal
7148,YP_007003204.1,portal
7149,YP_009590777.1,portal
7150,YP_008873592.1,portal
7151,YP_009780070.1,portal
7152,YP_004508381.1,portal
7153,YP_009637637.1,portal
7154,YP_009590865.1,portal
7155,YP_009607571.1,portal
7156,YP_009636179.1,portal
7157,YP_009636531.1,portal
7158,YP_009636922.1,portal
7159,YP_009637144.1,portal
7160,YP_009635425.1,portal
7161,YP_009635510.1,portal
7162,YP_009635604.1,portal
7163,YP_009635689.1,portal
7164,YP_009635984.1,portal
7165,YP_009614529.1,portal
7166,YP_009636068.1,portal
7167,YP_009637820.1,portal
7168,YP_008854217.1,portal
7169,YP_008854041.1,portal
7170,YP_009806387.1,portal
7171,YP_006561264.1,portal
7172,YP_009018019.1,portal
7173,YP_009014095.1,portal
7174,YP_009017590.1,portal
7175,YP_009017147.1,portal
7176,YP_009013909.1,portal
7177,YP_008430761.1,portal
7178,YP_009014504.1,portal
7179,YP_009638187.1,portal
7180,YP_009018797.1,portal
7181,YP_007004322.1,portal
7182,YP_005087047.1,portal
7183,YP_009101192.1,portal
7184,YP_007004363.1,portal
7185,YP_007001468.1,portal
7186,YP_006383889.1,portal
7187,YP_007518387.1,portal
7188,YP_007006089.1,portal
7189,YP_006990307.1,portal
7190,YP_006987350.1,portal
7191,YP_009130723.1,portal
7192,YP_007236599.1,portal
7193,YP_007007244.1,portal
7194,YP_007112137.1,portal
7195,YP_007112542.1,portal
7196,YP_007111778.1,portal
7197,YP_007111579.1,portal
7198,YP_007111377.1,portal
7199,YP_006906875.1,portal
7200,YP_007007012.1,portal
7201,YP_009607483.1,portal
7202,YP_006201536.1,portal
7203,YP_006201937.1,portal
7204,YP_006201707.1,portal
7205,YP_006201595.1,portal
7206,YP_007392387.1,portal
7207,YP_006560553.1,portal
7208,YP_007005734.1,portal
7209,YP_006382288.1,portal
7210,YP_008126699.1,portal
7211,YP_008239558.1,portal
7212,YP_006382932.1,portal
7213,YP_010062915.1,portal
7214,YP_006488673.1,portal
7215,YP_008059858.1,portal
7216,YP_009780565.1,portal
7217,YP_009780795.1,portal
7218,YP_009781242.1,portal
7219,YP_009781476.1,portal
7220,YP_009781706.1,portal
7221,YP_009781009.1,portal
7222,YP_009275779.1,portal
7223,YP_006906186.1,portal
7224,YP_006990481.1,portal
7225,YP_009591465.1,portal
7226,YP_009638669.1,portal
7227,YP_009638754.1,portal
7228,YP_010079746.1,portal
7229,YP_009638841.1,portal
7230,YP_009908405.1,portal
7231,YP_009908312.1,portal
7232,YP_006906016.1,portal
7233,YP_007236399.1,portal
7234,YP_006990343.1,portal
7235,YP_007112779.1,portal
7236,YP_007677421.1,portal
7237,YP_009098228.1,portal
7238,YP_009044774.1,portal
7239,YP_008126101.1,portal
7240,YP_008318096.1,portal
7241,YP_008320087.1,portal
7242,YP_008318154.1,portal
7243,YP_008318047.1,portal
7244,YP_008318206.1,portal
7245,YP_008798262.1,portal
7246,YP_009103185.1,portal
7247,YP_008239545.1,portal
7248,YP_009150837.1,portal
7249,YP_008058801.1,portal
7250,YP_009779092.1,portal
7251,YP_009779304.1,portal
7252,YP_009779519.1,portal
7253,YP_008060491.1,portal
7254,YP_009874386.1,portal
7255,YP_010083313.1,portal
7256,YP_009606431.1,portal
7257,YP_009226314.1,portal
7258,YP_009220060.1,portal
7259,YP_008858638.1,portal
7260,YP_008051864.1,portal
7261,YP_008051780.1,portal
7262,YP_008060170.1,portal
7263,YP_008058284.1,portal
7264,YP_008320339.1,portal
7265,YP_008408961.1,portal
7266,YP_008410169.1,portal
7267,YP_008410401.1,portal
7268,YP_009600933.1,portal
7269,YP_009007965.1,portal
7270,YP_008241886.1,portal
7271,YP_008240331.1,portal
7272,YP_009219075.1,portal
7273,YP_009009152.1,portal
7274,YP_008766919.1,portal
7275,YP_008409308.1,portal
7276,YP_008858440.1,portal
7277,YP_008856786.1,portal
7278,YP_008859123.1,portal
7279,YP_009003376.1,portal
7280,YP_008767368.1,portal
7281,YP_008853727.1,portal
7282,YP_009226880.1,portal
7283,YP_009005757.1,portal
7284,YP_009005570.1,portal
7285,YP_009153162.1,portal
7286,YP_009005851.1,portal
7287,YP_009007204.1,portal
7288,YP_009009481.1,portal
7289,YP_009043193.1,portal
7290,YP_009042740.1,portal
7291,YP_009043960.1,portal
7292,YP_009006740.1,portal
7293,YP_009275665.1,portal
7294,YP_009187944.1,portal
7295,YP_009009850.1,portal
7296,YP_009009059.1,portal
7297,YP_009009752.1,portal
7298,YP_009009991.1,portal
7299,YP_009044674.1,portal
7300,YP_009045032.1,portal
7301,YP_009030226.1,portal
7302,YP_009031872.1,portal
7303,YP_009032399.1,portal
7304,YP_009103069.1,portal
7305,YP_009036990.1,portal
7306,YP_009035611.1,portal
7307,YP_009036540.1,portal
7308,YP_009035284.1,portal
7309,YP_009036164.1,portal
7310,YP_009140680.1,portal
7311,YP_009779737.1,portal
7312,YP_009779954.1,portal
7313,YP_009133440.1,portal
7314,YP_009134611.1,portal
7315,YP_009133666.1,portal
7316,YP_009140894.1,portal
7317,YP_009134101.1,portal
7318,YP_009218422.1,portal
7319,YP_009099566.1,portal
7320,YP_009146940.1,portal
7321,YP_009209265.1,portal
7322,YP_009209266.1,portal
7323,YP_009098014.1,portal
7324,YP_009099545.1,portal
7325,YP_009124556.1,portal
7326,YP_009123964.1,portal
7327,YP_009124929.1,portal
7328,YP_009874493.1,portal
7329,YP_009874438.1,portal
7330,YP_009101381.1,portal
7331,YP_009124997.1,portal
7332,YP_009151914.1,portal
7333,YP_009205141.1,portal
7334,YP_008058171.1,portal
7335,YP_009224138.1,portal
7336,YP_009304449.1,portal
7337,YP_009300937.1,portal
7338,YP_009102185.1,portal
7339,YP_009221022.1,portal
7340,YP_009205388.1,portal
7341,YP_009152979.1,portal
7342,YP_009213229.1,portal
7343,YP_009277306.1,portal
7344,YP_009276930.1,portal
7345,YP_009218065.1,portal
7346,YP_009216670.1,portal
7347,YP_009219404.1,portal
7348,YP_009277239.1,portal
7349,YP_009277374.1,portal
7350,YP_009223104.1,portal
7351,YP_009125479.1,portal
7352,YP_009195911.1,portal
7353,YP_009214463.1,portal
7354,YP_009208356.1,portal
7355,YP_009214131.1,portal
7356,YP_009195763.1,portal
7357,YP_009188491.1,portal
7358,YP_009209051.1,portal
7359,YP_009188207.1,portal
7360,YP_009195193.1,portal
7361,YP_009197948.1,portal
7362,YP_009202210.1,portal
7363,YP_009224869.1,portal
7364,YP_009598526.1,portal
7365,YP_009203448.1,portal
7366,YP_009624859.1,portal
7367,YP_009210451.1,portal
7368,YP_009782114.1,portal
7369,YP_009782359.1,portal
7370,YP_009219632.1,portal
7371,YP_009204066.1,portal
7372,YP_009195573.1,portal
7373,YP_009203205.1,portal
7374,YP_009193816.1,portal
7375,YP_009196102.1,portal
7376,YP_009593412.1,portal
7377,YP_009201913.1,portal
7378,YP_009874868.1,portal
7379,YP_009875208.1,portal
7380,YP_009874649.1,portal
7381,YP_009874980.1,portal
7382,YP_009875039.1,portal
7383,YP_009874702.1,portal
7384,YP_009875092.1,portal
7385,YP_009874596.1,portal
7386,YP_009875262.1,portal
7387,YP_009874755.1,portal
7388,YP_009875149.1,portal
7389,YP_009874813.1,portal
7390,YP_009874922.1,portal
7391,YP_009875380.1,portal
7392,YP_009875324.1,portal
7393,YP_009875429.1,portal
7394,YP_009874547.1,portal
7395,YP_009220155.1,portal
7396,YP_009217856.1,portal
7397,YP_009191457.1,portal
7398,YP_009785145.1,portal
7399,YP_009207650.1,portal
7400,YP_009211910.1,portal
7401,YP_009221387.1,portal
7402,YP_009221388.1,portal
7403,YP_009180944.1,portal
7404,YP_009601942.1,portal
7405,YP_009198108.1,portal
7406,YP_009782908.1,portal
7407,YP_009782602.1,portal
7408,YP_009204259.1,portal
7409,YP_009190561.1,portal
7410,YP_009194528.1,portal
7411,YP_009616432.1,portal
7412,YP_009592373.1,portal
7413,YP_009616507.1,portal
7414,YP_009215018.1,portal
7415,YP_009214680.1,portal
7416,YP_009188716.1,portal
7417,YP_009199687.1,portal
7418,YP_009322349.1,portal
7419,YP_009321791.1,portal
7420,YP_009320697.1,portal
7421,YP_009321975.1,portal
7422,YP_009324904.1,portal
7423,YP_009323491.1,portal
7424,YP_009322683.1,portal
7425,YP_009322103.1,portal
7426,YP_009321520.1,portal
7427,YP_009276879.1,portal
7428,YP_009191533.1,portal
7429,YP_009210697.1,portal
7430,YP_009193640.1,portal
7431,YP_009304031.1,portal
7432,YP_009195251.1,portal
7433,YP_009268873.1,portal
7434,YP_009276435.1,portal
7435,YP_009190871.1,portal
7436,YP_009830079.1,portal
7437,YP_009273331.1,portal
7438,YP_009304670.1,portal
7439,YP_009301836.1,portal
7440,YP_009302021.1,portal
7441,YP_009908488.1,portal
7442,YP_009908242.1,portal
7443,YP_009274690.1,portal
7444,YP_009325274.1,portal
7445,YP_009323535.1,portal
7446,YP_009325105.1,portal
7447,YP_009279643.1,portal
7448,YP_009303469.1,portal
7449,YP_009304574.1,portal
7450,YP_009301365.1,portal
7451,YP_009286049.1,portal
7452,YP_009303386.1,portal
7453,YP_009303949.1,portal
7454,YP_009276530.1,portal
7455,YP_009274016.1,portal
7456,YP_009274051.1,portal
7457,YP_009280021.1,portal
7458,YP_009908087.1,portal
7459,YP_009908162.1,portal
7460,YP_009324604.1,portal
7461,YP_009830799.1,portal
7462,YP_009830874.1,portal
7463,YP_009830736.1,portal
7464,YP_009285251.1,portal
7465,YP_009786245.1,portal
7466,YP_010056636.1,portal
7467,YP_009875637.1,portal
7468,YP_009875693.1,portal
7469,YP_009875861.1,portal
7470,YP_009875804.1,portal
7471,YP_009875751.1,portal
7472,YP_009321018.1,portal
7473,YP_010088767.1,portal
7474,YP_009320559.1,portal
7475,YP_009289812.1,portal
7476,YP_009596216.1,portal
7477,YP_009284783.1,portal
7478,YP_009289664.1,portal
7479,YP_010060456.1,portal
7480,YP_009596752.1,portal
7481,YP_009596807.1,portal
7482,YP_009596868.1,portal
7483,YP_009596925.1,portal
7484,YP_009596986.1,portal
7485,YP_009597046.1,portal
7486,YP_010063180.1,portal
7487,YP_010062400.1,portal
7488,YP_010080386.1,portal
7489,YP_009999004.1,portal
7490,YP_009999130.1,portal
7491,YP_009875982.1,portal
7492,YP_009793819.1,portal
7493,YP_010061620.1,portal
7494,YP_009831953.1,portal
7495,YP_009787791.1,portal
7496,YP_010081944.1,portal
7497,YP_009999370.1,portal
7498,YP_010062577.1,portal
7499,YP_010083370.1,portal
7500,YP_010062827.1,portal
7501,YP_009962354.1,portal
7502,YP_009830976.1,portal
7503,YP_009832443.1,portal
7504,YP_009789835.1,portal
7505,YP_010083021.1,portal
7506,YP_009832872.1,portal
7507,YP_009958653.1,portal
7508,YP_009602119.1,portal
7509,YP_009907923.1,portal
7510,YP_010063918.1,portal
7511,YP_010059972.1,portal
7512,YP_009790830.1,portal
7513,YP_009626516.1,portal
7514,YP_009951091.1,portal
7515,YP_009791285.1,portal
7516,YP_010081623.1,portal
7517,YP_009834131.1,portal
7518,YP_010064009.1,portal
7519,YP_010062308.1,portal
7520,YP_010062137.1,portal
7521,YP_010092024.1,portal
7522,YP_009878826.1,portal
7523,YP_009878878.1,portal
7524,YP_009878932.1,portal
7525,YP_009878986.1,portal
7526,YP_009879041.1,portal
7527,YP_009879095.1,portal
7528,YP_009879148.1,portal
7529,YP_009879201.1,portal
7530,YP_009879256.1,portal
7531,YP_010056792.1,portal
7532,YP_010083601.1,portal
7533,YP_009877817.1,portal
7534,YP_009877876.1,portal
7535,YP_009877924.1,portal
7536,YP_009877980.1,portal
7537,YP_009878031.1,portal
7538,YP_009878086.1,portal
7539,YP_009878146.1,portal
7540,YP_009878200.1,portal
7541,YP_009878261.1,portal
7542,YP_009878318.1,portal
7543,YP_009878366.1,portal
7544,YP_009878419.1,portal
7545,YP_009878472.1,portal
7546,YP_009878523.1,portal
7547,YP_009878568.1,portal
7548,YP_009878622.1,portal
7549,YP_009878675.1,portal
7550,YP_009878729.1,portal
7551,YP_009878777.1,portal
7552,YP_010055296.1,portal
7553,YP_010055619.1,portal
7554,YP_010055217.1,portal
7555,YP_010055375.1,portal
7556,YP_010063352.1,portal
7557,YP_010062485.1,portal
7558,YP_010063266.1,portal
7559,YP_009955819.1,portal
7560,YP_010061338.1,portal
7561,YP_009835932.1,portal
7562,YP_009620681.1,portal
7563,YP_009623855.1,portal
7564,YP_010056339.1,portal
7565,YP_009879307.1,portal
7566,YP_009879362.1,portal
7567,YP_010079522.1,portal
7568,YP_010055137.1,portal
7569,YP_010083877.1,portal
7570,YP_010083744.1,portal
7571,YP_010083679.1,portal
7572,YP_010083812.1,portal
7573,YP_010093644.1,portal
7574,YP_010083114.1,portal
7575,YP_009836547.1,portal
7576,YP_009836622.1,portal
7577,YP_009836333.1,portal
7578,YP_009836412.1,portal
7579,YP_009836482.1,portal
7580,YP_010061892.1,portal
7581,YP_009880354.1,portal
7582,YP_009964034.1,portal
7583,YP_009622465.1,portal
7584,YP_009998413.1,portal
7585,YP_009622810.1,portal
7586,YP_009957304.1,portal
7587,YP_009954379.1,portal
7588,YP_009908002.1,portal
7589,YP_009624530.1,portal
7590,YP_010055873.1,portal
7591,YP_010060548.1,portal
7592,YP_009959977.1,portal
7593,YP_010063726.1,portal
7594,YP_009960898.1,portal
7595,YP_010056560.1,portal
7596,YP_010061240.1,portal
7597,YP_010054650.1,portal
7598,YP_009838839.1,portal
7599,YP_009838906.1,portal
7600,YP_009838703.1,portal
7601,YP_009838774.1,portal
7602,YP_009838634.1,portal
7603,YP_010061801.1,portal
7604,YP_010096880.1,portal
7605,YP_010096617.1,portal
7606,YP_010096712.1,portal
7607,YP_009618249.1,portal
7608,YP_009810938.1,portal
7609,YP_010083475.1,portal
7610,YP_009838515.1,portal
7611,YP_009909769.1,portal
7612,YP_010098175.1,portal
7613,YP_010055060.1,portal
7614,YP_010062742.1,portal
7615,YP_009812346.1,portal
7616,YP_010001805.1,portal
7617,YP_010097905.1,portal
7618,YP_010055791.1,portal
7619,YP_009841551.1,portal
7620,YP_010051220.1,portal
7621,YP_009812398.1,portal
7622,YP_009840736.1,portal
7623,YP_009816604.1,portal
7624,YP_010001977.1,portal
7625,YP_010001890.1,portal
7626,YP_010001554.1,portal
7627,YP_010099422.1,portal
7628,YP_009816045.1,portal
7629,YP_009816898.1,portal
7630,YP_010063630.1,portal
7631,YP_010081594.1,portal
7632,YP_010079940.1,portal
7633,YP_010081752.1,portal
7634,YP_010081783.1,portal
7635,YP_010081887.1,portal
7636,YP_009814918.1,portal
7637,YP_010064198.1,portal
7638,YP_010060144.1,portal
7639,YP_009999517.1,portal
7640,YP_009998639.1,portal
7641,YP_010064105.1,portal
7642,YP_010100814.1,portal
7643,YP_009882326.1,portal
7644,YP_009882380.1,portal
7645,YP_009961517.1,portal
7646,YP_010061149.1,portal
7647,YP_009843609.1,portal
7648,YP_010083178.1,portal
7649,YP_009882710.1,portal
7650,YP_009882612.1,portal
7651,YP_009882564.1,portal
7652,YP_009882463.1,portal
7653,YP_009882498.1,portal
7654,YP_010054982.1,portal
7655,YP_009955714.1,portal
7656,YP_010063091.1,portal
7657,YP_009961101.1,portal
7658,YP_010061713.1,portal
7659,YP_009820533.1,portal
7660,YP_010061539.1,portal
7661,YP_010060288.1,portal
7662,YP_010055457.1,portal
7663,YP_009821007.1,portal
7664,YP_009845067.1,portal
7665,YP_010080051.1,portal
7666,YP_010101736.1,portal
7667,YP_010063003.1,portal
7668,YP_010101974.1,portal
7669,YP_009883048.1,portal
7670,YP_010083514.1,portal
7671,YP_010079687.1,portal
7672,YP_010102264.1,portal
7673,YP_010102165.1,portal
7674,YP_010102358.1,portal
7675,YP_010102070.1,portal
7676,YP_009849453.1,portal
7677,YP_010103616.1,portal
7678,YP_009907796.1,portal
7679,YP_010060055.1,portal
7680,YP_010054571.1,portal
7681,YP_010063450.1,portal
7682,YP_010103023.1,portal
7683,YP_010002061.1,portal
7684,YP_010102927.1,portal
7685,YP_010102842.1,portal
7686,YP_010059735.1,portal
7687,YP_009883373.1,portal
7688,YP_009883289.1,portal
7689,YP_010103800.1,portal
7690,YP_010056414.1,portal
7691,YP_010081971.1,portal
7692,YP_009884376.1,portal
7693,YP_010055703.1,portal
7694,YP_009851416.1,portal
7695,YP_009883889.1,portal
7696,YP_009852122.1,portal
7697,YP_010056187.1,portal
7698,YP_010104322.1,portal
7699,YP_009958348.1,portal
7700,YP_010104227.1,portal
7701,YP_009957196.1,portal
7702,YP_009853882.1,portal
7703,YP_010059487.1,portal
7704,YP_009853678.1,portal
7705,YP_010061052.1,portal
7706,YP_010063546.1,portal
7707,YP_009956776.1,portal
7708,YP_010061438.1,portal
7709,YP_010000105.1,portal
7710,YP_009884888.1,portal
7711,YP_009884982.1,portal
7712,YP_009884934.1,portal
7713,YP_009885437.1,portal
7714,YP_009885493.1,portal
7715,YP_009885547.1,portal
7716,YP_009885593.1,portal
7717,YP_009885646.1,portal
7718,YP_009885702.1,portal
7719,YP_009885765.1,portal
7720,YP_009885823.1,portal
7721,YP_009885880.1,portal
7722,YP_010079582.1,portal
7723,NP_878199.1,portal
7724,YP_002332512.1,portal
7725,NP_052249.1,portal
7726,YP_010064290.1,portal
7727,YP_010062652.1,portal
7728,YP_009957932.1,portal
7729,YP_010161349.1,portal
7730,YP_010055541.1,portal
7731,YP_010107648.1,portal
7732,YP_010060373.1,portal
7733,YP_010083283.1,portal
7734,YP_010107734.1,portal
7735,YP_010107770.1,portal
7736,YP_010107814.1,portal
7737,YP_010055956.1,portal
7738,YP_010056032.1,portal
7739,YP_009999779.1,portal
7740,YP_009909902.1,portal
7741,YP_009909642.1,portal
7742,YP_009910042.1,portal
7743,YP_010063820.1,portal
7744,YP_010109274.1,portal
7745,YP_010109364.1,portal
7746,YP_010061967.1,portal
7747,YP_009833583.1,portal
7748,YP_010038096.1,portal
7749,YP_010110056.1,portal
7750,YP_009999805.1,portal
7751,YP_009999878.1,portal
7752,YP_010109849.1,portal
7753,YP_010109467.1,portal
7754,YP_010109646.1,portal
7755,YP_009960177.1,portal
7756,YP_010054722.1,portal
7757,YP_010054812.1,portal
7758,YP_010056256.1,portal
7759,YP_010054893.1,portal
7760,YP_009594792.1,portal
7761,YP_009955610.1,portal
7762,YP_010114041.1,portal
7763,YP_009999443.1,portal
7764,YP_010113787.1,portal
7765,YP_009998833.1,portal
7766,YP_009998912.1,portal
7767,YP_009998986.1,portal
7768,YP_009998762.1,portal
7769,YP_009999197.1,portal
7770,YP_009999614.1,portal
7771,YP_009999652.1,portal
7772,YP_010056487.1,portal
7773,YP_010114931.1,portal
7774,YP_009997880.1,portal
7775,YP_009997537.1,portal
7776,YP_009996945.1,portal
7777,YP_009842491.1,portal
7778,YP_008771835.1,portal
7779,YP_007517554.1,portal
7780,YP_006589973.1,portal
7781,YP_009883039.1,portal
7782,YP_009208172.1,portal
7783,YP_001671753.1,portal
7784,YP_002922718.1,portal
7785,YP_007236793.1,portal
7786,YP_009836260.1,portal
7787,YP_009101269.1,portal
7788,YP_009100817.1,portal
7789,YP_063735.1,portal
7790,YP_009014879.1,portal
7791,YP_009018240.1,portal
7792,YP_002014220.1,portal
7793,YP_873988.1,portal
7794,YP_009209014.1,portal
7795,YP_009204410.1,portal
7796,YP_950601.1,portal
7797,YP_010278033.1,portal
7798,YP_010278147.1,portal
7799,YP_010187231.1,portal
7800,YP_010299038.1,portal
7801,YP_010299111.1,portal
7802,YP_010299168.1,portal
7803,YP_001994832.1,portal
7804,YP_003344849.1,portal
7805,YP_003347413.1,portal
7806,YP_003358715.1,portal
7807,YP_003857069.1,portal
7808,YP_005086960.1,portal
7809,YP_006560944.1,portal
7810,YP_006561165.1,portal
7811,YP_007005397.1,portal
7812,YP_009011911.1,portal
7813,YP_009013330.1,portal
7814,YP_009013468.1,portal
7815,YP_009016082.1,portal
7816,YP_009208039.1,portal
7817,YP_008058456.1,portal
7818,YP_008058574.1,portal
7819,YP_008239844.1,portal
7820,YP_008239958.1,portal
7821,YP_009600051.1,portal
7822,YP_010355267.1,portal
7823,YP_010355724.1,portal
7824,YP_010355502.1,portal
7825,YP_009881795.1,portal
7826,YP_009999276.1,portal
7827,YP_009999297.1,portal
7828,YP_006990121.1,portal
7829,YP_002941861.1,portal
7830,YP_008050864.1,portal
7831,YP_008051410.1,portal
7832,YP_008060241.1,portal
7833,YP_008126594.1,portal
7834,YP_008126252.1,portal
7835,YP_009004462.1,portal
7836,YP_009007287.1,portal
7837,YP_009035905.1,portal
7838,YP_009032497.1,portal
7839,YP_009043994.1,portal
7840,YP_009124746.1,portal
7841,YP_009125857.1,portal
7842,YP_009125386.1,portal
7843,YP_009198439.1,portal
7844,YP_009198227.1,portal
7845,YP_009195112.1,portal
7846,YP_009203284.1,portal
7847,YP_009203072.1,portal
7848,YP_009204194.1,portal
7849,YP_009209486.1,portal
7850,YP_009208285.1,portal
7851,YP_009215386.1,portal
7852,YP_009200948.1,portal
7853,YP_009207104.1,portal
7854,YP_009303563.1,portal
7855,YP_009276144.1,portal
7856,YP_009273066.1,portal
7857,YP_009274442.1,portal
7858,YP_009268936.1,portal
7859,YP_009269145.1,portal
7860,YP_009269313.1,portal
7861,YP_009287793.1,portal
7862,YP_009290205.1,portal
7863,YP_009281187.1,portal
7864,YP_009292395.1,portal
7865,YP_009285956.1,portal
7866,YP_009281626.1,portal
7867,YP_009013732.1,portal
7868,YP_009269035.1,portal
7869,YP_009949339.1,portal
7870,YP_009949259.1,portal
7871,NP_795403.1,portal
7872,YP_009804581.1,portal
7873,YP_009623041.1,portal
7874,YP_009624258.1,portal
7875,YP_009624144.1,portal
7876,YP_009624202.1,portal
7877,YP_009803126.1,portal
7878,YP_009807283.1,portal
7879,YP_009910760.1,portal
7880,YP_009841647.1,portal
7881,YP_009818835.1,portal
7882,YP_009843708.1,portal
7883,YP_009845413.1,portal
7884,YP_009847657.1,portal
7885,YP_009849227.1,portal
7886,YP_009847714.1,portal
7887,YP_009850685.1,portal
7888,YP_009851888.1,portal
7889,YP_009851889.1,portal
7890,YP_009851890.1,portal
7891,YP_009854632.1,portal
7892,YP_009854778.1,portal
7893,YP_009855048.1,portal
7894,YP_009855116.1,portal
7895,YP_009855402.1,portal
7896,YP_009855531.1,portal
7897,YP_009857411.1,portal
7898,YP_009859526.1,portal
7899,YP_009996790.1,portal
7900,YP_009996589.1,portal
7901,YP_009996765.1,portal
7902,YP_009996715.1,portal
7903,YP_009996817.1,portal
7904,YP_009996664.1,portal
7905,YP_009996614.1,portal
7906,YP_009996690.1,portal
7907,YP_009996740.1,portal
7908,YP_009996639.1,portal
7909,YP_010050602.1,portal
7910,YP_010059294.1,portal
7911,YP_010091615.1,portal
7912,YP_010110429.1,portal
7913,YP_010110804.1,portal
7914,YP_010111117.1,portal
7915,YP_010111420.1,portal
7916,YP_010111592.1,portal
7917,YP_010111612.1,portal
7918,YP_010111774.1,portal
7919,YP_010111894.1,portal
7920,YP_010111966.1,portal
7921,YP_010111026.1,portal
7922,YP_001449296.1,portal
7923,YP_001039921.1,portal
7924,YP_002321457.1,portal
7925,YP_003714730.1,portal
7926,YP_009909169.1,portal
7927,YP_007005681.1,portal
7928,YP_007237996.1,portal
7929,YP_009909091.1,portal
7930,YP_009829963.1,portal
7931,YP_009829964.1,portal
7932,YP_009829965.1,portal
7933,YP_009830710.1,portal
7934,YP_009279502.1,portal
7935,YP_009286346.1,portal
7936,YP_009876750.1,portal
7937,YP_009792184.1,portal
7938,YP_009792701.1,portal
7939,YP_009802416.1,portal
7940,YP_009816527.1,portal
7941,YP_009796837.1,portal
7942,YP_009801484.1,portal
7943,YP_009802685.1,portal
7944,YP_009815205.1,portal
7945,YP_009815276.1,portal
7946,YP_009815418.1,portal
7947,YP_009815481.1,portal
7948,YP_009815553.1,portal
7949,YP_009819828.1,portal
7950,YP_009819882.1,portal
7951,YP_009845441.1,portal
7952,YP_010080421.1,portal
7953,YP_009885083.1,portal
7954,YP_009854708.1,portal
7955,YP_009854908.1,portal
7956,YP_009854981.1,portal
7957,YP_009855190.1,portal
7958,YP_009855263.1,portal
7959,YP_009855335.1,portal
7960,YP_009949341.1,portal
7961,YP_009949340.1,portal
7962,YP_009949210.1,portal
7963,YP_010078149.1,portal
7964,YP_006907179.1,portal
7965,YP_010356953.1,portal
7966,YP_010357007.1,portal
7967,YP_010357480.1,portal
7968,YP_010357568.1,portal
7969,YP_009801103.1,tail_fiber
7970,YP_009801161.1,tail_fiber
7971,YP_010105824.1,tail_fiber
7972,YP_010105630.1,tail_fiber
7973,YP_010108081.1,tail_fiber
7974,YP_010108664.1,tail_fiber
7975,YP_010108275.1,tail_fiber
7976,YP_010108468.1,tail_fiber
7977,YP_010114209.1,tail_fiber
7978,YP_009804599.1,tail_fiber
7979,YP_002274206.1,tail_fiber
7980,YP_009789235.1,tail_fiber
7981,YP_009881009.1,tail_fiber
7982,YP_009886269.1,tail_fiber
7983,YP_009886513.1,tail_fiber
7984,YP_009966025.1,tail_fiber
7985,YP_009848545.1,tail_fiber
7986,YP_009831570.1,tail_fiber
7987,YP_009793724.1,tail_fiber
7988,YP_009831286.1,tail_fiber
7989,YP_009792496.1,tail_fiber
7990,YP_009792546.1,tail_fiber
7991,YP_009794915.1,tail_fiber
7992,YP_009794966.1,tail_fiber
7993,YP_009795082.1,tail_fiber
7994,YP_009801149.1,tail_fiber
7995,YP_009804021.1,tail_fiber
7996,YP_009805602.1,tail_fiber
7997,YP_009804734.1,tail_fiber
7998,YP_009814687.1,tail_fiber
7999,YP_009841416.1,tail_fiber
8000,YP_009824310.1,tail_fiber
8001,YP_009824565.1,tail_fiber
8002,YP_009815041.1,tail_fiber
8003,YP_009818752.1,tail_fiber
8004,YP_009820350.1,tail_fiber
8005,YP_009849762.1,tail_fiber
8006,YP_009848649.1,tail_fiber
8007,YP_009851790.1,tail_fiber
8008,YP_009909731.1,tail_fiber
8009,YP_009858976.1,tail_fiber
8010,YP_009858634.1,tail_fiber
8011,YP_009857977.1,tail_fiber
8012,YP_009858143.1,tail_fiber
8013,YP_009858470.1,tail_fiber
8014,YP_009857826.1,tail_fiber
8015,YP_009858798.1,tail_fiber
8016,YP_009858307.1,tail_fiber
8017,YP_010093070.1,tail_fiber
8018,YP_009788594.1,tail_fiber
8019,YP_010067396.1,tail_fiber
8020,YP_006500.1,tail_fiber
8021,YP_006501.1,tail_fiber
8022,NP_046776.1,tail_fiber
8023,YP_009591448.1,tail_fiber
8024,YP_009914507.1,tail_fiber
8025,YP_010067129.1,tail_fiber
8026,YP_010067131.1,tail_fiber
8027,NP_958075.1,tail_fiber
8028,NP_037719.1,tail_fiber
8029,YP_001449312.1,tail_fiber
8030,YP_003335799.1,tail_fiber
8031,YP_004415139.1,tail_fiber
8032,YP_009149492.1,tail_fiber
8033,YP_009909339.1,tail_fiber
8034,YP_009150828.1,tail_fiber
8035,YP_009037525.1,tail_fiber
8036,YP_009148688.1,tail_fiber
8037,YP_009967020.1,tail_fiber
8038,YP_009111062.1,tail_fiber
8039,YP_009784781.1,tail_fiber
8040,YP_009785167.1,tail_fiber
8041,YP_009211930.1,tail_fiber
8042,YP_010088283.1,tail_fiber
8043,YP_010066655.1,tail_fiber
8044,YP_010066194.1,tail_fiber
8045,YP_010066196.1,tail_fiber
8046,YP_010066032.1,tail_fiber
8047,YP_009284211.1,tail_fiber
8048,YP_009210167.1,tail_fiber
8049,YP_010088468.1,tail_fiber
8050,YP_009290510.1,tail_fiber
8051,YP_009281582.1,tail_fiber
8052,YP_010073124.1,tail_fiber
8053,YP_009786115.1,tail_fiber
8054,YP_010088766.1,tail_fiber
8055,YP_010091870.1,tail_fiber
8056,YP_009786909.1,tail_fiber
8057,YP_009787746.1,tail_fiber
8058,YP_010076864.1,tail_fiber
8059,YP_010076862.1,tail_fiber
8060,YP_009787857.1,tail_fiber
8061,YP_010074966.1,tail_fiber
8062,YP_009800434.1,tail_fiber
8063,YP_010090079.1,tail_fiber
8064,YP_009790573.1,tail_fiber
8065,YP_009608423.1,tail_fiber
8066,YP_010092407.1,tail_fiber
8067,YP_009914710.1,tail_fiber
8068,YP_009914711.1,tail_fiber
8069,YP_009619054.1,tail_fiber
8070,YP_009619178.1,tail_fiber
8071,YP_009804101.1,tail_fiber
8072,YP_010076446.1,tail_fiber
8073,YP_010092011.1,tail_fiber
8074,YP_010067929.1,tail_fiber
8075,YP_010068484.1,tail_fiber
8076,YP_010075140.1,tail_fiber
8077,YP_009799068.1,tail_fiber
8078,YP_009799167.1,tail_fiber
8079,YP_009799216.1,tail_fiber
8080,YP_009799119.1,tail_fiber
8081,YP_010077131.1,tail_fiber
8082,YP_010091551.1,tail_fiber
8083,YP_010073620.1,tail_fiber
8084,YP_010073896.1,tail_fiber
8085,YP_010061902.1,tail_fiber
8086,YP_010065304.1,tail_fiber
8087,YP_009798002.1,tail_fiber
8088,YP_010069268.1,tail_fiber
8089,YP_010069809.1,tail_fiber
8090,YP_010090893.1,tail_fiber
8091,YP_009837350.1,tail_fiber
8092,YP_010094127.1,tail_fiber
8093,YP_010095107.1,tail_fiber
8094,YP_009800814.1,tail_fiber
8095,YP_010066408.1,tail_fiber
8096,YP_009889871.1,tail_fiber
8097,YP_009889872.1,tail_fiber
8098,YP_009914615.1,tail_fiber
8099,YP_010072259.1,tail_fiber
8100,YP_010071719.1,tail_fiber
8101,YP_009802559.1,tail_fiber
8102,YP_010096465.1,tail_fiber
8103,YP_009881008.1,tail_fiber
8104,YP_009818026.1,tail_fiber
8105,YP_009881460.1,tail_fiber
8106,YP_010080829.1,tail_fiber
8107,YP_009842869.1,tail_fiber
8108,YP_010072917.1,tail_fiber
8109,YP_010077241.1,tail_fiber
8110,YP_010077243.1,tail_fiber
8111,YP_010093295.1,tail_fiber
8112,YP_010067661.1,tail_fiber
8113,YP_010100201.1,tail_fiber
8114,YP_009903209.1,tail_fiber
8115,YP_009829563.1,tail_fiber
8116,YP_010070350.1,tail_fiber
8117,YP_010070075.1,tail_fiber
8118,YP_010070629.1,tail_fiber
8119,YP_010072537.1,tail_fiber
8120,YP_010069542.1,tail_fiber
8121,YP_010071451.1,tail_fiber
8122,YP_010070901.1,tail_fiber
8123,YP_009820998.1,tail_fiber
8124,YP_009833197.1,tail_fiber
8125,YP_009883072.1,tail_fiber
8126,YP_010068153.1,tail_fiber
8127,YP_009850442.1,tail_fiber
8128,YP_010076052.1,tail_fiber
8129,YP_010076331.1,tail_fiber
8130,YP_010064610.1,tail_fiber
8131,YP_009883393.1,tail_fiber
8132,YP_009883308.1,tail_fiber
8133,YP_010075518.1,tail_fiber
8134,YP_009885423.1,tail_fiber
8135,YP_010080681.1,tail_fiber
8136,YP_010081289.1,tail_fiber
8137,YP_010081093.1,tail_fiber
8138,YP_010081328.1,tail_fiber
8139,YP_010081362.1,tail_fiber
8140,YP_010081400.1,tail_fiber
8141,YP_010081134.1,tail_fiber
8142,YP_010081169.1,tail_fiber
8143,YP_010081253.1,tail_fiber
8144,YP_010081545.1,tail_fiber
8145,NP_878218.1,tail_fiber
8146,YP_009887011.1,tail_fiber
8147,YP_009887012.1,tail_fiber
8148,YP_009886268.1,tail_fiber
8149,YP_009886763.1,tail_fiber
8150,YP_009886512.1,tail_fiber
8151,YP_010077481.1,tail_fiber
8152,YP_010068896.1,tail_fiber
8153,YP_009855969.1,tail_fiber
8154,YP_009901773.1,tail_fiber
8155,YP_010074045.1,tail_fiber
8156,YP_010074047.1,tail_fiber
8157,YP_010074448.1,tail_fiber
8158,YP_010074450.1,tail_fiber
8159,YP_010074519.1,tail_fiber
8160,YP_010074521.1,tail_fiber
8161,YP_009949319.1,tail_fiber
8162,YP_009949318.1,tail_fiber
8163,YP_009949231.1,tail_fiber
8164,YP_009965314.1,tail_fiber
8165,YP_009965313.1,tail_fiber
8166,YP_010065888.1,tail_fiber
8167,YP_010065616.1,tail_fiber
8168,YP_010075786.1,tail_fiber
8169,YP_009914328.1,tail_fiber
8170,YP_009914337.1,tail_fiber
8171,YP_009914431.1,tail_fiber
8172,YP_009913698.1,tail_fiber
8173,YP_010071016.1,tail_fiber
8174,YP_010107753.1,tail_fiber
8175,YP_010107790.1,tail_fiber
8176,YP_010107833.1,tail_fiber
8177,YP_009777705.1,tail_fiber
8178,YP_009999763.1,tail_fiber
8179,YP_009909925.1,tail_fiber
8180,YP_010038084.1,tail_fiber
8181,YP_010068739.1,tail_fiber
8182,YP_010068737.1,tail_fiber
8183,YP_010071997.1,tail_fiber
8184,YP_010072811.1,tail_fiber
8185,YP_010072813.1,tail_fiber
8186,YP_010037980.1,tail_fiber
8187,YP_009966150.1,tail_fiber
8188,YP_010278370.1,tail_fiber
8189,YP_010348187.1,tail_fiber
8190,YP_010099670.1,tail_fiber
8191,YP_010093067.1,tail_fiber
8192,YP_009966685.1,tail_fiber
8193,YP_009948893.1,tail_fiber
8194,YP_009877611.1,tail_fiber
8195,YP_009879418.1,tail_fiber
8196,YP_009798855.1,tail_fiber
8197,YP_009883624.1,tail_fiber
8198,YP_009848744.1,tail_fiber
8199,YP_009889937.1,tail_fiber
8200,YP_009883134.1,tail_fiber
8201,YP_009889508.1,tail_fiber
8202,YP_009624514.1,tail_fiber
8203,YP_010091776.1,tail_fiber
8204,YP_009876045.1,tail_fiber
8205,YP_009999387.1,tail_fiber
8206,YP_009832460.1,tail_fiber
8207,YP_009797956.1,tail_fiber
8208,YP_010069270.1,tail_fiber
8209,YP_010090963.1,tail_fiber
8210,YP_009799776.1,tail_fiber
8211,YP_010071721.1,tail_fiber
8212,YP_009840753.1,tail_fiber
8213,YP_009813849.1,tail_fiber
8214,YP_009813804.1,tail_fiber
8215,YP_009998656.1,tail_fiber
8216,YP_010161332.1,tail_fiber
8217,YP_009999821.1,tail_fiber
8218,YP_009999894.1,tail_fiber
8219,YP_009966145.1,tail_fiber
8220,YP_009999260.1,tail_fiber
8221,YP_009999351.1,tail_fiber
8222,YP_009949108.1,tail_fiber
8223,YP_009612137.1,tail_fiber
8224,YP_009948935.1,tail_fiber
8225,YP_006961.1,tail_fiber
8226,YP_009173813.1,tail_fiber
8227,NP_944211.1,tail_fiber
8228,NP_918975.1,tail_fiber
8229,YP_874014.1,tail_fiber
8230,YP_001285455.1,tail_fiber
8231,YP_009140335.1,tail_fiber
8232,YP_009220197.1,tail_fiber
8233,YP_003347940.1,tail_fiber
8234,YP_004782208.1,tail_fiber
8235,YP_003580107.1,tail_fiber
8236,YP_003580108.1,tail_fiber
8237,YP_004421487.1,tail_fiber
8238,YP_005098346.1,tail_fiber
8239,YP_005098347.1,tail_fiber
8240,YP_003969058.1,tail_fiber
8241,YP_003969059.1,tail_fiber
8242,YP_003969060.1,tail_fiber
8243,YP_003969400.1,tail_fiber
8244,YP_003969401.1,tail_fiber
8245,YP_009011741.1,tail_fiber
8246,YP_009011743.1,tail_fiber
8247,YP_004306354.1,tail_fiber
8248,YP_004251290.1,tail_fiber
8249,YP_004678793.1,tail_fiber
8250,YP_006489032.1,tail_fiber
8251,YP_006489029.1,tail_fiber
8252,YP_006489023.1,tail_fiber
8253,YP_004895332.1,tail_fiber
8254,YP_004957459.1,tail_fiber
8255,YP_007348897.1,tail_fiber
8256,YP_007348898.1,tail_fiber
8257,YP_006986475.1,tail_fiber
8258,YP_006986535.1,tail_fiber
8259,YP_006986539.1,tail_fiber
8260,YP_007112632.1,tail_fiber
8261,YP_007010301.1,tail_fiber
8262,YP_009101472.1,tail_fiber
8263,YP_007236260.1,tail_fiber
8264,YP_009617756.1,tail_fiber
8265,YP_009617800.1,tail_fiber
8266,YP_008320495.1,tail_fiber
8267,YP_008320496.1,tail_fiber
8268,YP_009217599.1,tail_fiber
8269,YP_009217619.1,tail_fiber
8270,YP_009217620.1,tail_fiber
8271,YP_006905887.1,tail_fiber
8272,YP_007348539.1,tail_fiber
8273,YP_006906093.1,tail_fiber
8274,YP_007517797.1,tail_fiber
8275,YP_009216102.1,tail_fiber
8276,YP_008060723.1,tail_fiber
8277,YP_008060782.1,tail_fiber
8278,YP_008060784.1,tail_fiber
8279,YP_008869258.1,tail_fiber
8280,YP_009603973.1,tail_fiber
8281,YP_009042794.1,tail_fiber
8282,YP_008853879.1,tail_fiber
8283,YP_008853880.1,tail_fiber
8284,YP_008770031.1,tail_fiber
8285,YP_008770523.1,tail_fiber
8286,YP_009004264.1,tail_fiber
8287,YP_008771819.1,tail_fiber
8288,YP_008858914.1,tail_fiber
8289,YP_008858915.1,tail_fiber
8290,YP_008858916.1,tail_fiber
8291,YP_008858917.1,tail_fiber
8292,YP_008859426.1,tail_fiber
8293,YP_009639172.1,tail_fiber
8294,YP_009005094.1,tail_fiber
8295,YP_009030453.1,tail_fiber
8296,YP_009021675.1,tail_fiber
8297,YP_009021355.1,tail_fiber
8298,YP_009021396.1,tail_fiber
8299,YP_009097808.1,tail_fiber
8300,YP_009097866.1,tail_fiber
8301,YP_009097868.1,tail_fiber
8302,YP_009152815.1,tail_fiber
8303,YP_009151965.1,tail_fiber
8304,YP_009145638.1,tail_fiber
8305,YP_009210051.1,tail_fiber
8306,YP_006908863.1,tail_fiber
8307,YP_006908869.1,tail_fiber
8308,YP_009196814.1,tail_fiber
8309,YP_009226131.1,tail_fiber
8310,YP_009221565.1,tail_fiber
8311,YP_009191789.1,tail_fiber
8312,YP_009220799.1,tail_fiber
8313,YP_009220808.1,tail_fiber
8314,YP_009220999.1,tail_fiber
8315,YP_009221000.1,tail_fiber
8316,YP_009218737.1,tail_fiber
8317,YP_009218738.1,tail_fiber
8318,YP_009218739.1,tail_fiber
8319,YP_009218741.1,tail_fiber
8320,YP_009218801.1,tail_fiber
8321,YP_009197485.1,tail_fiber
8322,YP_009194510.1,tail_fiber
8323,YP_009194511.1,tail_fiber
8324,YP_009607458.1,tail_fiber
8325,YP_009607459.1,tail_fiber
8326,YP_009607180.1,tail_fiber
8327,YP_009607181.1,tail_fiber
8328,YP_009288671.1,tail_fiber
8329,YP_009225277.1,tail_fiber
8330,YP_009195021.1,tail_fiber
8331,YP_009195082.1,tail_fiber
8332,YP_009195084.1,tail_fiber
8333,YP_009195086.1,tail_fiber
8334,YP_009198019.1,tail_fiber
8335,YP_009218895.1,tail_fiber
8336,YP_009191338.1,tail_fiber
8337,YP_009785948.1,tail_fiber
8338,YP_009323819.1,tail_fiber
8339,YP_009323872.1,tail_fiber
8340,YP_009320819.1,tail_fiber
8341,YP_009320871.1,tail_fiber
8342,YP_009320872.1,tail_fiber
8343,YP_009596180.1,tail_fiber
8344,YP_009616015.1,tail_fiber
8345,YP_009280279.1,tail_fiber
8346,YP_009280326.1,tail_fiber
8347,YP_009283774.1,tail_fiber
8348,YP_009283823.1,tail_fiber
8349,YP_009285740.1,tail_fiber
8350,YP_009285798.1,tail_fiber
8351,YP_009285800.1,tail_fiber
8352,YP_009831503.1,tail_fiber
8353,YP_009831566.1,tail_fiber
8354,YP_009626498.1,tail_fiber
8355,YP_009786621.1,tail_fiber
8356,YP_009831221.1,tail_fiber
8357,YP_009831282.1,tail_fiber
8358,YP_009831284.1,tail_fiber
8359,YP_009787148.1,tail_fiber
8360,YP_009876470.1,tail_fiber
8361,YP_009833185.1,tail_fiber
8362,YP_009618487.1,tail_fiber
8363,YP_009794804.1,tail_fiber
8364,YP_009609112.1,tail_fiber
8365,YP_009610379.1,tail_fiber
8366,YP_009610536.1,tail_fiber
8367,YP_009834315.1,tail_fiber
8368,YP_009791566.1,tail_fiber
8369,YP_009795127.1,tail_fiber
8370,YP_009795128.1,tail_fiber
8371,YP_009877769.1,tail_fiber
8372,YP_009834947.1,tail_fiber
8373,YP_009804422.1,tail_fiber
8374,YP_009619923.1,tail_fiber
8375,YP_009620588.1,tail_fiber
8376,YP_009621065.1,tail_fiber
8377,YP_009804563.1,tail_fiber
8378,YP_009624336.1,tail_fiber
8379,YP_009624618.1,tail_fiber
8380,YP_009806074.1,tail_fiber
8381,YP_009805451.1,tail_fiber
8382,YP_009805452.1,tail_fiber
8383,YP_009813884.1,tail_fiber
8384,YP_009841470.1,tail_fiber
8385,YP_009812287.1,tail_fiber
8386,YP_009842138.1,tail_fiber
8387,YP_009818753.1,tail_fiber
8388,YP_009908883.1,tail_fiber
8389,YP_009909013.1,tail_fiber
8390,YP_009909038.1,tail_fiber
8391,YP_009908828.1,tail_fiber
8392,YP_009908854.1,tail_fiber
8393,YP_009908935.1,tail_fiber
8394,YP_009908986.1,tail_fiber
8395,YP_009908908.1,tail_fiber
8396,YP_009621128.1,tail_fiber
8397,YP_009621321.1,tail_fiber
8398,YP_009848025.1,tail_fiber
8399,YP_009888123.1,tail_fiber
8400,YP_009888124.1,tail_fiber
8401,YP_009887532.1,tail_fiber
8402,YP_009889142.1,tail_fiber
8403,YP_009888730.1,tail_fiber
8404,YP_009857777.1,tail_fiber
8405,YP_009857778.1,tail_fiber
8406,YP_009887343.1,tail_fiber
8407,YP_009887345.1,tail_fiber
8408,YP_009985124.1,tail_fiber
8409,YP_009985603.1,tail_fiber
8410,YP_009985839.1,tail_fiber
8411,YP_009986103.1,tail_fiber
8412,YP_009986348.1,tail_fiber
8413,YP_009986518.1,tail_fiber
8414,YP_009986892.1,tail_fiber
8415,YP_009987347.1,tail_fiber
8416,YP_010050807.1,tail_fiber
8417,YP_010089170.1,tail_fiber
8418,YP_010093065.1,tail_fiber
8419,YP_010093066.1,tail_fiber
8420,YP_010095922.1,tail_fiber
8421,YP_010110033.1,tail_fiber
8422,YP_010113913.1,tail_fiber
8423,YP_008125169.1,tail_fiber
8424,YP_008125200.1,tail_fiber
8425,YP_004849279.1,tail_fiber
8426,YP_008857662.1,tail_fiber
8427,YP_009800372.1,tail_fiber
8428,YP_007236349.2,tail_fiber
8429,YP_007236353.2,tail_fiber
8430,YP_009003197.1,tail_fiber
8431,YP_009201449.1,tail_fiber
8432,YP_009201452.1,tail_fiber
8433,YP_009203194.1,tail_fiber
8434,YP_009223415.1,tail_fiber
8435,YP_009594248.1,tail_fiber
8436,YP_009594252.1,tail_fiber
8437,YP_009594263.1,tail_fiber
8438,YP_009597927.1,tail_fiber
8439,YP_009604704.1,tail_fiber
8440,YP_009624511.1,tail_fiber
8441,NP_049770.1,tail_fiber
8442,NP_049862.1,tail_fiber
8443,YP_010067303.1,tail_fiber
8444,YP_010067395.1,tail_fiber
8445,YP_006502.1,tail_fiber
8446,YP_009591449.1,tail_fiber
8447,YP_010067041.1,tail_fiber
8448,YP_010067128.1,tail_fiber
8449,YP_010067130.1,tail_fiber
8450,YP_002854202.1,tail_fiber
8451,NP_049519.1,tail_fiber
8452,NP_861941.1,tail_fiber
8453,NP_861943.1,tail_fiber
8454,NP_958074.1,tail_fiber
8455,YP_009098596.1,tail_fiber
8456,YP_009098631.1,tail_fiber
8457,YP_009098632.1,tail_fiber
8458,YP_009167581.1,tail_fiber
8459,YP_009167615.1,tail_fiber
8460,YP_009167616.1,tail_fiber
8461,YP_009167617.1,tail_fiber
8462,NP_891820.1,tail_fiber
8463,NP_891822.1,tail_fiber
8464,YP_008318502.1,tail_fiber
8465,YP_009167960.1,tail_fiber
8466,YP_009168067.1,tail_fiber
8467,YP_009168068.1,tail_fiber
8468,YP_009168069.1,tail_fiber
8469,YP_009102414.1,tail_fiber
8470,YP_009102447.1,tail_fiber
8471,YP_009102448.1,tail_fiber
8472,YP_009102449.1,tail_fiber
8473,NP_050557.1,tail_fiber
8474,NP_052117.1,tail_fiber
8475,NP_892070.1,tail_fiber
8476,NP_892072.1,tail_fiber
8477,NP_859099.1,tail_fiber
8478,NP_859265.1,tail_fiber
8479,NP_813781.1,tail_fiber
8480,NP_944293.1,tail_fiber
8481,YP_002308541.1,tail_fiber
8482,YP_512324.1,tail_fiber
8483,YP_338198.1,tail_fiber
8484,YP_459979.1,tail_fiber
8485,YP_002003532.1,tail_fiber
8486,YP_002003543.1,tail_fiber
8487,YP_007151695.1,tail_fiber
8488,YP_007151758.1,tail_fiber
8489,YP_004324404.1,tail_fiber
8490,YP_004324409.1,tail_fiber
8491,YP_004323654.1,tail_fiber
8492,YP_009617252.1,tail_fiber
8493,YP_009617253.1,tail_fiber
8494,YP_001648952.1,tail_fiber
8495,YP_002455977.1,tail_fiber
8496,YP_002922324.1,tail_fiber
8497,YP_002922326.1,tail_fiber
8498,YP_003934796.1,tail_fiber
8499,YP_003934886.1,tail_fiber
8500,YP_003335798.1,tail_fiber
8501,YP_003335800.1,tail_fiber
8502,YP_003335801.1,tail_fiber
8503,YP_003347555.1,tail_fiber
8504,YP_009302117.1,tail_fiber
8505,YP_009012582.1,tail_fiber
8506,YP_009012586.1,tail_fiber
8507,YP_009012587.1,tail_fiber
8508,YP_009012589.1,tail_fiber
8509,YP_009017615.1,tail_fiber
8510,YP_009017618.1,tail_fiber
8511,YP_009017619.1,tail_fiber
8512,YP_009168811.1,tail_fiber
8513,YP_009168860.1,tail_fiber
8514,YP_007673203.1,tail_fiber
8515,YP_007676433.1,tail_fiber
8516,YP_009103805.1,tail_fiber
8517,YP_009103540.1,tail_fiber
8518,YP_009782943.1,tail_fiber
8519,YP_007238199.1,tail_fiber
8520,YP_009168163.1,tail_fiber
8521,YP_007003526.1,tail_fiber
8522,YP_009187381.1,tail_fiber
8523,YP_007238011.1,tail_fiber
8524,YP_007238069.1,tail_fiber
8525,YP_007501031.1,tail_fiber
8526,YP_007238118.1,tail_fiber
8527,YP_004415053.1,tail_fiber
8528,YP_004678762.1,tail_fiber
8529,YP_007004199.1,tail_fiber
8530,YP_007004288.1,tail_fiber
8531,YP_004782196.1,tail_fiber
8532,YP_007004987.1,tail_fiber
8533,YP_007004988.1,tail_fiber
8534,YP_007004989.1,tail_fiber
8535,YP_007004990.1,tail_fiber
8536,YP_007004537.1,tail_fiber
8537,YP_007004587.1,tail_fiber
8538,YP_007004621.1,tail_fiber
8539,YP_007004622.1,tail_fiber
8540,YP_007004623.1,tail_fiber
8541,YP_006560707.1,tail_fiber
8542,YP_009829830.1,tail_fiber
8543,YP_007004374.1,tail_fiber
8544,YP_007001477.1,tail_fiber
8545,YP_007518411.1,tail_fiber
8546,YP_007006201.1,tail_fiber
8547,YP_007006212.1,tail_fiber
8548,YP_006907803.1,tail_fiber
8549,YP_007006015.1,tail_fiber
8550,YP_007006128.1,tail_fiber
8551,YP_006987039.1,tail_fiber
8552,YP_006987062.1,tail_fiber
8553,YP_006987325.1,tail_fiber
8554,YP_006987360.1,tail_fiber
8555,YP_006986804.1,tail_fiber
8556,YP_006986805.1,tail_fiber
8557,YP_007111724.1,tail_fiber
8558,YP_007112154.1,tail_fiber
8559,YP_007112159.1,tail_fiber
8560,YP_007112561.1,tail_fiber
8561,YP_007112299.1,tail_fiber
8562,YP_007111797.1,tail_fiber
8563,YP_007111798.1,tail_fiber
8564,YP_007111799.1,tail_fiber
8565,YP_007111526.1,tail_fiber
8566,YP_007111601.1,tail_fiber
8567,YP_007111393.1,tail_fiber
8568,YP_007111397.1,tail_fiber
8569,YP_007111461.1,tail_fiber
8570,YP_007112366.1,tail_fiber
8571,YP_007112440.1,tail_fiber
8572,YP_006906882.1,tail_fiber
8573,YP_007007031.1,tail_fiber
8574,YP_008239656.1,tail_fiber
8575,YP_008239575.1,tail_fiber
8576,YP_008239576.1,tail_fiber
8577,YP_006488684.1,tail_fiber
8578,YP_009150170.1,tail_fiber
8579,YP_009150171.1,tail_fiber
8580,YP_009102684.1,tail_fiber
8581,YP_009148834.1,tail_fiber
8582,YP_007237053.1,tail_fiber
8583,YP_007236080.1,tail_fiber
8584,YP_009149403.1,tail_fiber
8585,YP_009149455.1,tail_fiber
8586,YP_009908319.1,tail_fiber
8587,YP_006905987.1,tail_fiber
8588,YP_006990236.1,tail_fiber
8589,YP_006990241.1,tail_fiber
8590,YP_008766807.1,tail_fiber
8591,YP_009103197.1,tail_fiber
8592,YP_009003131.1,tail_fiber
8593,YP_009779013.1,tail_fiber
8594,YP_009779227.1,tail_fiber
8595,YP_009779442.1,tail_fiber
8596,YP_007517845.1,tail_fiber
8597,YP_009220088.1,tail_fiber
8598,YP_008858666.1,tail_fiber
8599,YP_008530285.1,tail_fiber
8600,YP_009008163.1,tail_fiber
8601,YP_009153757.1,tail_fiber
8602,YP_009153848.1,tail_fiber
8603,YP_009153849.1,tail_fiber
8604,YP_009009163.1,tail_fiber
8605,YP_008766937.1,tail_fiber
8606,YP_009056823.1,tail_fiber
8607,YP_009056824.1,tail_fiber
8608,YP_009056825.1,tail_fiber
8609,YP_008770326.1,tail_fiber
8610,YP_008766885.1,tail_fiber
8611,YP_008766886.1,tail_fiber
8612,YP_009005150.1,tail_fiber
8613,YP_009006074.1,tail_fiber
8614,YP_009056550.1,tail_fiber
8615,YP_009055376.1,tail_fiber
8616,YP_009056087.1,tail_fiber
8617,YP_009226887.1,tail_fiber
8618,YP_009148585.1,tail_fiber
8619,YP_009193995.2,tail_fiber
8620,YP_009030938.1,tail_fiber
8621,YP_009275678.1,tail_fiber
8622,YP_009005441.1,tail_fiber
8623,YP_009005535.1,tail_fiber
8624,YP_009005536.1,tail_fiber
8625,YP_009031970.1,tail_fiber
8626,YP_009030217.1,tail_fiber
8627,YP_009030297.1,tail_fiber
8628,YP_009030300.1,tail_fiber
8629,YP_009030302.1,tail_fiber
8630,YP_009036995.1,tail_fiber
8631,YP_009035617.1,tail_fiber
8632,YP_009035290.1,tail_fiber
8633,YP_009778953.1,tail_fiber
8634,YP_009030858.1,tail_fiber
8635,YP_009030859.1,tail_fiber
8636,YP_009030860.1,tail_fiber
8637,YP_009043269.1,tail_fiber
8638,YP_009592797.1,tail_fiber
8639,YP_009592985.1,tail_fiber
8640,YP_009592990.1,tail_fiber
8641,YP_009593159.1,tail_fiber
8642,YP_009099318.1,tail_fiber
8643,YP_009221531.1,tail_fiber
8644,YP_009221532.1,tail_fiber
8645,YP_009056445.1,tail_fiber
8646,YP_009152452.1,tail_fiber
8647,YP_009111152.1,tail_fiber
8648,YP_009102835.1,tail_fiber
8649,YP_009145699.1,tail_fiber
8650,YP_009146702.1,tail_fiber
8651,YP_009146704.1,tail_fiber
8652,YP_009146705.1,tail_fiber
8653,YP_009100768.1,tail_fiber
8654,YP_009100785.1,tail_fiber
8655,YP_009100786.1,tail_fiber
8656,YP_009100787.1,tail_fiber
8657,YP_009303689.1,tail_fiber
8658,YP_009304469.1,tail_fiber
8659,YP_009300920.1,tail_fiber
8660,YP_009102095.1,tail_fiber
8661,YP_009102096.1,tail_fiber
8662,YP_009102194.1,tail_fiber
8663,YP_009102195.1,tail_fiber
8664,YP_009147343.1,tail_fiber
8665,YP_009147344.1,tail_fiber
8666,YP_009276950.1,tail_fiber
8667,YP_009277394.1,tail_fiber
8668,YP_009152236.1,tail_fiber
8669,YP_009152237.1,tail_fiber
8670,YP_009146321.1,tail_fiber
8671,YP_009205853.1,tail_fiber
8672,YP_009207351.1,tail_fiber
8673,YP_009207439.1,tail_fiber
8674,YP_009207440.1,tail_fiber
8675,YP_009209917.1,tail_fiber
8676,YP_009210006.1,tail_fiber
8677,YP_009210008.1,tail_fiber
8678,YP_009214007.1,tail_fiber
8679,YP_009214101.1,tail_fiber
8680,YP_009214102.1,tail_fiber
8681,YP_009113083.1,tail_fiber
8682,YP_009113084.1,tail_fiber
8683,YP_009113085.1,tail_fiber
8684,YP_009600424.1,tail_fiber
8685,YP_009600425.1,tail_fiber
8686,YP_009196097.1,tail_fiber
8687,YP_009204362.1,tail_fiber
8688,YP_009200420.1,tail_fiber
8689,YP_009200508.1,tail_fiber
8690,YP_009200511.1,tail_fiber
8691,YP_009624885.1,tail_fiber
8692,YP_009624886.1,tail_fiber
8693,YP_009593283.1,tail_fiber
8694,YP_009190429.1,tail_fiber
8695,YP_009190432.1,tail_fiber
8696,YP_009205690.1,tail_fiber
8697,YP_009219300.1,tail_fiber
8698,YP_009219303.1,tail_fiber
8699,YP_009219990.1,tail_fiber
8700,YP_009219993.1,tail_fiber
8701,YP_009216958.1,tail_fiber
8702,YP_009784782.1,tail_fiber
8703,YP_009784787.1,tail_fiber
8704,YP_009200816.1,tail_fiber
8705,YP_009195564.1,tail_fiber
8706,YP_009195656.1,tail_fiber
8707,YP_009195657.1,tail_fiber
8708,YP_009195658.1,tail_fiber
8709,YP_009195659.1,tail_fiber
8710,YP_009226215.1,tail_fiber
8711,YP_009198336.1,tail_fiber
8712,YP_009193795.1,tail_fiber
8713,YP_009201894.1,tail_fiber
8714,YP_009215191.1,tail_fiber
8715,YP_009206320.1,tail_fiber
8716,YP_009217873.1,tail_fiber
8717,YP_009191475.1,tail_fiber
8718,YP_009218834.1,tail_fiber
8719,YP_009191763.1,tail_fiber
8720,YP_009207631.1,tail_fiber
8721,YP_009211929.1,tail_fiber
8722,YP_010088348.1,tail_fiber
8723,YP_010066656.1,tail_fiber
8724,YP_010066815.1,tail_fiber
8725,YP_010066193.1,tail_fiber
8726,YP_010066356.1,tail_fiber
8727,YP_010065958.1,tail_fiber
8728,YP_010066031.1,tail_fiber
8729,YP_009221427.1,tail_fiber
8730,YP_009289547.1,tail_fiber
8731,YP_009225094.1,tail_fiber
8732,YP_009225012.1,tail_fiber
8733,YP_009225013.1,tail_fiber
8734,YP_009180951.1,tail_fiber
8735,YP_009180952.1,tail_fiber
8736,YP_009601949.1,tail_fiber
8737,YP_009601950.1,tail_fiber
8738,YP_009785384.1,tail_fiber
8739,YP_009202892.1,tail_fiber
8740,YP_009202983.1,tail_fiber
8741,YP_009190568.1,tail_fiber
8742,YP_009203992.1,tail_fiber
8743,YP_009203993.1,tail_fiber
8744,YP_009177306.1,tail_fiber
8745,YP_009593873.1,tail_fiber
8746,YP_009593884.1,tail_fiber
8747,YP_009196676.1,tail_fiber
8748,YP_009191451.1,tail_fiber
8749,YP_009190948.1,tail_fiber
8750,YP_009190990.1,tail_fiber
8751,YP_009606612.1,tail_fiber
8752,YP_009224769.1,tail_fiber
8753,YP_009210345.1,tail_fiber
8754,YP_009177477.1,tail_fiber
8755,YP_009177488.1,tail_fiber
8756,YP_009625004.1,tail_fiber
8757,YP_009625005.1,tail_fiber
8758,YP_009625090.1,tail_fiber
8759,YP_009625376.1,tail_fiber
8760,YP_009625464.1,tail_fiber
8761,YP_009197210.1,tail_fiber
8762,YP_009197296.1,tail_fiber
8763,YP_009180660.1,tail_fiber
8764,YP_009180746.1,tail_fiber
8765,YP_009824193.1,tail_fiber
8766,YP_009948671.1,tail_fiber
8767,YP_009615864.1,tail_fiber
8768,YP_009187309.1,tail_fiber
8769,YP_009187988.1,tail_fiber
8770,YP_009830091.1,tail_fiber
8771,YP_009785893.1,tail_fiber
8772,YP_010088469.1,tail_fiber
8773,YP_009324518.1,tail_fiber
8774,YP_009908495.1,tail_fiber
8775,YP_009908249.1,tail_fiber
8776,YP_009292508.1,tail_fiber
8777,YP_009279770.1,tail_fiber
8778,YP_009278125.1,tail_fiber
8779,YP_009286984.1,tail_fiber
8780,YP_009291683.1,tail_fiber
8781,YP_009274687.1,tail_fiber
8782,YP_009322253.1,tail_fiber
8783,YP_009325271.1,tail_fiber
8784,YP_009323551.1,tail_fiber
8785,YP_009325021.1,tail_fiber
8786,YP_009324354.1,tail_fiber
8787,YP_009290412.1,tail_fiber
8788,YP_009290427.1,tail_fiber
8789,YP_009290477.1,tail_fiber
8790,YP_009290511.1,tail_fiber
8791,YP_009286604.1,tail_fiber
8792,YP_009278565.1,tail_fiber
8793,YP_009280761.1,tail_fiber
8794,YP_009282057.1,tail_fiber
8795,YP_009291519.1,tail_fiber
8796,YP_009281581.1,tail_fiber
8797,YP_009281583.1,tail_fiber
8798,YP_010073123.1,tail_fiber
8799,YP_009324055.1,tail_fiber
8800,YP_009323362.1,tail_fiber
8801,YP_009323449.1,tail_fiber
8802,YP_009323450.1,tail_fiber
8803,YP_009280478.1,tail_fiber
8804,YP_009280111.1,tail_fiber
8805,YP_009908094.1,tail_fiber
8806,YP_009908169.1,tail_fiber
8807,YP_009324627.1,tail_fiber
8808,YP_009324628.1,tail_fiber
8809,YP_009287206.1,tail_fiber
8810,YP_009278602.1,tail_fiber
8811,YP_009287665.1,tail_fiber
8812,YP_009277863.1,tail_fiber
8813,YP_009283762.1,tail_fiber
8814,YP_009288509.1,tail_fiber
8815,YP_009288524.1,tail_fiber
8816,YP_009288576.1,tail_fiber
8817,YP_009288610.1,tail_fiber
8818,YP_009288612.1,tail_fiber
8819,YP_009277516.1,tail_fiber
8820,YP_009277584.1,tail_fiber
8821,YP_009277621.1,tail_fiber
8822,YP_009277623.1,tail_fiber
8823,YP_009278936.1,tail_fiber
8824,YP_009278974.1,tail_fiber
8825,YP_009279135.1,tail_fiber
8826,YP_009289041.1,tail_fiber
8827,YP_009289122.1,tail_fiber
8828,YP_009280164.1,tail_fiber
8829,YP_009830748.1,tail_fiber
8830,YP_009285263.1,tail_fiber
8831,YP_009288141.1,tail_fiber
8832,YP_009288145.1,tail_fiber
8833,YP_009291473.1,tail_fiber
8834,YP_009320943.1,tail_fiber
8835,YP_009321017.1,tail_fiber
8836,YP_010088692.1,tail_fiber
8837,YP_009322459.1,tail_fiber
8838,YP_009322460.1,tail_fiber
8839,YP_009792408.1,tail_fiber
8840,YP_010076861.1,tail_fiber
8841,YP_010076863.1,tail_fiber
8842,YP_009597918.1,tail_fiber
8843,YP_010089573.1,tail_fiber
8844,YP_010074965.1,tail_fiber
8845,YP_009788870.1,tail_fiber
8846,YP_009789004.1,tail_fiber
8847,YP_009789035.1,tail_fiber
8848,YP_009789125.1,tail_fiber
8849,YP_009600276.1,tail_fiber
8850,YP_009600277.1,tail_fiber
8851,YP_010090077.1,tail_fiber
8852,YP_010090078.1,tail_fiber
8853,YP_010053774.1,tail_fiber
8854,YP_009602109.1,tail_fiber
8855,YP_009602207.1,tail_fiber
8856,YP_009602209.1,tail_fiber
8857,YP_009907930.1,tail_fiber
8858,YP_009608425.1,tail_fiber
8859,YP_009608504.1,tail_fiber
8860,YP_009790726.1,tail_fiber
8861,YP_009609578.1,tail_fiber
8862,YP_009609579.1,tail_fiber
8863,YP_010092406.1,tail_fiber
8864,YP_009914709.1,tail_fiber
8865,YP_009914712.1,tail_fiber
8866,YP_009791184.1,tail_fiber
8867,YP_009791782.1,tail_fiber
8868,YP_009619053.1,tail_fiber
8869,YP_009619093.1,tail_fiber
8870,YP_009619177.1,tail_fiber
8871,YP_009619179.1,tail_fiber
8872,YP_009614811.1,tail_fiber
8873,YP_009614898.1,tail_fiber
8874,YP_010076445.1,tail_fiber
8875,YP_010076447.1,tail_fiber
8876,YP_010067930.1,tail_fiber
8877,YP_010068214.1,tail_fiber
8878,YP_009615728.1,tail_fiber
8879,YP_009702189.1,tail_fiber
8880,YP_009621563.1,tail_fiber
8881,YP_009621564.1,tail_fiber
8882,YP_009621692.1,tail_fiber
8883,YP_009621693.1,tail_fiber
8884,YP_010073809.1,tail_fiber
8885,YP_010093555.1,tail_fiber
8886,YP_010093653.1,tail_fiber
8887,YP_009797816.1,tail_fiber
8888,YP_010065219.1,tail_fiber
8889,YP_010065305.1,tail_fiber
8890,YP_009797951.1,tail_fiber
8891,YP_010069267.1,tail_fiber
8892,YP_009798040.1,tail_fiber
8893,YP_009799418.1,tail_fiber
8894,YP_009903186.1,tail_fiber
8895,YP_009908009.1,tail_fiber
8896,YP_010094048.1,tail_fiber
8897,YP_009613539.1,tail_fiber
8898,YP_009613621.1,tail_fiber
8899,YP_010094257.1,tail_fiber
8900,YP_010094443.1,tail_fiber
8901,YP_010094445.1,tail_fiber
8902,YP_010094528.1,tail_fiber
8903,YP_010066409.1,tail_fiber
8904,YP_010094701.1,tail_fiber
8905,YP_010094789.1,tail_fiber
8906,YP_009914616.1,tail_fiber
8907,YP_010072258.1,tail_fiber
8908,YP_009820026.1,tail_fiber
8909,YP_009820070.1,tail_fiber
8910,YP_010071718.1,tail_fiber
8911,YP_010071720.1,tail_fiber
8912,YP_010096227.1,tail_fiber
8913,YP_010096464.1,tail_fiber
8914,YP_010096466.1,tail_fiber
8915,YP_010096467.1,tail_fiber
8916,YP_010096482.1,tail_fiber
8917,YP_009618338.1,tail_fiber
8918,YP_009810790.1,tail_fiber
8919,YP_009807461.1,tail_fiber
8920,YP_009817979.1,tail_fiber
8921,YP_009818021.1,tail_fiber
8922,YP_010072918.1,tail_fiber
8923,YP_010098444.1,tail_fiber
8924,YP_010077240.1,tail_fiber
8925,YP_010093213.1,tail_fiber
8926,YP_010067660.1,tail_fiber
8927,YP_010100018.1,tail_fiber
8928,YP_010100202.1,tail_fiber
8929,YP_010100203.1,tail_fiber
8930,YP_009818428.1,tail_fiber
8931,YP_009814969.1,tail_fiber
8932,YP_009800888.1,tail_fiber
8933,YP_010100303.1,tail_fiber
8934,YP_010100511.1,tail_fiber
8935,YP_009818762.1,tail_fiber
8936,YP_010069988.1,tail_fiber
8937,YP_010069453.1,tail_fiber
8938,YP_010071365.1,tail_fiber
8939,YP_009820189.1,tail_fiber
8940,YP_009820184.1,tail_fiber
8941,YP_009883073.1,tail_fiber
8942,YP_009907789.1,tail_fiber
8943,YP_010076051.1,tail_fiber
8944,YP_010076246.1,tail_fiber
8945,YP_010076329.1,tail_fiber
8946,YP_010076330.1,tail_fiber
8947,YP_009883307.1,tail_fiber
8948,YP_009883880.1,tail_fiber
8949,YP_009883957.1,tail_fiber
8950,YP_009883961.1,tail_fiber
8951,NP_050653.1,tail_fiber
8952,NP_050654.1,tail_fiber
8953,NP_602302.1,tail_fiber
8954,NP_602303.1,tail_fiber
8955,YP_010053895.1,tail_fiber
8956,YP_010077480.1,tail_fiber
8957,YP_010068983.1,tail_fiber
8958,YP_009855966.1,tail_fiber
8959,YP_009856172.1,tail_fiber
8960,YP_010074048.1,tail_fiber
8961,YP_010074134.1,tail_fiber
8962,YP_010074363.1,tail_fiber
8963,YP_010074447.1,tail_fiber
8964,YP_010074522.1,tail_fiber
8965,YP_010074607.1,tail_fiber
8966,YP_010065803.1,tail_fiber
8967,YP_010065887.1,tail_fiber
8968,YP_010065529.1,tail_fiber
8969,YP_010065615.1,tail_fiber
8970,YP_010075699.1,tail_fiber
8971,YP_010071017.1,tail_fiber
8972,YP_010068738.1,tail_fiber
8973,YP_010071908.1,tail_fiber
8974,YP_010072723.1,tail_fiber
8975,YP_010072810.1,tail_fiber
8976,YP_009594801.1,tail_fiber
8977,YP_006561077.1,tail_fiber
8978,YP_006589987.1,tail_fiber
8979,YP_009223457.1,tail_fiber
8980,YP_009208178.1,tail_fiber
8981,YP_009208179.1,tail_fiber
8982,YP_009208184.1,tail_fiber
8983,YP_009148733.1,tail_fiber
8984,YP_001671760.1,tail_fiber
8985,YP_007236806.1,tail_fiber
8986,YP_006560967.1,tail_fiber
8987,YP_007005423.1,tail_fiber
8988,YP_007005418.1,tail_fiber
8989,YP_008239861.1,tail_fiber
8990,YP_008239941.1,tail_fiber
8991,YP_010278371.1,tail_fiber
8992,YP_010099669.1,tail_fiber
8993,YP_010356194.1,tail_fiber
8994,YP_010089578.1,tail_fiber
8995,YP_009965962.1,tail_fiber
8996,YP_009900969.1,tail_fiber
8997,YP_009901027.1,tail_fiber
8998,YP_009901136.1,tail_fiber
8999,YP_010107789.1,tail_fiber
9000,YP_009909924.1,tail_fiber
9001,YP_009788688.1,tail_fiber
9002,YP_009948745.1,tail_fiber
9003,NP_945046.1,tail_fiber
9004,YP_009784184.1,tail_fiber
9005,YP_009784713.1,tail_fiber
9006,YP_009786627.1,tail_fiber
9007,YP_009817554.1,tail_fiber
9008,YP_009876130.1,tail_fiber
9009,YP_009790024.1,tail_fiber
9010,YP_009790029.1,tail_fiber
9011,YP_009790177.1,tail_fiber
9012,YP_009802348.1,tail_fiber
9013,YP_009791133.1,tail_fiber
9014,YP_009791127.1,tail_fiber
9015,YP_009833741.1,tail_fiber
9016,YP_009791820.1,tail_fiber
9017,YP_009791829.1,tail_fiber
9018,YP_009791878.1,tail_fiber
9019,YP_009791887.1,tail_fiber
9020,YP_009792654.1,tail_fiber
9021,YP_009795787.1,tail_fiber
9022,YP_009796708.1,tail_fiber
9023,YP_009798893.1,tail_fiber
9024,YP_009622565.1,tail_fiber
9025,YP_009798750.1,tail_fiber
9026,YP_009837851.1,tail_fiber
9027,YP_009800162.1,tail_fiber
9028,YP_009800171.1,tail_fiber
9029,YP_009800311.1,tail_fiber
9030,YP_009800317.1,tail_fiber
9031,YP_009800633.1,tail_fiber
9032,YP_009800680.1,tail_fiber
9033,YP_009800586.1,tail_fiber
9034,YP_009800541.1,tail_fiber
9035,YP_009808928.1,tail_fiber
9036,YP_009809783.1,tail_fiber
9037,YP_009809826.1,tail_fiber
9038,YP_009809300.1,tail_fiber
9039,YP_009910765.1,tail_fiber
9040,YP_009815130.1,tail_fiber
9041,YP_009904205.1,tail_fiber
9042,YP_009904652.1,tail_fiber
9043,YP_009845149.1,tail_fiber
9044,YP_009822995.1,tail_fiber
9045,YP_009822996.1,tail_fiber
9046,YP_009823139.1,tail_fiber
9047,YP_009823140.1,tail_fiber
9048,YP_009823278.1,tail_fiber
9049,YP_009823279.1,tail_fiber
9050,YP_009822717.1,tail_fiber
9051,YP_009822718.1,tail_fiber
9052,YP_009822858.1,tail_fiber
9053,YP_009822859.1,tail_fiber
9054,YP_009849239.1,tail_fiber
9055,YP_009849286.1,tail_fiber
9056,YP_009849290.1,tail_fiber
9057,YP_009849291.1,tail_fiber
9058,YP_009845877.1,tail_fiber
9059,YP_009847094.1,tail_fiber
9060,YP_009849825.1,tail_fiber
9061,YP_009883457.1,tail_fiber
9062,YP_009849888.1,tail_fiber
9063,YP_009903834.1,tail_fiber
9064,YP_009848722.1,tail_fiber
9065,YP_009877411.1,tail_fiber
9066,YP_009855710.1,tail_fiber
9067,YP_009887344.1,tail_fiber
9068,YP_009859405.1,tail_fiber
9069,YP_009777890.1,tail_fiber
9070,YP_009777760.1,tail_fiber
9071,YP_009984503.1,tail_fiber
9072,YP_009984883.1,tail_fiber
9073,YP_010000212.1,tail_fiber
9074,YP_010000226.1,tail_fiber
9075,YP_010082803.1,tail_fiber
9076,YP_010082113.1,tail_fiber
9077,YP_010106805.1,tail_fiber
9078,YP_010114579.1,tail_fiber
9079,YP_009810379.1,tail_fiber
9080,YP_009792874.1,tail_fiber
9081,YP_009850607.1,tail_fiber
9082,YP_009914508.1,tail_fiber
9083,YP_009914509.1,tail_fiber
9084,YP_010078062.1,tail_fiber
9085,NP_862890.1,tail_fiber
9086,YP_010115336.1,tail_fiber
9087,NP_536373.1,tail_fiber
9088,NP_852778.1,tail_fiber
9089,YP_002274207.1,tail_fiber
9090,YP_003344784.1,tail_fiber
9091,YP_004306390.1,tail_fiber
9092,YP_007001478.1,tail_fiber
9093,YP_006590055.1,tail_fiber
9094,YP_009591482.1,tail_fiber
9095,YP_009908412.1,tail_fiber
9096,YP_009908320.1,tail_fiber
9097,YP_009909110.1,tail_fiber
9098,YP_009909418.1,tail_fiber
9099,YP_009909340.1,tail_fiber
9100,YP_008125991.1,tail_fiber
9101,YP_009009380.1,tail_fiber
9102,YP_009967029.1,tail_fiber
9103,YP_009219430.1,tail_fiber
9104,YP_009219995.1,tail_fiber
9105,YP_009191634.1,tail_fiber
9106,YP_009785165.1,tail_fiber
9107,YP_010066801.1,tail_fiber
9108,YP_010066864.1,tail_fiber
9109,YP_010066166.1,tail_fiber
9110,YP_010066342.1,tail_fiber
9111,YP_010065944.1,tail_fiber
9112,YP_010066006.1,tail_fiber
9113,YP_009830000.1,tail_fiber
9114,YP_009908496.1,tail_fiber
9115,YP_009908250.1,tail_fiber
9116,YP_010073159.1,tail_fiber
9117,YP_010073224.1,tail_fiber
9118,YP_009875999.1,tail_fiber
9119,YP_010076826.1,tail_fiber
9120,YP_009831976.1,tail_fiber
9121,YP_010089576.1,tail_fiber
9122,YP_010074935.1,tail_fiber
9123,YP_010074868.1,tail_fiber
9124,YP_009788866.1,tail_fiber
9125,YP_009789340.1,tail_fiber
9126,YP_009789853.1,tail_fiber
9127,YP_009907931.1,tail_fiber
9128,YP_009790577.1,tail_fiber
9129,YP_010090652.1,tail_fiber
9130,YP_009811767.1,tail_fiber
9131,YP_009790736.1,tail_fiber
9132,YP_009790851.1,tail_fiber
9133,YP_009791186.1,tail_fiber
9134,YP_009791199.1,tail_fiber
9135,YP_009834148.1,tail_fiber
9136,YP_009804097.1,tail_fiber
9137,YP_010067893.1,tail_fiber
9138,YP_010068447.1,tail_fiber
9139,YP_010075105.1,tail_fiber
9140,YP_010077025.1,tail_fiber
9141,YP_010077095.1,tail_fiber
9142,YP_010091450.1,tail_fiber
9143,YP_010091516.1,tail_fiber
9144,YP_010091179.1,tail_fiber
9145,YP_010091245.1,tail_fiber
9146,YP_009816479.1,tail_fiber
9147,YP_010093552.1,tail_fiber
9148,YP_010093554.1,tail_fiber
9149,YP_010065204.1,tail_fiber
9150,YP_010065271.1,tail_fiber
9151,YP_009622473.1,tail_fiber
9152,YP_010069166.1,tail_fiber
9153,YP_009998430.1,tail_fiber
9154,YP_010090965.1,tail_fiber
9155,YP_009837541.1,tail_fiber
9156,YP_009908010.1,tail_fiber
9157,YP_010095124.1,tail_fiber
9158,YP_010094477.1,tail_fiber
9159,YP_010094543.1,tail_fiber
9160,YP_010066509.1,tail_fiber
9161,YP_009914613.1,tail_fiber
9162,YP_010072156.1,tail_fiber
9163,YP_010072224.1,tail_fiber
9164,YP_010096228.1,tail_fiber
9165,YP_010055077.1,tail_fiber
9166,YP_010055808.1,tail_fiber
9167,YP_009841568.1,tail_fiber
9168,YP_010098443.1,tail_fiber
9169,YP_010077203.1,tail_fiber
9170,YP_010077403.1,tail_fiber
9171,YP_010052842.1,tail_fiber
9172,YP_009815362.1,tail_fiber
9173,YP_010067628.1,tail_fiber
9174,YP_010100687.1,tail_fiber
9175,YP_009820775.1,tail_fiber
9176,YP_009819490.1,tail_fiber
9177,YP_009819491.1,tail_fiber
9178,YP_010054999.1,tail_fiber
9179,YP_009821737.1,tail_fiber
9180,YP_009845615.1,tail_fiber
9181,YP_009903407.1,tail_fiber
9182,YP_010079647.1,tail_fiber
9183,YP_009850548.1,tail_fiber
9184,YP_009907788.1,tail_fiber
9185,YP_010076017.1,tail_fiber
9186,YP_010055720.1,tail_fiber
9187,YP_009851400.1,tail_fiber
9188,YP_010000117.1,tail_fiber
9189,YP_010081507.1,tail_fiber
9190,YP_009854374.1,tail_fiber
9191,YP_009854375.1,tail_fiber
9192,YP_009909998.1,tail_fiber
9193,YP_010077448.1,tail_fiber
9194,YP_010077644.1,tail_fiber
9195,YP_009877543.1,tail_fiber
9196,YP_009855970.1,tail_fiber
9197,YP_010074083.1,tail_fiber
9198,YP_010074149.1,tail_fiber
9199,YP_010074414.1,tail_fiber
9200,YP_010074556.1,tail_fiber
9201,YP_010074622.1,tail_fiber
9202,YP_010106038.1,tail_fiber
9203,YP_010106105.1,tail_fiber
9204,YP_010091013.1,tail_fiber
9205,YP_010091014.1,tail_fiber
9206,YP_009949279.1,tail_fiber
9207,YP_010065513.1,tail_fiber
9208,YP_010075684.1,tail_fiber
9209,YP_010078819.1,tail_fiber
9210,YP_010106883.1,tail_fiber
9211,YP_010070980.1,tail_fiber
9212,YP_010068633.1,tail_fiber
9213,YP_010068701.1,tail_fiber
9214,YP_010071893.1,tail_fiber
9215,YP_010071959.1,tail_fiber
9216,YP_010072708.1,tail_fiber
9217,YP_010072774.1,tail_fiber
9218,YP_010082078.1,tail_fiber
9219,YP_010037981.1,tail_fiber
9220,YP_010037982.1,tail_fiber
9221,YP_010037983.1,tail_fiber
9222,YP_010054546.1,tail_fiber
9223,YP_009997862.1,tail_fiber
9224,YP_009289256.1,tail_fiber
9225,YP_009966149.1,tail_fiber
9226,YP_010298467.1,tail_fiber
9227,YP_010298466.1,tail_fiber
9228,YP_010298463.1,tail_fiber
9229,YP_010298456.1,tail_fiber
9230,YP_010298411.1,tail_fiber
9231,YP_010298238.1,tail_fiber
9232,YP_010298188.1,tail_fiber
9233,YP_010298185.1,tail_fiber
9234,YP_010298184.1,tail_fiber
9235,YP_010297665.1,tail_fiber
9236,YP_010297682.1,tail_fiber
9237,YP_010278336.1,tail_fiber
9238,YP_010356847.1,tail_fiber
