,accession,label
0,YP_009788086.1,baseplate
1,YP_240178.1,baseplate
2,YP_009831400.1,baseplate
3,YP_009831405.1,baseplate
4,YP_009831120.1,baseplate
5,YP_009831125.1,baseplate
6,YP_009834655.1,baseplate
7,YP_009834889.1,baseplate
8,YP_009835318.1,baseplate
9,YP_009818153.1,baseplate
10,YP_009837662.1,baseplate
11,YP_009889442.1,baseplate
12,YP_009887297.1,baseplate
13,YP_010089022.1,baseplate
14,YP_010092934.1,baseplate
15,YP_010092938.1,baseplate
16,YP_010092947.1,baseplate
17,YP_010095668.1,baseplate
18,YP_010095708.1,baseplate
19,YP_010095753.1,baseplate
20,YP_010095961.1,baseplate
21,YP_010107262.1,baseplate
22,YP_010107271.1,baseplate
23,YP_009798376.1,baseplate
24,YP_009882215.1,baseplate
25,YP_009882258.1,baseplate
26,YP_010067336.1,baseplate
27,NP_046771.1,baseplate
28,YP_010067070.1,baseplate
29,NP_758923.1,baseplate
30,YP_009782919.1,baseplate
31,YP_009782920.1,baseplate
32,YP_009149431.1,baseplate
33,YP_009778994.1,baseplate
34,YP_009779208.1,baseplate
35,YP_009779423.1,baseplate
36,YP_009779636.1,baseplate
37,YP_009779850.1,baseplate
38,YP_009778162.1,baseplate
39,YP_009778449.1,baseplate
40,YP_009778735.1,baseplate
41,YP_009099586.1,baseplate
42,YP_009785002.1,baseplate
43,YP_009785160.1,baseplate
44,YP_009190724.1,baseplate
45,YP_010088651.1,baseplate
46,YP_010088660.1,baseplate
47,YP_010073182.1,baseplate
48,YP_009288836.1,baseplate
49,YP_009786270.1,baseplate
50,YP_010076802.1,baseplate
51,YP_010089468.1,baseplate
52,YP_010089478.1,baseplate
53,YP_009789848.1,baseplate
54,YP_010089998.1,baseplate
55,YP_010090030.1,baseplate
56,YP_010090622.1,baseplate
57,YP_010090338.1,baseplate
58,YP_010092306.1,baseplate
59,YP_010092346.1,baseplate
60,YP_009790848.1,baseplate
61,YP_009618995.1,baseplate
62,YP_009619119.1,baseplate
63,YP_010076386.1,baseplate
64,YP_010093616.1,baseplate
65,YP_010093617.1,baseplate
66,YP_010093619.1,baseplate
67,YP_009836898.1,baseplate
68,YP_009836900.1,baseplate
69,YP_010065248.1,baseplate
70,YP_010069209.1,baseplate
71,YP_009798066.1,baseplate
72,YP_010090864.1,baseplate
73,YP_010090871.1,baseplate
74,YP_010090902.1,baseplate
75,YP_010090903.1,baseplate
76,YP_010094073.1,baseplate
77,YP_010094074.1,baseplate
78,YP_010095150.1,baseplate
79,YP_010094229.1,baseplate
80,YP_010094267.1,baseplate
81,YP_010094501.1,baseplate
82,YP_010066467.1,baseplate
83,YP_010094759.1,baseplate
84,YP_010094799.1,baseplate
85,YP_009889788.1,baseplate
86,YP_010072200.1,baseplate
87,YP_010071660.1,baseplate
88,YP_010096129.1,baseplate
89,YP_010096168.1,baseplate
90,YP_009880926.1,baseplate
91,YP_009880968.1,baseplate
92,YP_009881503.1,baseplate
93,YP_009881545.1,baseplate
94,YP_009814246.1,baseplate
95,YP_009814417.1,baseplate
96,YP_010098535.1,baseplate
97,YP_010077180.1,baseplate
98,YP_009879877.1,baseplate
99,YP_010067604.1,baseplate
100,YP_010100019.1,baseplate
101,YP_010100293.1,baseplate
102,YP_010100328.1,baseplate
103,YP_010100479.1,baseplate
104,YP_010100514.1,baseplate
105,YP_010100521.1,baseplate
106,YP_010080028.1,baseplate
107,YP_009883077.1,baseplate
108,YP_010068095.1,baseplate
109,YP_009850387.1,baseplate
110,YP_010075993.1,baseplate
111,YP_010076245.1,baseplate
112,YP_009883388.1,baseplate
113,YP_009850033.1,baseplate
114,YP_009883911.1,baseplate
115,YP_009885339.1,baseplate
116,NP_878213.1,baseplate
117,YP_009886927.1,baseplate
118,YP_009886184.1,baseplate
119,YP_009886680.1,baseplate
120,YP_009886429.1,baseplate
121,YP_009887153.1,baseplate
122,YP_009887194.1,baseplate
123,YP_010077424.1,baseplate
124,YP_009856169.1,baseplate
125,YP_010074107.1,baseplate
126,YP_010074390.1,baseplate
127,YP_010074580.1,baseplate
128,YP_009949324.1,baseplate
129,YP_009949226.1,baseplate
130,YP_009949274.1,baseplate
131,YP_009965308.1,baseplate
132,YP_010065830.1,baseplate
133,YP_010065557.1,baseplate
134,YP_010075727.1,baseplate
135,YP_010107748.1,baseplate
136,YP_010107785.1,baseplate
137,YP_010107828.1,baseplate
138,YP_010037912.1,baseplate
139,YP_010099729.1,baseplate
140,YP_007236476.1,baseplate
141,YP_008859233.1,baseplate
142,YP_009831404.1,baseplate
143,YP_009831124.1,baseplate
144,YP_009796269.1,baseplate
145,YP_009796484.1,baseplate
146,YP_009859399.1,baseplate
147,YP_008857061.1,baseplate
148,YP_009623478.1,baseplate
149,YP_009200008.1,baseplate
150,YP_009273826.1,baseplate
151,YP_009598049.1,baseplate
152,YP_009598120.1,baseplate
153,YP_010067337.1,baseplate
154,YP_006547.1,baseplate
155,YP_009914552.1,baseplate
156,YP_010067071.1,baseplate
157,YP_004415082.1,baseplate
158,YP_009778991.1,baseplate
159,YP_009779205.1,baseplate
160,YP_009779420.1,baseplate
161,YP_009153789.1,baseplate
162,YP_009148629.1,baseplate
163,YP_009030796.1,baseplate
164,YP_009111007.1,baseplate
165,YP_009287399.1,baseplate
166,YP_010066843.1,baseplate
167,YP_010066382.1,baseplate
168,YP_010065985.1,baseplate
169,YP_009284053.1,baseplate
170,YP_009210108.1,baseplate
171,YP_009625062.1,baseplate
172,YP_009625405.1,baseplate
173,YP_009197267.1,baseplate
174,YP_009180688.1,baseplate
175,YP_010073181.1,baseplate
176,YP_009786271.1,baseplate
177,YP_010076803.1,baseplate
178,YP_010089479.1,baseplate
179,YP_010074912.1,baseplate
180,YP_010092347.1,baseplate
181,YP_009618996.1,baseplate
182,YP_009619120.1,baseplate
183,YP_010076387.1,baseplate
184,YP_010092051.1,baseplate
185,YP_010067870.1,baseplate
186,YP_010068424.1,baseplate
187,YP_010075082.1,baseplate
188,YP_010077072.1,baseplate
189,YP_010091493.1,baseplate
190,YP_010091222.1,baseplate
191,YP_010073564.1,baseplate
192,YP_010073843.1,baseplate
193,YP_009836899.1,baseplate
194,YP_009836939.1,baseplate
195,YP_010065249.1,baseplate
196,YP_010069210.1,baseplate
197,YP_010069750.1,baseplate
198,YP_010094228.1,baseplate
199,YP_010094500.1,baseplate
200,YP_010066466.1,baseplate
201,YP_010094758.1,baseplate
202,YP_010072167.1,baseplate
203,YP_010072201.1,baseplate
204,YP_010071661.1,baseplate
205,YP_010072860.1,baseplate
206,YP_010077181.1,baseplate
207,YP_010067605.1,baseplate
208,YP_010100329.1,baseplate
209,YP_010100478.1,baseplate
210,YP_010100515.1,baseplate
211,YP_010070290.1,baseplate
212,YP_010070016.1,baseplate
213,YP_010070569.1,baseplate
214,YP_010072478.1,baseplate
215,YP_010069482.1,baseplate
216,YP_010071393.1,baseplate
217,YP_010070841.1,baseplate
218,YP_010068096.1,baseplate
219,YP_009850352.1,baseplate
220,YP_009850386.1,baseplate
221,YP_010075994.1,baseplate
222,YP_010075458.1,baseplate
223,YP_010077425.1,baseplate
224,YP_010074106.1,baseplate
225,YP_010074391.1,baseplate
226,YP_010074579.1,baseplate
227,YP_010065831.1,baseplate
228,YP_010065558.1,baseplate
229,YP_010075728.1,baseplate
230,YP_010070957.1,baseplate
231,YP_010068678.1,baseplate
232,YP_010071936.1,baseplate
233,YP_010072751.1,baseplate
234,YP_010278314.1,baseplate
235,YP_010099728.1,baseplate
236,NP_944082.1,baseplate
237,NP_944087.1,baseplate
238,YP_656365.1,baseplate
239,YP_656369.1,baseplate
240,YP_656370.1,baseplate
241,YP_656404.1,baseplate
242,YP_656407.1,baseplate
243,YP_238866.1,baseplate
244,YP_238870.1,baseplate
245,YP_238871.1,baseplate
246,YP_238905.1,baseplate
247,YP_238907.1,baseplate
248,YP_238909.1,baseplate
249,YP_238910.1,baseplate
250,YP_009140267.1,baseplate
251,YP_009140306.1,baseplate
252,YP_003579963.1,baseplate
253,YP_003579966.1,baseplate
254,YP_003579970.1,baseplate
255,YP_003580036.1,baseplate
256,YP_003580037.1,baseplate
257,YP_009168368.1,baseplate
258,YP_009168374.1,baseplate
259,YP_003969103.1,baseplate
260,YP_003969105.1,baseplate
261,YP_003969106.1,baseplate
262,YP_003969143.1,baseplate
263,YP_003969146.1,baseplate
264,YP_003969154.1,baseplate
265,YP_003969616.1,baseplate
266,YP_003969625.1,baseplate
267,YP_003969628.1,baseplate
268,YP_007002716.1,baseplate
269,YP_008061162.1,baseplate
270,YP_008061166.1,baseplate
271,YP_006489167.1,baseplate
272,YP_006489100.1,baseplate
273,YP_006489099.1,baseplate
274,YP_007004730.1,baseplate
275,YP_007008042.1,baseplate
276,YP_007348738.1,baseplate
277,YP_007348741.1,baseplate
278,YP_007348744.1,baseplate
279,YP_007348833.1,baseplate
280,YP_007348834.1,baseplate
281,YP_007348838.1,baseplate
282,YP_006986371.1,baseplate
283,YP_006986374.1,baseplate
284,YP_006986375.1,baseplate
285,YP_006986376.1,baseplate
286,YP_006986377.1,baseplate
287,YP_006986469.1,baseplate
288,YP_007010356.1,baseplate
289,YP_007010357.1,baseplate
290,YP_007010358.1,baseplate
291,YP_007010359.1,baseplate
292,YP_007010366.1,baseplate
293,YP_007010367.1,baseplate
294,YP_007010370.1,baseplate
295,YP_009101449.1,baseplate
296,YP_009217547.1,baseplate
297,YP_009217551.1,baseplate
298,YP_009217552.1,baseplate
299,YP_009217585.1,baseplate
300,YP_009217588.1,baseplate
301,YP_007349007.1,baseplate
302,YP_007349114.1,baseplate
303,YP_007349149.1,baseplate
304,YP_007517894.1,baseplate
305,YP_007517922.1,baseplate
306,YP_008060622.1,baseplate
307,YP_008060625.1,baseplate
308,YP_008060626.1,baseplate
309,YP_008060627.1,baseplate
310,YP_008060628.1,baseplate
311,YP_008060717.1,baseplate
312,YP_008060722.1,baseplate
313,YP_008061627.1,baseplate
314,YP_009221264.1,baseplate
315,YP_009098967.1,baseplate
316,YP_009098986.1,baseplate
317,YP_008771748.1,baseplate
318,YP_008771790.1,baseplate
319,YP_008770956.1,baseplate
320,YP_009097707.1,baseplate
321,YP_009097802.1,baseplate
322,YP_009149999.1,baseplate
323,YP_009151114.1,baseplate
324,YP_009151646.1,baseplate
325,YP_009147536.1,baseplate
326,YP_009147559.1,baseplate
327,YP_009147566.1,baseplate
328,YP_009126066.1,baseplate
329,YP_009218543.1,baseplate
330,YP_009218545.1,baseplate
331,YP_009218548.1,baseplate
332,YP_009218630.1,baseplate
333,YP_009218631.1,baseplate
334,YP_009218632.1,baseplate
335,YP_009218633.1,baseplate
336,YP_009218636.1,baseplate
337,YP_009194346.1,baseplate
338,YP_009194349.1,baseplate
339,YP_009194352.1,baseplate
340,YP_009194445.1,baseplate
341,YP_009194446.1,baseplate
342,YP_009607298.1,baseplate
343,YP_009607301.1,baseplate
344,YP_009607394.1,baseplate
345,YP_009607395.1,baseplate
346,YP_009607399.1,baseplate
347,YP_009607019.1,baseplate
348,YP_009607022.1,baseplate
349,YP_009607025.1,baseplate
350,YP_009607116.1,baseplate
351,YP_009607117.1,baseplate
352,YP_009194919.1,baseplate
353,YP_009194922.1,baseplate
354,YP_009194923.1,baseplate
355,YP_009194925.1,baseplate
356,YP_009195015.1,baseplate
357,YP_009616612.1,baseplate
358,YP_009615911.1,baseplate
359,YP_009615949.1,baseplate
360,YP_009283849.1,baseplate
361,YP_009283886.1,baseplate
362,YP_009293437.1,baseplate
363,YP_009293266.1,baseplate
364,YP_009285641.1,baseplate
365,YP_009285645.1,baseplate
366,YP_009285646.1,baseplate
367,YP_009285647.1,baseplate
368,YP_009285734.1,baseplate
369,YP_009831403.1,baseplate
370,YP_009831497.1,baseplate
371,YP_009831498.1,baseplate
372,YP_009626341.1,baseplate
373,YP_009322938.1,baseplate
374,YP_009323060.1,baseplate
375,YP_009831123.1,baseplate
376,YP_009831215.1,baseplate
377,YP_009876392.1,baseplate
378,YP_009599744.1,baseplate
379,YP_009609678.1,baseplate
380,YP_009610052.1,baseplate
381,YP_009834663.1,baseplate
382,YP_009834654.1,baseplate
383,YP_009834651.1,baseplate
384,YP_009877638.1,baseplate
385,YP_009612989.1,baseplate
386,YP_009613020.1,baseplate
387,YP_009613021.1,baseplate
388,YP_009613023.1,baseplate
389,YP_009613219.1,baseplate
390,YP_009613223.1,baseplate
391,YP_009834885.1,baseplate
392,YP_009834888.1,baseplate
393,YP_009834897.1,baseplate
394,YP_009834898.1,baseplate
395,YP_009621068.1,baseplate
396,YP_009879446.1,baseplate
397,YP_009796308.1,baseplate
398,YP_009796522.1,baseplate
399,YP_009879808.1,baseplate
400,YP_009798798.1,baseplate
401,YP_009798833.1,baseplate
402,YP_009837623.1,baseplate
403,YP_009880601.1,baseplate
404,YP_009881342.1,baseplate
405,YP_009881143.1,baseplate
406,YP_009814690.1,baseplate
407,YP_009881712.1,baseplate
408,YP_009883563.1,baseplate
409,YP_009883601.1,baseplate
410,YP_009889913.1,baseplate
411,YP_009883159.1,baseplate
412,YP_009884524.1,baseplate
413,YP_009885962.1,baseplate
414,YP_009889483.1,baseplate
415,YP_009889549.1,baseplate
416,YP_009888230.1,baseplate
417,YP_010059078.1,baseplate
418,YP_010059443.1,baseplate
419,YP_010089025.1,baseplate
420,YP_010089112.1,baseplate
421,YP_010089113.1,baseplate
422,YP_010095666.1,baseplate
423,YP_010095704.1,baseplate
424,YP_010095748.1,baseplate
425,YP_010095749.1,baseplate
426,YP_010095959.1,baseplate
427,YP_010107286.1,baseplate
428,NP_899588.1,baseplate
429,YP_008125528.1,baseplate
430,YP_008125529.1,baseplate
431,YP_008125532.1,baseplate
432,YP_008125164.1,baseplate
433,YP_004327042.1,baseplate
434,YP_009006270.1,baseplate
435,YP_009201405.1,baseplate
436,YP_009201418.1,baseplate
437,YP_009201419.1,baseplate
438,YP_009882218.1,baseplate
439,NP_049764.1,baseplate
440,NP_049765.1,baseplate
441,NP_049766.1,baseplate
442,NP_049802.1,baseplate
443,NP_049806.1,baseplate
444,NP_049807.1,baseplate
445,YP_010067297.1,baseplate
446,YP_010067298.1,baseplate
447,YP_010067299.1,baseplate
448,YP_010067341.1,baseplate
449,YP_010067342.1,baseplate
450,NP_046773.1,baseplate
451,YP_009591443.1,baseplate
452,YP_009591445.1,baseplate
453,YP_010067035.1,baseplate
454,YP_010067036.1,baseplate
455,YP_010067037.1,baseplate
456,YP_010067075.1,baseplate
457,YP_010067076.1,baseplate
458,YP_002854110.1,baseplate
459,YP_002854111.1,baseplate
460,YP_002854112.1,baseplate
461,YP_002854144.1,baseplate
462,YP_002854148.1,baseplate
463,YP_002854149.1,baseplate
464,NP_861857.1,baseplate
465,NP_861858.1,baseplate
466,NP_861859.1,baseplate
467,NP_861894.1,baseplate
468,NP_861897.1,baseplate
469,NP_861898.1,baseplate
470,NP_996720.1,baseplate
471,NP_945300.1,baseplate
472,NP_958072.1,baseplate
473,YP_009098537.1,baseplate
474,YP_009098538.1,baseplate
475,YP_009098539.1,baseplate
476,YP_009098573.1,baseplate
477,YP_009098577.1,baseplate
478,YP_009098578.1,baseplate
479,NP_112714.1,baseplate
480,YP_009167524.1,baseplate
481,YP_009167525.1,baseplate
482,YP_009167526.1,baseplate
483,YP_009167557.1,baseplate
484,YP_009167558.1,baseplate
485,YP_009167562.1,baseplate
486,YP_009167563.1,baseplate
487,NP_891708.1,baseplate
488,NP_891709.1,baseplate
489,NP_891710.1,baseplate
490,NP_891715.1,baseplate
491,NP_891747.1,baseplate
492,NP_891748.1,baseplate
493,NP_891751.1,baseplate
494,NP_891752.1,baseplate
495,NP_599049.1,baseplate
496,YP_008318497.1,baseplate
497,YP_009167969.1,baseplate
498,YP_009167970.1,baseplate
499,YP_009167971.1,baseplate
500,YP_009168004.1,baseplate
501,YP_009168005.1,baseplate
502,YP_009168009.1,baseplate
503,YP_009168010.1,baseplate
504,YP_009102357.1,baseplate
505,YP_009102358.1,baseplate
506,YP_009102359.1,baseplate
507,YP_009102391.1,baseplate
508,YP_009102395.1,baseplate
509,YP_009102396.1,baseplate
510,NP_076693.1,baseplate
511,NP_758925.1,baseplate
512,YP_008318357.1,baseplate
513,YP_195114.1,baseplate
514,YP_195240.1,baseplate
515,YP_001039827.1,baseplate
516,YP_001039830.1,baseplate
517,YP_214246.1,baseplate
518,YP_214342.1,baseplate
519,YP_214344.1,baseplate
520,YP_214640.1,baseplate
521,YP_214642.1,baseplate
522,YP_001595277.1,baseplate
523,YP_001595282.1,baseplate
524,YP_001595283.1,baseplate
525,YP_001595284.1,baseplate
526,YP_001595315.1,baseplate
527,YP_001595316.1,baseplate
528,YP_293734.1,baseplate
529,YP_717767.1,baseplate
530,YP_002003538.1,baseplate
531,YP_001111066.1,baseplate
532,YP_004322917.1,baseplate
533,YP_004322992.1,baseplate
534,YP_004322252.1,baseplate
535,YP_004322253.1,baseplate
536,YP_004322287.1,baseplate
537,YP_004324464.1,baseplate
538,YP_004324467.1,baseplate
539,YP_004323147.1,baseplate
540,YP_004323160.1,baseplate
541,YP_004323234.1,baseplate
542,YP_004323618.1,baseplate
543,YP_004323622.1,baseplate
544,YP_004323631.1,baseplate
545,YP_004323698.1,baseplate
546,YP_004322673.1,baseplate
547,YP_004322685.1,baseplate
548,YP_004322760.1,baseplate
549,YP_004322762.1,baseplate
550,YP_004323847.1,baseplate
551,YP_004323850.1,baseplate
552,YP_004323860.1,baseplate
553,YP_004324628.1,baseplate
554,YP_004324696.1,baseplate
555,YP_004324059.1,baseplate
556,YP_004324069.1,baseplate
557,YP_004324283.1,baseplate
558,YP_004324840.1,baseplate
559,YP_004324848.1,baseplate
560,YP_004323385.1,baseplate
561,YP_004323389.1,baseplate
562,YP_004323454.1,baseplate
563,YP_004323456.1,baseplate
564,YP_004322438.1,baseplate
565,YP_004322442.1,baseplate
566,YP_004322447.1,baseplate
567,YP_004322511.1,baseplate
568,YP_004322513.1,baseplate
569,YP_007002953.1,baseplate
570,YP_007002955.1,baseplate
571,YP_003097384.1,baseplate
572,YP_003097386.1,baseplate
573,YP_003097387.1,baseplate
574,YP_003097468.1,baseplate
575,YP_003097469.1,baseplate
576,YP_002221459.1,baseplate
577,YP_002221461.1,baseplate
578,YP_007877504.1,baseplate
579,YP_002922213.1,baseplate
580,YP_002922214.1,baseplate
581,YP_002922215.1,baseplate
582,YP_002922219.1,baseplate
583,YP_002922254.1,baseplate
584,YP_002922259.1,baseplate
585,YP_002922260.1,baseplate
586,YP_002922493.1,baseplate
587,YP_002922499.1,baseplate
588,YP_002922500.1,baseplate
589,YP_002922501.1,baseplate
590,YP_002922535.1,baseplate
591,YP_002922536.1,baseplate
592,YP_009167721.1,baseplate
593,YP_003934786.1,baseplate
594,YP_003934790.1,baseplate
595,YP_003934791.1,baseplate
596,YP_003934792.1,baseplate
597,YP_003934826.1,baseplate
598,YP_003934828.1,baseplate
599,YP_003934829.1,baseplate
600,YP_003335793.1,baseplate
601,YP_003335796.1,baseplate
602,YP_009302090.1,baseplate
603,YP_009302091.1,baseplate
604,YP_009302095.1,baseplate
605,YP_009302102.1,baseplate
606,YP_009302176.1,baseplate
607,YP_009302177.1,baseplate
608,YP_003734296.1,baseplate
609,YP_004010017.1,baseplate
610,YP_009169175.1,baseplate
611,YP_009168977.1,baseplate
612,YP_007672926.1,baseplate
613,YP_007672928.1,baseplate
614,YP_008126528.1,baseplate
615,YP_008126533.1,baseplate
616,YP_009782931.1,baseplate
617,YP_009782995.1,baseplate
618,YP_004957053.1,baseplate
619,YP_007675549.1,baseplate
620,YP_007675477.1,baseplate
621,YP_007518106.1,baseplate
622,YP_007003521.1,baseplate
623,YP_007675161.1,baseplate
624,YP_007675166.1,baseplate
625,YP_007675244.1,baseplate
626,YP_007003414.1,baseplate
627,YP_007238014.1,baseplate
628,YP_007238016.1,baseplate
629,YP_004415047.1,baseplate
630,YP_004415048.1,baseplate
631,YP_004415049.1,baseplate
632,YP_004415086.1,baseplate
633,YP_004415087.1,baseplate
634,YP_004508437.1,baseplate
635,YP_004508438.1,baseplate
636,YP_004508441.1,baseplate
637,YP_009806271.1,baseplate
638,YP_009806284.1,baseplate
639,YP_009806357.1,baseplate
640,YP_009606702.1,baseplate
641,YP_009606704.1,baseplate
642,YP_007004254.1,baseplate
643,YP_007004255.1,baseplate
644,YP_007004256.1,baseplate
645,YP_007004291.1,baseplate
646,YP_007004292.1,baseplate
647,YP_007004293.1,baseplate
648,YP_007004297.1,baseplate
649,YP_007004895.1,baseplate
650,YP_007004896.1,baseplate
651,YP_007004897.1,baseplate
652,YP_007004928.1,baseplate
653,YP_007004929.1,baseplate
654,YP_007004933.1,baseplate
655,YP_007004934.1,baseplate
656,YP_007004531.1,baseplate
657,YP_007004532.1,baseplate
658,YP_007004533.1,baseplate
659,YP_007004564.1,baseplate
660,YP_007004565.1,baseplate
661,YP_007004569.1,baseplate
662,YP_007004570.1,baseplate
663,YP_007501179.1,baseplate
664,YP_007501185.1,baseplate
665,YP_007501186.1,baseplate
666,YP_007501226.1,baseplate
667,YP_007501227.1,baseplate
668,YP_007501229.1,baseplate
669,YP_007006207.1,baseplate
670,YP_006907797.1,baseplate
671,YP_006986706.1,baseplate
672,YP_006986707.1,baseplate
673,YP_006986708.1,baseplate
674,YP_006986743.1,baseplate
675,YP_006986744.1,baseplate
676,YP_006986748.1,baseplate
677,YP_006986749.1,baseplate
678,YP_007007242.1,baseplate
679,YP_009008374.1,baseplate
680,YP_009008375.1,baseplate
681,YP_008239573.1,baseplate
682,YP_009780828.1,baseplate
683,YP_009781042.1,baseplate
684,YP_007677855.1,baseplate
685,YP_007677859.1,baseplate
686,YP_007677860.1,baseplate
687,YP_007677891.1,baseplate
688,YP_007677892.1,baseplate
689,YP_007677894.1,baseplate
690,YP_009275805.1,baseplate
691,YP_009102624.1,baseplate
692,YP_009102625.1,baseplate
693,YP_009102626.1,baseplate
694,YP_009102661.1,baseplate
695,YP_009102662.1,baseplate
696,YP_009102666.1,baseplate
697,YP_009102667.1,baseplate
698,YP_009148131.1,baseplate
699,YP_009148132.1,baseplate
700,YP_009148137.1,baseplate
701,YP_009148138.1,baseplate
702,YP_009148174.1,baseplate
703,YP_009148175.1,baseplate
704,YP_006990501.1,baseplate
705,YP_007235986.1,baseplate
706,YP_007235987.1,baseplate
707,YP_007235990.1,baseplate
708,YP_007236028.1,baseplate
709,YP_009149397.1,baseplate
710,YP_009149398.1,baseplate
711,YP_009149399.1,baseplate
712,YP_009149436.1,baseplate
713,YP_009149437.1,baseplate
714,YP_009147465.1,baseplate
715,YP_007112487.1,baseplate
716,YP_007112490.1,baseplate
717,YP_008431168.1,baseplate
718,YP_007677538.1,baseplate
719,YP_009003125.1,baseplate
720,YP_009779065.1,baseplate
721,YP_009779281.1,baseplate
722,YP_009779496.1,baseplate
723,YP_009301512.1,baseplate
724,YP_009301602.1,baseplate
725,YP_009301605.1,baseplate
726,YP_009783225.1,baseplate
727,YP_009783228.1,baseplate
728,YP_008060505.1,baseplate
729,YP_009625847.1,baseplate
730,YP_009606456.1,baseplate
731,YP_009226339.1,baseplate
732,YP_009220084.1,baseplate
733,YP_008858662.1,baseplate
734,YP_008530280.1,baseplate
735,YP_009008135.1,baseplate
736,YP_009008136.1,baseplate
737,YP_009008140.1,baseplate
738,YP_009008212.1,baseplate
739,YP_009007862.1,baseplate
740,YP_009007863.1,baseplate
741,YP_009007866.1,baseplate
742,YP_009007878.1,baseplate
743,YP_009153751.1,baseplate
744,YP_009153752.1,baseplate
745,YP_009153753.1,baseplate
746,YP_009153793.1,baseplate
747,YP_009153794.1,baseplate
748,YP_009143024.1,baseplate
749,YP_009143025.1,baseplate
750,YP_009143031.1,baseplate
751,YP_009143034.1,baseplate
752,YP_008766932.1,baseplate
753,YP_008766934.1,baseplate
754,YP_008430889.1,baseplate
755,YP_009056741.1,baseplate
756,YP_009056742.1,baseplate
757,YP_009056743.1,baseplate
758,YP_009056777.1,baseplate
759,YP_009056779.1,baseplate
760,YP_009056780.1,baseplate
761,YP_008771126.1,baseplate
762,YP_008771459.1,baseplate
763,YP_008770323.1,baseplate
764,YP_008766880.1,baseplate
765,YP_009211592.1,baseplate
766,YP_009211630.1,baseplate
767,YP_009211632.1,baseplate
768,YP_009211633.1,baseplate
769,YP_009211634.1,baseplate
770,YP_009211635.1,baseplate
771,YP_009211636.1,baseplate
772,YP_009211637.1,baseplate
773,YP_009037339.1,baseplate
774,YP_009037340.1,baseplate
775,YP_009037341.1,baseplate
776,YP_009037573.1,baseplate
777,YP_009037574.1,baseplate
778,YP_009037576.1,baseplate
779,YP_009037577.1,baseplate
780,YP_009148594.1,baseplate
781,YP_009148595.1,baseplate
782,YP_009148596.1,baseplate
783,YP_009148628.1,baseplate
784,YP_009148633.1,baseplate
785,YP_009148634.1,baseplate
786,YP_009126135.1,baseplate
787,YP_009126136.1,baseplate
788,YP_009126138.1,baseplate
789,YP_009126344.1,baseplate
790,YP_009126350.1,baseplate
791,YP_009126351.1,baseplate
792,YP_009030944.1,baseplate
793,YP_009006748.1,baseplate
794,YP_009005431.1,baseplate
795,YP_009005437.1,baseplate
796,YP_009005471.1,baseplate
797,YP_009005472.1,baseplate
798,YP_009005475.1,baseplate
799,YP_009005476.1,baseplate
800,YP_009030211.1,baseplate
801,YP_009030212.1,baseplate
802,YP_009030249.1,baseplate
803,YP_009030250.1,baseplate
804,YP_009030254.1,baseplate
805,YP_009030255.1,baseplate
806,YP_009037003.1,baseplate
807,YP_009035625.1,baseplate
808,YP_009036557.1,baseplate
809,YP_009035298.1,baseplate
810,YP_009036180.1,baseplate
811,YP_009055863.1,baseplate
812,YP_009140572.1,baseplate
813,YP_009140575.1,baseplate
814,YP_009140582.1,baseplate
815,YP_009140654.1,baseplate
816,YP_009140656.1,baseplate
817,YP_009779633.1,baseplate
818,YP_009779642.1,baseplate
819,YP_009779714.1,baseplate
820,YP_009779847.1,baseplate
821,YP_009779856.1,baseplate
822,YP_009779928.1,baseplate
823,YP_009779930.1,baseplate
824,YP_009133357.1,baseplate
825,YP_009133413.1,baseplate
826,YP_009133416.1,baseplate
827,YP_009134505.1,baseplate
828,YP_009134584.1,baseplate
829,YP_009134217.1,baseplate
830,YP_009134219.1,baseplate
831,YP_009134329.1,baseplate
832,YP_009134480.1,baseplate
833,YP_009778160.1,baseplate
834,YP_009778266.1,baseplate
835,YP_009778418.1,baseplate
836,YP_009778447.1,baseplate
837,YP_009778556.1,baseplate
838,YP_009778733.1,baseplate
839,YP_009778835.1,baseplate
840,YP_009133564.1,baseplate
841,YP_009133574.1,baseplate
842,YP_009133645.1,baseplate
843,YP_009140792.1,baseplate
844,YP_009140868.1,baseplate
845,YP_009133985.1,baseplate
846,YP_009133989.1,baseplate
847,YP_009134063.1,baseplate
848,YP_009030761.1,baseplate
849,YP_009030762.1,baseplate
850,YP_009030763.1,baseplate
851,YP_009030795.1,baseplate
852,YP_009030800.1,baseplate
853,YP_009030801.1,baseplate
854,YP_009146948.1,baseplate
855,YP_009146951.1,baseplate
856,YP_009146952.1,baseplate
857,YP_009592763.1,baseplate
858,YP_009592798.1,baseplate
859,YP_009592801.1,baseplate
860,YP_009592802.1,baseplate
861,YP_009592803.1,baseplate
862,YP_009593153.1,baseplate
863,YP_009593154.1,baseplate
864,YP_009593155.1,baseplate
865,YP_009593158.1,baseplate
866,YP_009593193.1,baseplate
867,YP_009056438.1,baseplate
868,YP_009146600.1,baseplate
869,YP_009146607.1,baseplate
870,YP_009146639.1,baseplate
871,YP_009146640.1,baseplate
872,YP_009146644.1,baseplate
873,YP_009146646.1,baseplate
874,YP_009100700.1,baseplate
875,YP_009100701.1,baseplate
876,YP_009100702.1,baseplate
877,YP_009100705.1,baseplate
878,YP_009100735.1,baseplate
879,YP_009100738.1,baseplate
880,YP_009100739.1,baseplate
881,YP_009110972.1,baseplate
882,YP_009110973.1,baseplate
883,YP_009110974.1,baseplate
884,YP_009111011.1,baseplate
885,YP_009111012.1,baseplate
886,YP_009276949.1,baseplate
887,YP_009217946.1,baseplate
888,YP_009277393.1,baseplate
889,YP_009152230.1,baseplate
890,YP_009152233.1,baseplate
891,YP_009205843.1,baseplate
892,YP_009205848.1,baseplate
893,YP_009205849.1,baseplate
894,YP_009205850.1,baseplate
895,YP_009205883.1,baseplate
896,YP_009205884.1,baseplate
897,YP_009205885.1,baseplate
898,YP_009207341.1,baseplate
899,YP_009207346.1,baseplate
900,YP_009207347.1,baseplate
901,YP_009207348.1,baseplate
902,YP_009207379.1,baseplate
903,YP_009207381.1,baseplate
904,YP_009207382.1,baseplate
905,YP_009209907.1,baseplate
906,YP_009209912.1,baseplate
907,YP_009209913.1,baseplate
908,YP_009209914.1,baseplate
909,YP_009209947.1,baseplate
910,YP_009209949.1,baseplate
911,YP_009209950.1,baseplate
912,YP_009209952.1,baseplate
913,YP_009213996.1,baseplate
914,YP_009214002.1,baseplate
915,YP_009214003.1,baseplate
916,YP_009214040.1,baseplate
917,YP_009214042.1,baseplate
918,YP_009214043.1,baseplate
919,YP_009113078.1,baseplate
920,YP_009195939.1,baseplate
921,YP_009207770.1,baseplate
922,YP_009196095.1,baseplate
923,YP_009195782.1,baseplate
924,YP_009200414.1,baseplate
925,YP_009200415.1,baseplate
926,YP_009200448.1,baseplate
927,YP_009200452.1,baseplate
928,YP_009188173.1,baseplate
929,YP_009188178.1,baseplate
930,YP_009202226.1,baseplate
931,YP_009202229.1,baseplate
932,YP_009624929.1,baseplate
933,YP_009190325.1,baseplate
934,YP_009190334.1,baseplate
935,YP_009190363.1,baseplate
936,YP_009190365.1,baseplate
937,YP_009190366.1,baseplate
938,YP_009190369.1,baseplate
939,YP_009195557.1,baseplate
940,YP_009195558.1,baseplate
941,YP_009195559.1,baseplate
942,YP_009195597.1,baseplate
943,YP_009195599.1,baseplate
944,YP_009195600.1,baseplate
945,YP_009195601.1,baseplate
946,YP_009209320.1,baseplate
947,YP_009201897.1,baseplate
948,YP_009601216.1,baseplate
949,YP_009601217.1,baseplate
950,YP_009601223.1,baseplate
951,YP_009601225.1,baseplate
952,YP_009212346.1,baseplate
953,YP_009212347.1,baseplate
954,YP_009212352.1,baseplate
955,YP_009212354.1,baseplate
956,YP_009325370.1,baseplate
957,YP_009218830.1,baseplate
958,YP_009191759.1,baseplate
959,YP_009207634.1,baseplate
960,YP_009207636.1,baseplate
961,YP_009211924.1,baseplate
962,YP_009211926.1,baseplate
963,YP_010088319.1,baseplate
964,YP_010088320.1,baseplate
965,YP_010088323.1,baseplate
966,YP_010088352.1,baseplate
967,YP_010088353.1,baseplate
968,YP_010088354.1,baseplate
969,YP_010066809.1,baseplate
970,YP_010066810.1,baseplate
971,YP_010066811.1,baseplate
972,YP_010066847.1,baseplate
973,YP_010066848.1,baseplate
974,YP_010066149.1,baseplate
975,YP_010066150.1,baseplate
976,YP_010066350.1,baseplate
977,YP_010066351.1,baseplate
978,YP_010066352.1,baseplate
979,YP_010065952.1,baseplate
980,YP_010065953.1,baseplate
981,YP_010065954.1,baseplate
982,YP_010065989.1,baseplate
983,YP_010065990.1,baseplate
984,YP_009284013.1,baseplate
985,YP_009284014.1,baseplate
986,YP_009284015.1,baseplate
987,YP_009284057.1,baseplate
988,YP_009284058.1,baseplate
989,YP_009289411.1,baseplate
990,YP_009289415.1,baseplate
991,YP_009289417.1,baseplate
992,YP_009289418.1,baseplate
993,YP_009289588.1,baseplate
994,YP_009289589.1,baseplate
995,YP_009289593.1,baseplate
996,YP_009225060.1,baseplate
997,YP_009225061.1,baseplate
998,YP_009225063.1,baseplate
999,YP_009225098.1,baseplate
1000,YP_009225099.1,baseplate
1001,YP_009225100.1,baseplate
1002,YP_009593717.1,baseplate
1003,YP_009202887.1,baseplate
1004,YP_009202888.1,baseplate
1005,YP_009202889.1,baseplate
1006,YP_009202922.1,baseplate
1007,YP_009202923.1,baseplate
1008,YP_009202924.1,baseplate
1009,YP_009203887.1,baseplate
1010,YP_009203893.1,baseplate
1011,YP_009203924.1,baseplate
1012,YP_009203925.1,baseplate
1013,YP_009203928.1,baseplate
1014,YP_009203931.1,baseplate
1015,YP_009593879.1,baseplate
1016,YP_009593888.1,baseplate
1017,YP_009212054.1,baseplate
1018,YP_009206919.1,baseplate
1019,YP_009215045.1,baseplate
1020,YP_009190729.1,baseplate
1021,YP_009190730.1,baseplate
1022,YP_009190767.1,baseplate
1023,YP_009206457.1,baseplate
1024,YP_009210112.1,baseplate
1025,YP_009210113.1,baseplate
1026,YP_009210339.1,baseplate
1027,YP_009210340.1,baseplate
1028,YP_009210341.1,baseplate
1029,YP_009177483.1,baseplate
1030,YP_009625057.1,baseplate
1031,YP_009625058.1,baseplate
1032,YP_009625094.1,baseplate
1033,YP_009625095.1,baseplate
1034,YP_009625096.1,baseplate
1035,YP_009625370.1,baseplate
1036,YP_009625371.1,baseplate
1037,YP_009625372.1,baseplate
1038,YP_009625409.1,baseplate
1039,YP_009625410.1,baseplate
1040,YP_009197262.1,baseplate
1041,YP_009197263.1,baseplate
1042,YP_009197300.1,baseplate
1043,YP_009197301.1,baseplate
1044,YP_009197302.1,baseplate
1045,YP_009180654.1,baseplate
1046,YP_009180655.1,baseplate
1047,YP_009180656.1,baseplate
1048,YP_009180692.1,baseplate
1049,YP_009180693.1,baseplate
1050,YP_010088646.1,baseplate
1051,YP_010088647.1,baseplate
1052,YP_010088648.1,baseplate
1053,YP_010088655.1,baseplate
1054,YP_010088656.1,baseplate
1055,YP_010088657.1,baseplate
1056,YP_009278132.1,baseplate
1057,YP_009286991.1,baseplate
1058,YP_009282507.1,baseplate
1059,YP_009284439.1,baseplate
1060,YP_009289979.1,baseplate
1061,YP_009280916.1,baseplate
1062,YP_009291690.1,baseplate
1063,YP_009325072.1,baseplate
1064,YP_009325073.1,baseplate
1065,YP_009325078.1,baseplate
1066,YP_009325079.1,baseplate
1067,YP_009324166.1,baseplate
1068,YP_009324167.1,baseplate
1069,YP_009324171.1,baseplate
1070,YP_009324245.1,baseplate
1071,YP_009324246.1,baseplate
1072,YP_009290421.1,baseplate
1073,YP_009290422.1,baseplate
1074,YP_009290423.1,baseplate
1075,YP_009290455.1,baseplate
1076,YP_009290459.1,baseplate
1077,YP_009290460.1,baseplate
1078,YP_009286501.1,baseplate
1079,YP_009286507.1,baseplate
1080,YP_009286508.1,baseplate
1081,YP_009286547.1,baseplate
1082,YP_009286548.1,baseplate
1083,YP_009286550.1,baseplate
1084,YP_009282064.1,baseplate
1085,YP_009281488.1,baseplate
1086,YP_009281489.1,baseplate
1087,YP_009281490.1,baseplate
1088,YP_009281520.1,baseplate
1089,YP_009281521.1,baseplate
1090,YP_009281525.1,baseplate
1091,YP_009281526.1,baseplate
1092,YP_010073176.1,baseplate
1093,YP_010073177.1,baseplate
1094,YP_010073213.1,baseplate
1095,YP_010073214.1,baseplate
1096,YP_010073215.1,baseplate
1097,YP_009324051.1,baseplate
1098,YP_009324052.1,baseplate
1099,YP_009324083.1,baseplate
1100,YP_009324084.1,baseplate
1101,YP_009324085.1,baseplate
1102,YP_009323357.1,baseplate
1103,YP_009323358.1,baseplate
1104,YP_009323359.1,baseplate
1105,YP_009323390.1,baseplate
1106,YP_009323391.1,baseplate
1107,YP_009323392.1,baseplate
1108,YP_009280486.1,baseplate
1109,YP_009288843.1,baseplate
1110,YP_009288881.1,baseplate
1111,YP_009280005.1,baseplate
1112,YP_009280048.1,baseplate
1113,YP_009280049.1,baseplate
1114,YP_009280051.1,baseplate
1115,YP_009288518.1,baseplate
1116,YP_009288519.1,baseplate
1117,YP_009288520.1,baseplate
1118,YP_009288553.1,baseplate
1119,YP_009288557.1,baseplate
1120,YP_009288558.1,baseplate
1121,YP_009277526.1,baseplate
1122,YP_009277527.1,baseplate
1123,YP_009277528.1,baseplate
1124,YP_009277561.1,baseplate
1125,YP_009277565.1,baseplate
1126,YP_009277566.1,baseplate
1127,YP_009278914.1,baseplate
1128,YP_009278918.1,baseplate
1129,YP_009278919.1,baseplate
1130,YP_009279145.1,baseplate
1131,YP_009279146.1,baseplate
1132,YP_009279147.1,baseplate
1133,YP_009289088.1,baseplate
1134,YP_009289089.1,baseplate
1135,YP_009289091.1,baseplate
1136,YP_009289126.1,baseplate
1137,YP_009289127.1,baseplate
1138,YP_009289128.1,baseplate
1139,YP_009830818.1,baseplate
1140,YP_009830898.1,baseplate
1141,YP_009279726.1,baseplate
1142,YP_009279281.1,baseplate
1143,YP_009285058.1,baseplate
1144,YP_009320918.1,baseplate
1145,YP_009320919.1,baseplate
1146,YP_009320931.1,baseplate
1147,YP_009320989.1,baseplate
1148,YP_009320990.1,baseplate
1149,YP_010088667.1,baseplate
1150,YP_010088668.1,baseplate
1151,YP_010088680.1,baseplate
1152,YP_010088739.1,baseplate
1153,YP_009321265.1,baseplate
1154,YP_009321266.1,baseplate
1155,YP_009321270.1,baseplate
1156,YP_009321347.1,baseplate
1157,YP_009321349.1,baseplate
1158,YP_009320436.1,baseplate
1159,YP_009320437.1,baseplate
1160,YP_009320441.1,baseplate
1161,YP_009320445.1,baseplate
1162,YP_009320520.1,baseplate
1163,YP_009320521.1,baseplate
1164,YP_009322440.1,baseplate
1165,YP_009322445.1,baseplate
1166,YP_009322505.1,baseplate
1167,YP_009322506.1,baseplate
1168,YP_009322508.1,baseplate
1169,YP_010091772.1,baseplate
1170,YP_010091808.1,baseplate
1171,YP_009876072.1,baseplate
1172,YP_010076770.1,baseplate
1173,YP_010076807.1,baseplate
1174,YP_010076808.1,baseplate
1175,YP_010076771.1,baseplate
1176,YP_010076769.1,baseplate
1177,YP_009831974.1,baseplate
1178,YP_010089473.1,baseplate
1179,YP_010089523.1,baseplate
1180,YP_010074917.1,baseplate
1181,YP_010074916.1,baseplate
1182,YP_010074879.1,baseplate
1183,YP_010074878.1,baseplate
1184,YP_010074877.1,baseplate
1185,YP_009832076.1,baseplate
1186,YP_010089993.1,baseplate
1187,YP_010089994.1,baseplate
1188,YP_010089995.1,baseplate
1189,YP_010090029.1,baseplate
1190,YP_010090032.1,baseplate
1191,YP_010090033.1,baseplate
1192,YP_010090259.1,baseplate
1193,YP_010090260.1,baseplate
1194,YP_010090261.1,baseplate
1195,YP_009602100.1,baseplate
1196,YP_009602101.1,baseplate
1197,YP_009602102.1,baseplate
1198,YP_009602106.1,baseplate
1199,YP_009602141.1,baseplate
1200,YP_009602142.1,baseplate
1201,YP_009602143.1,baseplate
1202,YP_009602145.1,baseplate
1203,YP_009602146.1,baseplate
1204,YP_010090589.1,baseplate
1205,YP_009608471.1,baseplate
1206,YP_009608472.1,baseplate
1207,YP_009608474.1,baseplate
1208,YP_009608508.1,baseplate
1209,YP_009608509.1,baseplate
1210,YP_009608510.1,baseplate
1211,YP_009609480.1,baseplate
1212,YP_009609481.1,baseplate
1213,YP_009609483.1,baseplate
1214,YP_009609484.1,baseplate
1215,YP_009609486.1,baseplate
1216,YP_009609516.1,baseplate
1217,YP_009609517.1,baseplate
1218,YP_009609518.1,baseplate
1219,YP_009609519.1,baseplate
1220,YP_009609523.1,baseplate
1221,YP_010092307.1,baseplate
1222,YP_010092311.1,baseplate
1223,YP_010092312.1,baseplate
1224,YP_010092314.1,baseplate
1225,YP_010092348.1,baseplate
1226,YP_010092350.1,baseplate
1227,YP_010092352.1,baseplate
1228,YP_009791268.1,baseplate
1229,YP_009618963.1,baseplate
1230,YP_009618964.1,baseplate
1231,YP_009618965.1,baseplate
1232,YP_009619000.1,baseplate
1233,YP_009619001.1,baseplate
1234,YP_009619087.1,baseplate
1235,YP_009619088.1,baseplate
1236,YP_009619089.1,baseplate
1237,YP_009619124.1,baseplate
1238,YP_009619125.1,baseplate
1239,YP_009614805.1,baseplate
1240,YP_009614806.1,baseplate
1241,YP_009614807.1,baseplate
1242,YP_009614839.1,baseplate
1243,YP_009614840.1,baseplate
1244,YP_009614844.1,baseplate
1245,YP_009614845.1,baseplate
1246,YP_010076353.1,baseplate
1247,YP_010076354.1,baseplate
1248,YP_010076355.1,baseplate
1249,YP_010076391.1,baseplate
1250,YP_010076392.1,baseplate
1251,YP_010092002.1,baseplate
1252,YP_010092003.1,baseplate
1253,YP_010092005.1,baseplate
1254,YP_010092048.1,baseplate
1255,YP_010067834.1,baseplate
1256,YP_010067835.1,baseplate
1257,YP_010067836.1,baseplate
1258,YP_010067874.1,baseplate
1259,YP_010067875.1,baseplate
1260,YP_010068388.1,baseplate
1261,YP_010068389.1,baseplate
1262,YP_010068390.1,baseplate
1263,YP_010068428.1,baseplate
1264,YP_010068429.1,baseplate
1265,YP_010075046.1,baseplate
1266,YP_010075047.1,baseplate
1267,YP_010075048.1,baseplate
1268,YP_010075086.1,baseplate
1269,YP_010075087.1,baseplate
1270,YP_010056839.1,baseplate
1271,YP_009878479.1,baseplate
1272,YP_009615626.1,baseplate
1273,YP_009615632.1,baseplate
1274,YP_009615633.1,baseplate
1275,YP_009615668.1,baseplate
1276,YP_009615671.1,baseplate
1277,YP_010077036.1,baseplate
1278,YP_010077037.1,baseplate
1279,YP_010077038.1,baseplate
1280,YP_010077076.1,baseplate
1281,YP_010077077.1,baseplate
1282,YP_010091459.1,baseplate
1283,YP_010091460.1,baseplate
1284,YP_010091461.1,baseplate
1285,YP_010091497.1,baseplate
1286,YP_010091498.1,baseplate
1287,YP_010091188.1,baseplate
1288,YP_010091189.1,baseplate
1289,YP_010091190.1,baseplate
1290,YP_010091226.1,baseplate
1291,YP_010091227.1,baseplate
1292,YP_010073522.1,baseplate
1293,YP_010073523.1,baseplate
1294,YP_010073524.1,baseplate
1295,YP_010073568.1,baseplate
1296,YP_010073569.1,baseplate
1297,YP_010073803.1,baseplate
1298,YP_010073804.1,baseplate
1299,YP_010073805.1,baseplate
1300,YP_010073847.1,baseplate
1301,YP_010073848.1,baseplate
1302,YP_010093657.1,baseplate
1303,YP_010093659.1,baseplate
1304,YP_009836902.1,baseplate
1305,YP_009836941.1,baseplate
1306,YP_009836944.1,baseplate
1307,YP_010065213.1,baseplate
1308,YP_010065214.1,baseplate
1309,YP_010065215.1,baseplate
1310,YP_010065253.1,baseplate
1311,YP_010065254.1,baseplate
1312,YP_010069175.1,baseplate
1313,YP_010069176.1,baseplate
1314,YP_010069177.1,baseplate
1315,YP_010069214.1,baseplate
1316,YP_010069215.1,baseplate
1317,YP_010069713.1,baseplate
1318,YP_010069714.1,baseplate
1319,YP_010069715.1,baseplate
1320,YP_010069754.1,baseplate
1321,YP_010069755.1,baseplate
1322,YP_010090865.1,baseplate
1323,YP_010090868.1,baseplate
1324,YP_010090869.1,baseplate
1325,YP_010090904.1,baseplate
1326,YP_010090908.1,baseplate
1327,YP_010094044.1,baseplate
1328,YP_010094075.1,baseplate
1329,YP_010094078.1,baseplate
1330,YP_010094079.1,baseplate
1331,YP_009800490.1,baseplate
1332,YP_010095101.1,baseplate
1333,YP_010095102.1,baseplate
1334,YP_010094227.1,baseplate
1335,YP_010094260.1,baseplate
1336,YP_010094261.1,baseplate
1337,YP_010094262.1,baseplate
1338,YP_010094495.1,baseplate
1339,YP_010094496.1,baseplate
1340,YP_010094532.1,baseplate
1341,YP_010094533.1,baseplate
1342,YP_010094534.1,baseplate
1343,YP_010066461.1,baseplate
1344,YP_010066462.1,baseplate
1345,YP_010066498.1,baseplate
1346,YP_010066499.1,baseplate
1347,YP_010066500.1,baseplate
1348,YP_010094792.1,baseplate
1349,YP_010094793.1,baseplate
1350,YP_010094794.1,baseplate
1351,YP_010095371.1,baseplate
1352,YP_009889793.1,baseplate
1353,YP_009889796.1,baseplate
1354,YP_009889826.1,baseplate
1355,YP_010072166.1,baseplate
1356,YP_010072165.1,baseplate
1357,YP_010072205.1,baseplate
1358,YP_010072206.1,baseplate
1359,YP_010071626.1,baseplate
1360,YP_010071627.1,baseplate
1361,YP_010071628.1,baseplate
1362,YP_010071665.1,baseplate
1363,YP_010071666.1,baseplate
1364,YP_010096133.1,baseplate
1365,YP_010096134.1,baseplate
1366,YP_010096135.1,baseplate
1367,YP_010096136.1,baseplate
1368,YP_010096173.1,baseplate
1369,YP_010096512.1,baseplate
1370,YP_010096513.1,baseplate
1371,YP_010096287.1,baseplate
1372,YP_010096288.1,baseplate
1373,YP_010096289.1,baseplate
1374,YP_009618227.1,baseplate
1375,YP_009618234.1,baseplate
1376,YP_009618236.1,baseplate
1377,YP_009618271.1,baseplate
1378,YP_009618274.1,baseplate
1379,YP_009618277.1,baseplate
1380,YP_009880931.1,baseplate
1381,YP_009880965.1,baseplate
1382,YP_009880967.1,baseplate
1383,YP_009881504.1,baseplate
1384,YP_009881506.1,baseplate
1385,YP_009881540.1,baseplate
1386,YP_010072864.1,baseplate
1387,YP_010072865.1,baseplate
1388,YP_010073094.1,baseplate
1389,YP_010073095.1,baseplate
1390,YP_010073096.1,baseplate
1391,YP_010098492.1,baseplate
1392,YP_010098493.1,baseplate
1393,YP_010098528.1,baseplate
1394,YP_010098529.1,baseplate
1395,YP_010077185.1,baseplate
1396,YP_010077186.1,baseplate
1397,YP_010077413.1,baseplate
1398,YP_010077414.1,baseplate
1399,YP_010077415.1,baseplate
1400,YP_010093207.1,baseplate
1401,YP_010093208.1,baseplate
1402,YP_010093209.1,baseplate
1403,YP_010093247.1,baseplate
1404,YP_010067571.1,baseplate
1405,YP_010067570.1,baseplate
1406,YP_010067609.1,baseplate
1407,YP_010067572.1,baseplate
1408,YP_010067610.1,baseplate
1409,YP_010099984.1,baseplate
1410,YP_010099985.1,baseplate
1411,YP_010099988.1,baseplate
1412,YP_010100022.1,baseplate
1413,YP_010100023.1,baseplate
1414,YP_010100024.1,baseplate
1415,YP_009816012.1,baseplate
1416,YP_009816014.1,baseplate
1417,YP_010100298.1,baseplate
1418,YP_010100299.1,baseplate
1419,YP_010100300.1,baseplate
1420,YP_010100330.1,baseplate
1421,YP_010100477.1,baseplate
1422,YP_010100516.1,baseplate
1423,YP_010070256.1,baseplate
1424,YP_010070257.1,baseplate
1425,YP_010070258.1,baseplate
1426,YP_010070294.1,baseplate
1427,YP_010070295.1,baseplate
1428,YP_010069982.1,baseplate
1429,YP_010069983.1,baseplate
1430,YP_010069984.1,baseplate
1431,YP_010070020.1,baseplate
1432,YP_010070021.1,baseplate
1433,YP_010070533.1,baseplate
1434,YP_010070534.1,baseplate
1435,YP_010070535.1,baseplate
1436,YP_010070573.1,baseplate
1437,YP_010070574.1,baseplate
1438,YP_010072443.1,baseplate
1439,YP_010072444.1,baseplate
1440,YP_010072445.1,baseplate
1441,YP_010072482.1,baseplate
1442,YP_010072483.1,baseplate
1443,YP_010069447.1,baseplate
1444,YP_010069448.1,baseplate
1445,YP_010069449.1,baseplate
1446,YP_010069487.1,baseplate
1447,YP_010069488.1,baseplate
1448,YP_010071359.1,baseplate
1449,YP_010071360.1,baseplate
1450,YP_010071361.1,baseplate
1451,YP_010071397.1,baseplate
1452,YP_010071398.1,baseplate
1453,YP_010070806.1,baseplate
1454,YP_010070807.1,baseplate
1455,YP_010070808.1,baseplate
1456,YP_010070845.1,baseplate
1457,YP_010070846.1,baseplate
1458,YP_009883075.1,baseplate
1459,YP_010068062.1,baseplate
1460,YP_010068063.1,baseplate
1461,YP_010068064.1,baseplate
1462,YP_010068100.1,baseplate
1463,YP_010068101.1,baseplate
1464,YP_009850347.1,baseplate
1465,YP_009850350.1,baseplate
1466,YP_009850383.1,baseplate
1467,YP_010075960.1,baseplate
1468,YP_010075961.1,baseplate
1469,YP_010075962.1,baseplate
1470,YP_010075998.1,baseplate
1471,YP_010075999.1,baseplate
1472,YP_010076240.1,baseplate
1473,YP_010076241.1,baseplate
1474,YP_010076242.1,baseplate
1475,YP_010076280.1,baseplate
1476,YP_010076281.1,baseplate
1477,YP_010059774.1,baseplate
1478,YP_009883390.1,baseplate
1479,YP_009883305.1,baseplate
1480,YP_009883874.1,baseplate
1481,YP_009883875.1,baseplate
1482,YP_009883878.1,baseplate
1483,YP_009883916.1,baseplate
1484,YP_010075418.1,baseplate
1485,YP_010075419.1,baseplate
1486,YP_010075420.1,baseplate
1487,YP_010075462.1,baseplate
1488,YP_010075463.1,baseplate
1489,YP_010059527.1,baseplate
1490,YP_009885344.1,baseplate
1491,YP_009885347.1,baseplate
1492,YP_009885379.1,baseplate
1493,YP_009885500.1,baseplate
1494,YP_009885554.1,baseplate
1495,NP_878215.1,baseplate
1496,NP_050648.1,baseplate
1497,NP_050651.1,baseplate
1498,NP_052265.1,baseplate
1499,YP_009886932.1,baseplate
1500,YP_009886935.1,baseplate
1501,YP_009886967.1,baseplate
1502,YP_009886189.1,baseplate
1503,YP_009886192.1,baseplate
1504,YP_009886223.1,baseplate
1505,YP_009886685.1,baseplate
1506,YP_009886688.1,baseplate
1507,YP_009886719.1,baseplate
1508,YP_009886434.1,baseplate
1509,YP_009886438.1,baseplate
1510,YP_009886469.1,baseplate
1511,YP_009887154.1,baseplate
1512,YP_009887156.1,baseplate
1513,YP_009887189.1,baseplate
1514,YP_010077429.1,baseplate
1515,YP_010077430.1,baseplate
1516,YP_010077654.1,baseplate
1517,YP_010077655.1,baseplate
1518,YP_010077656.1,baseplate
1519,YP_010068947.1,baseplate
1520,YP_010068948.1,baseplate
1521,YP_010068951.1,baseplate
1522,YP_010068987.1,baseplate
1523,YP_010068988.1,baseplate
1524,YP_010068989.1,baseplate
1525,YP_009855905.1,baseplate
1526,YP_009855907.1,baseplate
1527,YP_009855909.1,baseplate
1528,YP_009856167.1,baseplate
1529,YP_010074101.1,baseplate
1530,YP_010074102.1,baseplate
1531,YP_010074138.1,baseplate
1532,YP_010074139.1,baseplate
1533,YP_010074140.1,baseplate
1534,YP_010074357.1,baseplate
1535,YP_010074358.1,baseplate
1536,YP_010074359.1,baseplate
1537,YP_010074395.1,baseplate
1538,YP_010074396.1,baseplate
1539,YP_010074574.1,baseplate
1540,YP_010074575.1,baseplate
1541,YP_010074611.1,baseplate
1542,YP_010074612.1,baseplate
1543,YP_010074613.1,baseplate
1544,YP_010065797.1,baseplate
1545,YP_010065798.1,baseplate
1546,YP_010065799.1,baseplate
1547,YP_010065835.1,baseplate
1548,YP_010065836.1,baseplate
1549,YP_010065523.1,baseplate
1550,YP_010065524.1,baseplate
1551,YP_010065525.1,baseplate
1552,YP_010065562.1,baseplate
1553,YP_010065563.1,baseplate
1554,YP_010075693.1,baseplate
1555,YP_010075694.1,baseplate
1556,YP_010075695.1,baseplate
1557,YP_010075732.1,baseplate
1558,YP_010075733.1,baseplate
1559,YP_010070961.1,baseplate
1560,YP_010070962.1,baseplate
1561,YP_010071196.1,baseplate
1562,YP_010071197.1,baseplate
1563,YP_010071198.1,baseplate
1564,YP_010107750.1,baseplate
1565,YP_010107787.1,baseplate
1566,YP_010107830.1,baseplate
1567,YP_010068643.1,baseplate
1568,YP_010068642.1,baseplate
1569,YP_010068682.1,baseplate
1570,YP_010068644.1,baseplate
1571,YP_010068683.1,baseplate
1572,YP_010071903.1,baseplate
1573,YP_010071902.1,baseplate
1574,YP_010071940.1,baseplate
1575,YP_010071904.1,baseplate
1576,YP_010071941.1,baseplate
1577,YP_010072718.1,baseplate
1578,YP_010072717.1,baseplate
1579,YP_010072755.1,baseplate
1580,YP_010072719.1,baseplate
1581,YP_010072756.1,baseplate
1582,YP_009594782.1,baseplate
1583,NP_932494.1,baseplate
1584,NP_932498.1,baseplate
1585,NP_932499.1,baseplate
1586,NP_932533.1,baseplate
1587,NP_932535.1,baseplate
1588,NP_932537.1,baseplate
1589,NP_932538.1,baseplate
1590,YP_010355183.1,baseplate
1591,YP_010355243.1,baseplate
1592,YP_010355615.1,baseplate
1593,YP_010355696.1,baseplate
1594,YP_010355471.1,baseplate
1595,YP_010278319.1,baseplate
1596,YP_010278318.1,baseplate
1597,YP_010278282.1,baseplate
1598,YP_010278281.1,baseplate
1599,YP_010278280.1,baseplate
1600,YP_009881904.1,baseplate
1601,YP_010099723.1,baseplate
1602,YP_010099724.1,baseplate
1603,YP_010099761.1,baseplate
1604,YP_010099762.1,baseplate
1605,YP_010099763.1,baseplate
1606,NP_695075.1,baseplate
1607,YP_010095103.1,baseplate
1608,YP_009831406.1,baseplate
1609,YP_009831126.1,baseplate
1610,YP_009831854.1,baseplate
1611,YP_009831861.1,baseplate
1612,YP_009788088.1,baseplate
1613,YP_009788089.1,baseplate
1614,YP_009876570.1,baseplate
1615,YP_009790088.1,baseplate
1616,YP_009794288.1,baseplate
1617,YP_009790959.1,baseplate
1618,YP_009791034.1,baseplate
1619,YP_009834662.1,baseplate
1620,YP_009877680.1,baseplate
1621,YP_009834896.1,baseplate
1622,YP_009879489.1,baseplate
1623,YP_009796266.1,baseplate
1624,YP_009796482.1,baseplate
1625,YP_009879768.1,baseplate
1626,YP_009838073.1,baseplate
1627,YP_009880638.1,baseplate
1628,YP_009838286.1,baseplate
1629,YP_009838379.1,baseplate
1630,YP_009881378.1,baseplate
1631,YP_009881179.1,baseplate
1632,YP_009881711.1,baseplate
1633,YP_009815126.1,baseplate
1634,YP_009844296.1,baseplate
1635,YP_009844298.1,baseplate
1636,YP_009843954.1,baseplate
1637,YP_009843956.1,baseplate
1638,YP_009844074.1,baseplate
1639,YP_009904195.1,baseplate
1640,YP_009844536.1,baseplate
1641,YP_009845146.1,baseplate
1642,YP_009849430.1,baseplate
1643,YP_009883561.1,baseplate
1644,YP_009849883.1,baseplate
1645,YP_009848645.1,baseplate
1646,YP_009890073.1,baseplate
1647,YP_009883199.1,baseplate
1648,YP_009884523.1,baseplate
1649,YP_009850761.1,baseplate
1650,YP_009850903.1,baseplate
1651,YP_009851111.1,baseplate
1652,YP_009851259.1,baseplate
1653,YP_009851260.1,baseplate
1654,YP_009885961.1,baseplate
1655,YP_009855706.1,baseplate
1656,YP_009889439.1,baseplate
1657,YP_010057086.1,baseplate
1658,YP_010058693.1,baseplate
1659,YP_010058228.1,baseplate
1660,YP_010058011.1,baseplate
1661,YP_010057775.1,baseplate
1662,YP_010058461.1,baseplate
1663,YP_010059077.1,baseplate
1664,YP_010115141.1,baseplate
1665,YP_010077795.1,baseplate
1666,YP_010077895.1,baseplate
1667,YP_010089028.1,baseplate
1668,YP_010092944.1,baseplate
1669,YP_010095669.1,baseplate
1670,YP_010095962.1,baseplate
1671,YP_010105156.1,baseplate
1672,YP_010107273.1,baseplate
1673,YP_010107370.1,baseplate
1674,YP_010114571.1,baseplate
1675,YP_010114644.1,baseplate
1676,YP_009884135.1,baseplate
1677,YP_007678102.1,baseplate
1678,YP_009798375.1,baseplate
1679,YP_009882217.1,baseplate
1680,YP_006545.1,baseplate
1681,NP_050164.1,baseplate
1682,NP_463481.1,baseplate
1683,YP_001468406.1,baseplate
1684,NP_536665.1,baseplate
1685,YP_009860183.1,baseplate
1686,NP_536836.1,baseplate
1687,YP_009981836.1,baseplate
1688,NP_510996.1,baseplate
1689,NP_852773.1,baseplate
1690,NP_852776.1,baseplate
1691,YP_001039829.1,baseplate
1692,YP_240093.1,baseplate
1693,YP_001468658.1,baseplate
1694,YP_654746.1,baseplate
1695,YP_009167785.1,baseplate
1696,YP_001650904.1,baseplate
1697,YP_002154390.1,baseplate
1698,YP_003347514.1,baseplate
1699,YP_003347349.1,baseplate
1700,YP_003344786.1,baseplate
1701,YP_009168615.1,baseplate
1702,YP_007007235.1,baseplate
1703,YP_008126714.1,baseplate
1704,YP_008059880.1,baseplate
1705,YP_009149434.1,baseplate
1706,YP_007392888.1,baseplate
1707,YP_009150846.1,baseplate
1708,YP_009779064.1,baseplate
1709,YP_009779280.1,baseplate
1710,YP_009779495.1,baseplate
1711,YP_008766853.1,baseplate
1712,YP_009784221.1,baseplate
1713,YP_009948795.1,baseplate
1714,YP_009044690.1,baseplate
1715,YP_009126630.1,baseplate
1716,YP_009102176.1,baseplate
1717,YP_009276851.1,baseplate
1718,YP_009188088.1,baseplate
1719,YP_009188093.1,baseplate
1720,YP_009204862.1,baseplate
1721,YP_009210468.1,baseplate
1722,YP_009276452.1,baseplate
1723,YP_009812541.1,baseplate
1724,YP_010088738.1,baseplate
1725,YP_009876110.1,baseplate
1726,YP_009597569.1,baseplate
1727,YP_010089477.1,baseplate
1728,YP_010089514.1,baseplate
1729,YP_009788011.1,baseplate
1730,YP_010090581.1,baseplate
1731,YP_010090619.1,baseplate
1732,YP_010090623.1,baseplate
1733,YP_010092345.1,baseplate
1734,YP_009914743.1,baseplate
1735,YP_009914745.1,baseplate
1736,YP_009914752.1,baseplate
1737,YP_010092053.1,baseplate
1738,YP_010056838.1,baseplate
1739,YP_009615312.1,baseplate
1740,YP_009702240.1,baseplate
1741,YP_010093615.1,baseplate
1742,YP_009836901.1,baseplate
1743,YP_009797074.1,baseplate
1744,YP_009797170.1,baseplate
1745,YP_009797212.1,baseplate
1746,YP_009797342.1,baseplate
1747,YP_009798065.1,baseplate
1748,YP_010090901.1,baseplate
1749,YP_010095106.1,baseplate
1750,YP_010095149.1,baseplate
1751,YP_010095152.1,baseplate
1752,YP_009889797.1,baseplate
1753,YP_009803416.1,baseplate
1754,YP_010096252.1,baseplate
1755,YP_009810807.1,baseplate
1756,YP_009880963.1,baseplate
1757,YP_009880966.1,baseplate
1758,YP_009881505.1,baseplate
1759,YP_009881508.1,baseplate
1760,YP_009842866.1,baseplate
1761,YP_009814245.1,baseplate
1762,YP_009814416.1,baseplate
1763,YP_009816011.1,baseplate
1764,YP_009816150.1,baseplate
1765,YP_010100476.1,baseplate
1766,YP_009845671.1,baseplate
1767,YP_009845841.1,baseplate
1768,YP_009850381.1,baseplate
1769,YP_009850384.1,baseplate
1770,YP_009850539.1,baseplate
1771,YP_009850545.1,baseplate
1772,YP_009883351.1,baseplate
1773,YP_009883910.1,baseplate
1774,YP_010059526.1,baseplate
1775,YP_009885074.1,baseplate
1776,YP_009884903.1,baseplate
1777,YP_009884998.1,baseplate
1778,YP_009885348.1,baseplate
1779,YP_009885452.1,baseplate
1780,YP_009885509.1,baseplate
1781,YP_009885562.1,baseplate
1782,YP_009885661.1,baseplate
1783,YP_009885781.1,baseplate
1784,YP_009885895.1,baseplate
1785,YP_009886936.1,baseplate
1786,YP_009886193.1,baseplate
1787,YP_009886689.1,baseplate
1788,YP_009886439.1,baseplate
1789,YP_009854110.1,baseplate
1790,YP_009887155.1,baseplate
1791,YP_009877452.1,baseplate
1792,YP_009877530.1,baseplate
1793,YP_009877489.1,baseplate
1794,YP_009877572.1,baseplate
1795,YP_009855902.1,baseplate
1796,YP_009855906.1,baseplate
1797,YP_010037913.1,baseplate
1798,YP_010037925.1,baseplate
1799,YP_010037975.1,baseplate
1800,YP_009966144.1,baseplate
1801,YP_010298328.1,baseplate
1802,YP_010357143.1,baseplate
1803,YP_010357341.1,baseplate
1804,YP_009850541.1,baseplate
1805,YP_009884129.1,baseplate
1806,YP_009838246.1,baseplate
1807,YP_009850902.1,baseplate
1808,YP_010077797.1,baseplate
1809,YP_010092933.1,baseplate
1810,YP_010107303.1,baseplate
1811,YP_010107369.1,baseplate
1812,YP_010090588.1,baseplate
1813,YP_009836703.1,baseplate
1814,YP_009273333.1,major_capsid
1815,NP_945035.1,major_capsid
1816,YP_009875541.1,major_capsid
1817,YP_009880009.1,major_capsid
1818,YP_009879899.1,major_capsid
1819,YP_009790753.1,major_capsid
1820,YP_009792648.1,major_capsid
1821,YP_009800174.1,major_capsid
1822,YP_009800319.1,major_capsid
1823,YP_009802608.1,major_capsid
1824,YP_009807591.1,major_capsid
1825,YP_009807738.1,major_capsid
1826,YP_009809253.1,major_capsid
1827,YP_009808584.1,major_capsid
1828,YP_009853764.1,major_capsid
1829,YP_009887274.1,major_capsid
1830,YP_010078915.1,major_capsid
1831,YP_009222707.1,major_capsid
1832,YP_001468392.1,major_capsid
1833,YP_010115324.1,major_capsid
1834,YP_240157.1,major_capsid
1835,YP_003358800.1,major_capsid
1836,YP_009168841.1,major_capsid
1837,YP_004306106.1,major_capsid
1838,YP_004306877.1,major_capsid
1839,YP_008129844.1,major_capsid
1840,YP_009792318.1,major_capsid
1841,YP_009013560.1,major_capsid
1842,YP_009009361.1,major_capsid
1843,YP_009213766.1,major_capsid
1844,YP_009785099.1,major_capsid
1845,YP_009191436.1,major_capsid
1846,YP_009187473.1,major_capsid
1847,YP_009616734.1,major_capsid
1848,YP_009812527.1,major_capsid
1849,YP_009788210.1,major_capsid
1850,YP_009789802.1,major_capsid
1851,YP_009910237.1,major_capsid
1852,YP_009796840.1,major_capsid
1853,YP_009797597.1,major_capsid
1854,YP_010080158.1,major_capsid
1855,YP_010080226.1,major_capsid
1856,YP_009879865.1,major_capsid
1857,YP_009882674.1,major_capsid
1858,YP_009845070.1,major_capsid
1859,YP_009902920.1,major_capsid
1860,YP_010054574.1,major_capsid
1861,YP_010050707.1,major_capsid
1862,YP_009877545.1,major_capsid
1863,YP_009877504.1,major_capsid
1864,YP_009877587.1,major_capsid
1865,YP_010091030.1,major_capsid
1866,YP_010078834.1,major_capsid
1867,YP_010113594.1,major_capsid
1868,YP_010109776.1,major_capsid
1869,YP_010050629.1,major_capsid
1870,YP_009997877.1,major_capsid
1871,YP_009819662.1,major_capsid
1872,YP_009835300.1,major_capsid
1873,YP_010055794.1,major_capsid
1874,YP_010055544.1,major_capsid
1875,YP_010054725.1,major_capsid
1876,YP_010054815.1,major_capsid
1877,YP_009788545.1,major_capsid
1878,YP_009788738.1,major_capsid
1879,YP_009951384.1,major_capsid
1880,YP_009951876.1,major_capsid
1881,YP_009953103.1,major_capsid
1882,YP_009953507.1,major_capsid
1883,YP_009951291.1,major_capsid
1884,YP_009951580.1,major_capsid
1885,YP_009953403.1,major_capsid
1886,YP_009952900.1,major_capsid
1887,YP_009784707.1,major_capsid
1888,YP_009789898.1,major_capsid
1889,YP_009834052.1,major_capsid
1890,YP_009622601.1,major_capsid
1891,YP_009799363.1,major_capsid
1892,YP_009800674.1,major_capsid
1893,YP_009800580.1,major_capsid
1894,YP_009838157.1,major_capsid
1895,YP_009838993.1,major_capsid
1896,YP_009839224.1,major_capsid
1897,YP_009840821.1,major_capsid
1898,YP_009881685.1,major_capsid
1899,YP_009842721.1,major_capsid
1900,YP_009818309.1,major_capsid
1901,YP_009908768.1,major_capsid
1902,YP_009998565.1,major_capsid
1903,YP_010051547.1,major_capsid
1904,YP_010060224.1,major_capsid
1905,YP_010092599.1,major_capsid
1906,YP_010096990.1,major_capsid
1907,YP_010098008.1,major_capsid
1908,YP_010098286.1,major_capsid
1909,YP_010098377.1,major_capsid
1910,YP_010098824.1,major_capsid
1911,YP_010098917.1,major_capsid
1912,YP_010101156.1,major_capsid
1913,YP_010101246.1,major_capsid
1914,YP_010104701.1,major_capsid
1915,YP_010104610.1,major_capsid
1916,YP_010078248.1,major_capsid
1917,YP_010078671.1,major_capsid
1918,YP_009798357.1,major_capsid
1919,YP_009950161.1,major_capsid
1920,YP_009804607.1,major_capsid
1921,YP_010078609.1,major_capsid
1922,YP_010078355.1,major_capsid
1923,YP_009152667.1,major_capsid
1924,YP_009798048.1,major_capsid
1925,YP_009806955.1,major_capsid
1926,YP_009814227.1,major_capsid
1927,YP_009814399.1,major_capsid
1928,YP_010055460.1,major_capsid
1929,YP_010001224.1,major_capsid
1930,YP_009822294.1,major_capsid
1931,YP_010064656.1,major_capsid
1932,YP_009848396.1,major_capsid
1933,YP_010064604.1,major_capsid
1934,YP_010001143.1,major_capsid
1935,YP_010055706.1,major_capsid
1936,YP_010061441.1,major_capsid
1937,YP_010001072.1,major_capsid
1938,YP_010109367.1,major_capsid
1939,YP_009842494.1,major_capsid
1940,YP_009218802.1,major_capsid
1941,NP_073538.1,major_capsid
1942,YP_009964117.1,major_capsid
1943,YP_009952253.1,major_capsid
1944,YP_009950449.1,major_capsid
1945,YP_009953994.1,major_capsid
1946,YP_009952527.1,major_capsid
1947,YP_009951682.1,major_capsid
1948,YP_009951779.1,major_capsid
1949,YP_009951191.1,major_capsid
1950,YP_009953207.1,major_capsid
1951,YP_009952804.1,major_capsid
1952,YP_009611880.1,major_capsid
1953,YP_009952607.1,major_capsid
1954,YP_009953309.1,major_capsid
1955,YP_009950817.1,major_capsid
1956,YP_009952347.1,major_capsid
1957,YP_009950723.1,major_capsid
1958,YP_009952442.1,major_capsid
1959,YP_009952705.1,major_capsid
1960,YP_009950909.1,major_capsid
1961,YP_009950065.1,major_capsid
1962,YP_009949869.1,major_capsid
1963,YP_009953800.1,major_capsid
1964,YP_009950545.1,major_capsid
1965,YP_009954290.1,major_capsid
1966,YP_009949770.1,major_capsid
1967,YP_009950355.1,major_capsid
1968,YP_001956923.1,major_capsid
1969,NP_944113.1,major_capsid
1970,YP_224246.1,major_capsid
1971,YP_249589.1,major_capsid
1972,YP_001504125.1,major_capsid
1973,YP_009140190.1,major_capsid
1974,YP_009220191.1,major_capsid
1975,YP_002048657.1,major_capsid
1976,YP_003347932.1,major_capsid
1977,YP_007236462.1,major_capsid
1978,YP_009168343.1,major_capsid
1979,YP_004421492.1,major_capsid
1980,YP_007675801.1,major_capsid
1981,YP_009103142.1,major_capsid
1982,YP_007002787.1,major_capsid
1983,YP_008130264.1,major_capsid
1984,YP_004251282.1,major_capsid
1985,YP_009637350.1,major_capsid
1986,YP_009614033.1,major_capsid
1987,YP_009638006.1,major_capsid
1988,YP_007005458.1,major_capsid
1989,YP_007005821.1,major_capsid
1990,YP_004895313.1,major_capsid
1991,YP_005098192.1,major_capsid
1992,YP_005087131.1,major_capsid
1993,YP_006561146.1,major_capsid
1994,YP_006560305.1,major_capsid
1995,YP_007006570.1,major_capsid
1996,YP_007010559.1,major_capsid
1997,YP_009042893.1,major_capsid
1998,YP_009784533.1,major_capsid
1999,YP_008240066.1,major_capsid
2000,YP_006560245.1,major_capsid
2001,YP_009638571.1,major_capsid
2002,YP_007010676.1,major_capsid
2003,YP_008239665.1,major_capsid
2004,YP_007349040.1,major_capsid
2005,YP_008126822.1,major_capsid
2006,YP_009874361.1,major_capsid
2007,YP_007517957.1,major_capsid
2008,YP_008859217.1,major_capsid
2009,YP_008241781.1,major_capsid
2010,YP_008409934.1,major_capsid
2011,YP_008409839.1,major_capsid
2012,YP_008770009.1,major_capsid
2013,YP_008770652.1,major_capsid
2014,YP_008770574.1,major_capsid
2015,YP_008771677.1,major_capsid
2016,YP_008770886.1,major_capsid
2017,YP_008859419.1,major_capsid
2018,YP_009639189.1,major_capsid
2019,YP_009639117.1,major_capsid
2020,YP_009005109.1,major_capsid
2021,YP_009008839.1,major_capsid
2022,YP_009030473.1,major_capsid
2023,YP_009021418.1,major_capsid
2024,YP_009592633.1,major_capsid
2025,YP_009044556.1,major_capsid
2026,YP_009103299.1,major_capsid
2027,YP_009102943.1,major_capsid
2028,YP_009031135.1,major_capsid
2029,YP_009043612.1,major_capsid
2030,YP_009147100.1,major_capsid
2031,YP_009043930.1,major_capsid
2032,YP_009215613.1,major_capsid
2033,YP_009097632.1,major_capsid
2034,YP_009149973.1,major_capsid
2035,YP_009151139.1,major_capsid
2036,YP_009151619.1,major_capsid
2037,YP_009152166.1,major_capsid
2038,YP_009100996.1,major_capsid
2039,YP_009126457.1,major_capsid
2040,YP_009099713.1,major_capsid
2041,YP_009126043.1,major_capsid
2042,YP_009198598.1,major_capsid
2043,YP_009215217.1,major_capsid
2044,YP_009222460.1,major_capsid
2045,YP_009223915.1,major_capsid
2046,YP_009200128.1,major_capsid
2047,YP_009219879.2,major_capsid
2048,YP_009193468.1,major_capsid
2049,YP_009202643.1,major_capsid
2050,YP_009848606.1,major_capsid
2051,YP_009225676.1,major_capsid
2052,YP_009604250.1,major_capsid
2053,YP_009213474.1,major_capsid
2054,YP_009616297.1,major_capsid
2055,YP_009226055.1,major_capsid
2056,YP_009194273.1,major_capsid
2057,YP_009607225.1,major_capsid
2058,YP_009601494.1,major_capsid
2059,YP_009189665.1,major_capsid
2060,YP_009198018.1,major_capsid
2061,YP_009602440.1,major_capsid
2062,YP_009602502.1,major_capsid
2063,YP_009602564.1,major_capsid
2064,YP_009602625.1,major_capsid
2065,YP_009602688.1,major_capsid
2066,YP_009601642.1,major_capsid
2067,YP_009602807.1,major_capsid
2068,YP_009602871.1,major_capsid
2069,YP_009601719.1,major_capsid
2070,YP_009604045.1,major_capsid
2071,YP_009594353.1,major_capsid
2072,YP_009601568.1,major_capsid
2073,YP_009616586.1,major_capsid
2074,YP_009785940.1,major_capsid
2075,YP_009302422.1,major_capsid
2076,YP_009303078.1,major_capsid
2077,YP_009301281.1,major_capsid
2078,YP_009303308.1,major_capsid
2079,YP_009323885.1,major_capsid
2080,YP_009875625.1,major_capsid
2081,YP_009302767.1,major_capsid
2082,YP_009301448.1,major_capsid
2083,YP_009595854.1,major_capsid
2084,YP_009276467.1,major_capsid
2085,YP_009323080.1,major_capsid
2086,YP_009287486.1,major_capsid
2087,YP_009290977.1,major_capsid
2088,YP_009282256.1,major_capsid
2089,YP_009787334.1,major_capsid
2090,YP_009597506.1,major_capsid
2091,YP_009599179.1,major_capsid
2092,YP_009876489.1,major_capsid
2093,YP_009790304.1,major_capsid
2094,YP_009013371.1,major_capsid
2095,YP_009609699.1,major_capsid
2096,YP_009609949.1,major_capsid
2097,YP_009610025.1,major_capsid
2098,YP_009610227.1,major_capsid
2099,YP_009791559.1,major_capsid
2100,YP_009612387.1,major_capsid
2101,YP_009612462.1,major_capsid
2102,YP_009794979.1,major_capsid
2103,YP_009804138.1,major_capsid
2104,YP_009615091.1,major_capsid
2105,YP_009621078.1,major_capsid
2106,YP_009796180.1,major_capsid
2107,YP_009796401.1,major_capsid
2108,YP_009879689.1,major_capsid
2109,YP_009622067.1,major_capsid
2110,YP_009622400.1,major_capsid
2111,YP_009801095.1,major_capsid
2112,YP_008532065.1,major_capsid
2113,YP_009804796.1,major_capsid
2114,YP_009804963.1,major_capsid
2115,YP_009806061.1,major_capsid
2116,YP_009805588.1,major_capsid
2117,YP_009806784.1,major_capsid
2118,YP_009838361.1,major_capsid
2119,YP_009808899.1,major_capsid
2120,YP_009807131.1,major_capsid
2121,YP_009882046.1,major_capsid
2122,YP_009815693.1,major_capsid
2123,YP_009815764.1,major_capsid
2124,YP_009815836.1,major_capsid
2125,YP_009814979.1,major_capsid
2126,YP_009816856.1,major_capsid
2127,YP_009819015.1,major_capsid
2128,YP_009882856.1,major_capsid
2129,YP_009849823.1,major_capsid
2130,YP_009883481.1,major_capsid
2131,YP_009849867.1,major_capsid
2132,YP_009883268.1,major_capsid
2133,YP_009884161.1,major_capsid
2134,YP_009884497.1,major_capsid
2135,YP_009884230.1,major_capsid
2136,YP_009884815.1,major_capsid
2137,YP_009885934.1,major_capsid
2138,YP_009889361.1,major_capsid
2139,YP_009857764.1,major_capsid
2140,YP_009778093.1,major_capsid
2141,YP_009018992.1,major_capsid
2142,YP_009215516.1,major_capsid
2143,YP_009997355.1,major_capsid
2144,YP_009997193.1,major_capsid
2145,YP_009997273.1,major_capsid
2146,YP_009997438.1,major_capsid
2147,YP_009997471.1,major_capsid
2148,YP_010049990.1,major_capsid
2149,YP_010050360.1,major_capsid
2150,YP_010050299.1,major_capsid
2151,YP_010050051.1,major_capsid
2152,YP_010050479.1,major_capsid
2153,YP_010050419.1,major_capsid
2154,YP_010049803.1,major_capsid
2155,YP_010049928.1,major_capsid
2156,YP_010050177.1,major_capsid
2157,YP_010050544.1,major_capsid
2158,YP_010049864.1,major_capsid
2159,YP_010050236.1,major_capsid
2160,YP_010050109.1,major_capsid
2161,YP_010051101.1,major_capsid
2162,YP_010051292.1,major_capsid
2163,YP_010051417.1,major_capsid
2164,YP_010051352.1,major_capsid
2165,YP_010051614.1,major_capsid
2166,YP_010051677.1,major_capsid
2167,YP_010115120.1,major_capsid
2168,YP_010089978.1,major_capsid
2169,YP_010092694.1,major_capsid
2170,YP_010093840.1,major_capsid
2171,YP_010097432.1,major_capsid
2172,YP_010098099.1,major_capsid
2173,YP_010098733.1,major_capsid
2174,YP_010115088.1,major_capsid
2175,NP_899609.1,major_capsid
2176,YP_164744.1,major_capsid
2177,YP_004327199.1,major_capsid
2178,YP_007002476.1,major_capsid
2179,YP_008857641.1,major_capsid
2180,YP_009800370.1,major_capsid
2181,YP_007236347.2,major_capsid
2182,YP_007236873.1,major_capsid
2183,YP_009006291.1,major_capsid
2184,YP_007348355.1,major_capsid
2185,YP_008857046.1,major_capsid
2186,YP_008772090.1,major_capsid
2187,YP_009793601.1,major_capsid
2188,YP_009623463.1,major_capsid
2189,YP_009201384.1,major_capsid
2190,YP_009203187.1,major_capsid
2191,YP_009223409.1,major_capsid
2192,YP_009199993.1,major_capsid
2193,YP_009186944.1,major_capsid
2194,YP_009273811.1,major_capsid
2195,YP_009291185.1,major_capsid
2196,YP_009949178.1,major_capsid
2197,YP_009598105.1,major_capsid
2198,YP_009604683.1,major_capsid
2199,YP_009951000.1,major_capsid
2200,YP_009615427.1,major_capsid
2201,YP_010062051.1,major_capsid
2202,YP_009953002.1,major_capsid
2203,NP_523335.1,major_capsid
2204,YP_009792960.1,major_capsid
2205,NP_041997.1,major_capsid
2206,NP_958060.1,major_capsid
2207,NP_061502.1,major_capsid
2208,NP_116499.1,major_capsid
2209,YP_010133227.1,major_capsid
2210,NP_542595.2,major_capsid
2211,NP_042319.1,major_capsid
2212,YP_008767312.1,major_capsid
2213,YP_008767313.1,major_capsid
2214,YP_001468466.1,major_capsid
2215,YP_001469619.1,major_capsid
2216,YP_009018699.1,major_capsid
2217,YP_002308412.1,major_capsid
2218,NP_891732.1,major_capsid
2219,NP_680487.1,major_capsid
2220,NP_599037.1,major_capsid
2221,YP_006907308.1,major_capsid
2222,YP_008318484.1,major_capsid
2223,YP_007392281.1,major_capsid
2224,NP_944891.1,major_capsid
2225,NP_543092.1,major_capsid
2226,NP_052108.1,major_capsid
2227,NP_052109.1,major_capsid
2228,NP_663677.1,major_capsid
2229,NP_075504.1,major_capsid
2230,NP_076616.1,major_capsid
2231,NP_076679.1,major_capsid
2232,NP_821152.1,major_capsid
2233,NP_700379.1,major_capsid
2234,NP_536362.1,major_capsid
2235,NP_803339.1,major_capsid
2236,NP_612835.1,major_capsid
2237,NP_938058.1,major_capsid
2238,NP_853592.1,major_capsid
2239,YP_008318328.1,major_capsid
2240,YP_239938.1,major_capsid
2241,NP_848296.1,major_capsid
2242,NP_858956.1,major_capsid
2243,NP_944284.1,major_capsid
2244,YP_024928.1,major_capsid
2245,YP_238492.1,major_capsid
2246,YP_239859.1,major_capsid
2247,YP_240005.1,major_capsid
2248,YP_240234.1,major_capsid
2249,YP_406393.1,major_capsid
2250,YP_293748.1,major_capsid
2251,YP_003090181.1,major_capsid
2252,YP_654732.1,major_capsid
2253,YP_512264.1,major_capsid
2254,YP_425009.1,major_capsid
2255,YP_512315.1,major_capsid
2256,YP_338188.1,major_capsid
2257,NP_839926.1,major_capsid
2258,YP_459969.1,major_capsid
2259,YP_764476.1,major_capsid
2260,YP_655596.1,major_capsid
2261,YP_001285582.1,major_capsid
2262,YP_717802.1,major_capsid
2263,YP_002003562.1,major_capsid
2264,YP_002268008.1,major_capsid
2265,YP_001111033.1,major_capsid
2266,YP_009167770.1,major_capsid
2267,YP_001429943.1,major_capsid
2268,YP_005087453.1,major_capsid
2269,YP_001686874.1,major_capsid
2270,YP_001285679.1,major_capsid
2271,YP_002117758.1,major_capsid
2272,YP_001671977.1,major_capsid
2273,YP_002117674.1,major_capsid
2274,YP_001949782.1,major_capsid
2275,YP_001949783.1,major_capsid
2276,YP_007677276.1,major_capsid
2277,YP_007877939.1,major_capsid
2278,YP_003097339.1,major_capsid
2279,YP_002332404.1,major_capsid
2280,YP_002922237.1,major_capsid
2281,YP_002922847.1,major_capsid
2282,YP_009031355.1,major_capsid
2283,YP_003347548.1,major_capsid
2284,YP_009302210.1,major_capsid
2285,YP_009169185.1,major_capsid
2286,YP_009168987.1,major_capsid
2287,YP_008125644.1,major_capsid
2288,YP_008126425.1,major_capsid
2289,YP_007676490.1,major_capsid
2290,YP_009103797.1,major_capsid
2291,YP_009822208.1,major_capsid
2292,YP_009103533.1,major_capsid
2293,YP_009822263.1,major_capsid
2294,YP_009783030.1,major_capsid
2295,YP_004301421.1,major_capsid
2296,YP_007675586.1,major_capsid
2297,YP_004893877.1,major_capsid
2298,YP_004306451.1,major_capsid
2299,YP_007003511.1,major_capsid
2300,YP_007003206.1,major_capsid
2301,YP_007003558.1,major_capsid
2302,YP_007501015.1,major_capsid
2303,YP_007237911.1,major_capsid
2304,YP_009590867.1,major_capsid
2305,YP_009636181.1,major_capsid
2306,YP_009591172.1,major_capsid
2307,YP_009636924.1,major_capsid
2308,YP_009637147.1,major_capsid
2309,YP_009607942.1,major_capsid
2310,YP_009635428.1,major_capsid
2311,YP_009635853.1,major_capsid
2312,YP_009635987.1,major_capsid
2313,YP_009636071.1,major_capsid
2314,YP_009208421.1,major_capsid
2315,YP_004678755.1,major_capsid
2316,YP_009606690.1,major_capsid
2317,YP_009018021.1,major_capsid
2318,YP_009017002.1,major_capsid
2319,YP_009014098.1,major_capsid
2320,YP_009011773.1,major_capsid
2321,YP_009017592.1,major_capsid
2322,YP_009017150.1,major_capsid
2323,YP_009013912.1,major_capsid
2324,YP_009793108.1,major_capsid
2325,YP_008430764.1,major_capsid
2326,YP_009017070.1,major_capsid
2327,YP_009018800.1,major_capsid
2328,YP_009638278.1,major_capsid
2329,YP_004934685.1,major_capsid
2330,YP_007004365.1,major_capsid
2331,YP_009149581.1,major_capsid
2332,YP_007518389.1,major_capsid
2333,YP_007006230.1,major_capsid
2334,YP_007006072.1,major_capsid
2335,YP_006990304.1,major_capsid
2336,YP_006987037.1,major_capsid
2337,YP_006987798.1,major_capsid
2338,YP_006299956.1,major_capsid
2339,YP_007236660.1,major_capsid
2340,YP_007007015.1,major_capsid
2341,YP_009607486.1,major_capsid
2342,YP_007392389.1,major_capsid
2343,YP_009008364.1,major_capsid
2344,YP_007005732.1,major_capsid
2345,YP_007676745.1,major_capsid
2346,YP_008239561.1,major_capsid
2347,YP_006382935.1,major_capsid
2348,YP_010062918.1,major_capsid
2349,YP_006488675.1,major_capsid
2350,YP_008059862.1,major_capsid
2351,YP_007677130.1,major_capsid
2352,YP_009638471.1,major_capsid
2353,YP_009150189.1,major_capsid
2354,YP_009148813.1,major_capsid
2355,YP_007349199.1,major_capsid
2356,YP_007237117.1,major_capsid
2357,YP_009638672.1,major_capsid
2358,YP_009638757.1,major_capsid
2359,YP_009147453.1,major_capsid
2360,YP_009638844.1,major_capsid
2361,YP_007111880.1,major_capsid
2362,YP_009151278.1,major_capsid
2363,YP_006906032.1,major_capsid
2364,YP_006906546.1,major_capsid
2365,YP_006907135.1,major_capsid
2366,YP_006906499.1,major_capsid
2367,YP_006907089.1,major_capsid
2368,YP_006906019.1,major_capsid
2369,YP_007677424.1,major_capsid
2370,YP_008766800.1,major_capsid
2371,YP_009103190.1,major_capsid
2372,YP_009150832.1,major_capsid
2373,YP_008058803.1,major_capsid
2374,YP_009779096.1,major_capsid
2375,YP_009779308.1,major_capsid
2376,YP_009779523.1,major_capsid
2377,YP_010083315.1,major_capsid
2378,YP_007869817.1,major_capsid
2379,YP_009606435.1,major_capsid
2380,YP_009226318.1,major_capsid
2381,YP_009220064.1,major_capsid
2382,YP_008858642.1,major_capsid
2383,YP_008059978.1,major_capsid
2384,YP_008051637.1,major_capsid
2385,YP_008051948.1,major_capsid
2386,YP_008051783.1,major_capsid
2387,YP_008051491.1,major_capsid
2388,YP_008530303.1,major_capsid
2389,YP_008408964.1,major_capsid
2390,YP_008410171.1,major_capsid
2391,YP_008410403.1,major_capsid
2392,YP_009219540.1,major_capsid
2393,YP_008410030.1,major_capsid
2394,YP_008766839.1,major_capsid
2395,YP_008409406.1,major_capsid
2396,YP_009009154.1,major_capsid
2397,YP_008409311.1,major_capsid
2398,YP_008859449.1,major_capsid
2399,YP_008858292.1,major_capsid
2400,YP_008857499.1,major_capsid
2401,YP_008857285.1,major_capsid
2402,YP_009003379.1,major_capsid
2403,YP_009003380.1,major_capsid
2404,YP_008767370.1,major_capsid
2405,YP_008771435.1,major_capsid
2406,YP_008766869.1,major_capsid
2407,YP_008767249.1,major_capsid
2408,YP_008767250.1,major_capsid
2409,YP_009002663.1,major_capsid
2410,YP_009056526.1,major_capsid
2411,YP_009055350.1,major_capsid
2412,YP_009056064.1,major_capsid
2413,YP_009005760.1,major_capsid
2414,YP_009005573.1,major_capsid
2415,YP_008858740.1,major_capsid
2416,YP_009148482.1,major_capsid
2417,YP_009005854.1,major_capsid
2418,YP_009007207.1,major_capsid
2419,YP_009006607.1,major_capsid
2420,YP_009227036.1,major_capsid
2421,YP_009030968.1,major_capsid
2422,YP_009275667.1,major_capsid
2423,YP_009004196.1,major_capsid
2424,YP_009009853.1,major_capsid
2425,YP_009009062.1,major_capsid
2426,YP_009009755.1,major_capsid
2427,YP_009009994.1,major_capsid
2428,YP_009045036.1,major_capsid
2429,YP_009616212.1,major_capsid
2430,YP_009055679.1,major_capsid
2431,YP_009793435.1,major_capsid
2432,YP_009043094.1,major_capsid
2433,YP_009043466.1,major_capsid
2434,YP_009031875.1,major_capsid
2435,YP_009032403.1,major_capsid
2436,YP_009103075.1,major_capsid
2437,YP_009036981.1,major_capsid
2438,YP_009035603.1,major_capsid
2439,YP_009149232.1,major_capsid
2440,YP_009153210.1,major_capsid
2441,YP_009153564.1,major_capsid
2442,YP_009153880.1,major_capsid
2443,YP_009152712.1,major_capsid
2444,YP_009146944.1,major_capsid
2445,YP_009209263.1,major_capsid
2446,YP_009606790.1,major_capsid
2447,YP_009056463.1,major_capsid
2448,YP_009124559.1,major_capsid
2449,YP_009123966.1,major_capsid
2450,YP_009111277.1,major_capsid
2451,YP_009204961.1,major_capsid
2452,YP_009124932.1,major_capsid
2453,YP_009067086.1,major_capsid
2454,YP_009101383.1,major_capsid
2455,YP_009125000.1,major_capsid
2456,YP_009151916.1,major_capsid
2457,YP_009102826.1,major_capsid
2458,YP_009145718.1,major_capsid
2459,YP_009201643.1,major_capsid
2460,YP_009205143.1,major_capsid
2461,YP_009100023.1,major_capsid
2462,YP_008058174.1,major_capsid
2463,YP_009304452.1,major_capsid
2464,YP_009300934.1,major_capsid
2465,YP_009302942.1,major_capsid
2466,YP_009102190.1,major_capsid
2467,YP_009197131.1,major_capsid
2468,YP_009221025.1,major_capsid
2469,YP_009147325.1,major_capsid
2470,YP_009152046.1,major_capsid
2471,YP_009152652.1,major_capsid
2472,YP_009205391.1,major_capsid
2473,YP_009152981.1,major_capsid
2474,YP_009213231.1,major_capsid
2475,YP_009277313.1,major_capsid
2476,YP_009276932.1,major_capsid
2477,YP_009217929.1,major_capsid
2478,YP_009277246.1,major_capsid
2479,YP_009277376.1,major_capsid
2480,YP_009146303.1,major_capsid
2481,YP_009125483.1,major_capsid
2482,YP_009600443.1,major_capsid
2483,YP_009207757.1,major_capsid
2484,YP_009784989.1,major_capsid
2485,YP_009222827.1,major_capsid
2486,YP_009188486.1,major_capsid
2487,YP_009218324.2,major_capsid
2488,YP_009212756.1,major_capsid
2489,YP_009205682.1,major_capsid
2490,YP_009200798.1,major_capsid
2491,YP_009204069.1,major_capsid
2492,YP_009209226.1,major_capsid
2493,YP_009287415.1,major_capsid
2494,YP_009218140.1,major_capsid
2495,YP_009225300.1,major_capsid
2496,YP_009217859.1,major_capsid
2497,YP_009218818.1,major_capsid
2498,YP_009191747.1,major_capsid
2499,YP_009785148.1,major_capsid
2500,YP_009829970.1,major_capsid
2501,YP_009221392.1,major_capsid
2502,YP_009603630.1,major_capsid
2503,YP_009159969.1,major_capsid
2504,YP_009593693.1,major_capsid
2505,YP_009198111.1,major_capsid
2506,YP_009785376.1,major_capsid
2507,YP_009204103.1,major_capsid
2508,YP_009204261.1,major_capsid
2509,YP_009177325.1,major_capsid
2510,YP_009593902.1,major_capsid
2511,YP_009224280.1,major_capsid
2512,YP_009197681.1,major_capsid
2513,YP_009592376.1,major_capsid
2514,YP_009215022.1,major_capsid
2515,YP_009214683.1,major_capsid
2516,YP_009188720.1,major_capsid
2517,YP_009211094.1,major_capsid
2518,YP_009199690.1,major_capsid
2519,YP_009276877.1,major_capsid
2520,YP_009606593.1,major_capsid
2521,YP_010012467.1,major_capsid
2522,YP_009210700.1,major_capsid
2523,YP_009224749.1,major_capsid
2524,YP_009193643.1,major_capsid
2525,YP_009195255.1,major_capsid
2526,YP_009199397.1,major_capsid
2527,YP_009211042.1,major_capsid
2528,YP_009187684.1,major_capsid
2529,YP_009177505.1,major_capsid
2530,YP_009187302.1,major_capsid
2531,YP_009201498.1,major_capsid
2532,YP_009191351.1,major_capsid
2533,YP_009268874.1,major_capsid
2534,YP_009190874.1,major_capsid
2535,YP_009304673.1,major_capsid
2536,YP_009285515.1,major_capsid
2537,YP_009301839.1,major_capsid
2538,YP_009286663.1,major_capsid
2539,YP_009289331.1,major_capsid
2540,YP_009324719.1,major_capsid
2541,YP_009324792.1,major_capsid
2542,YP_009323538.1,major_capsid
2543,YP_009282346.1,major_capsid
2544,YP_009324287.1,major_capsid
2545,YP_009303472.1,major_capsid
2546,YP_009304577.1,major_capsid
2547,YP_009304914.1,major_capsid
2548,YP_009302320.1,major_capsid
2549,YP_009595697.1,major_capsid
2550,YP_009616859.1,major_capsid
2551,YP_009304198.1,major_capsid
2552,YP_009300790.1,major_capsid
2553,YP_009304120.1,major_capsid
2554,YP_009301367.1,major_capsid
2555,YP_009286051.1,major_capsid
2556,YP_009301749.1,major_capsid
2557,YP_009303389.1,major_capsid
2558,YP_009302842.1,major_capsid
2559,YP_009304337.1,major_capsid
2560,YP_009303952.1,major_capsid
2561,YP_009281374.1,major_capsid
2562,YP_009792442.1,major_capsid
2563,YP_009276631.1,major_capsid
2564,YP_009275573.1,major_capsid
2565,YP_009276534.1,major_capsid
2566,YP_009274951.1,major_capsid
2567,YP_009291565.1,major_capsid
2568,YP_009324609.1,major_capsid
2569,YP_009287204.1,major_capsid
2570,YP_009278600.1,major_capsid
2571,YP_009287663.1,major_capsid
2572,YP_009277861.1,major_capsid
2573,YP_009283760.1,major_capsid
2574,YP_009279167.1,major_capsid
2575,YP_009288239.1,major_capsid
2576,YP_010056639.1,major_capsid
2577,YP_009321022.1,major_capsid
2578,YP_010088771.1,major_capsid
2579,YP_009322548.1,major_capsid
2580,YP_009287223.1,major_capsid
2581,YP_009291961.1,major_capsid
2582,YP_009289816.1,major_capsid
2583,YP_009596219.1,major_capsid
2584,YP_009289666.1,major_capsid
2585,YP_009786902.1,major_capsid
2586,YP_010063183.1,major_capsid
2587,YP_010062403.1,major_capsid
2588,YP_010080388.1,major_capsid
2589,YP_009831588.1,major_capsid
2590,YP_009999007.1,major_capsid
2591,YP_009999127.1,major_capsid
2592,YP_009787431.1,major_capsid
2593,YP_009787489.1,major_capsid
2594,YP_009787541.1,major_capsid
2595,YP_009832554.1,major_capsid
2596,YP_010061623.1,major_capsid
2597,YP_009831706.1,major_capsid
2598,YP_009787723.1,major_capsid
2599,YP_009999373.1,major_capsid
2600,YP_010062580.1,major_capsid
2601,YP_010083372.1,major_capsid
2602,YP_009788398.1,major_capsid
2603,YP_010062830.1,major_capsid
2604,YP_009842075.1,major_capsid
2605,YP_009789010.1,major_capsid
2606,YP_009789041.1,major_capsid
2607,YP_009962357.1,major_capsid
2608,YP_009832446.1,major_capsid
2609,YP_009966365.1,major_capsid
2610,YP_009789838.1,major_capsid
2611,YP_009600258.1,major_capsid
2612,YP_009958656.1,major_capsid
2613,YP_009600725.1,major_capsid
2614,YP_009602125.1,major_capsid
2615,YP_010063921.1,major_capsid
2616,YP_009790834.1,major_capsid
2617,YP_010012977.1,major_capsid
2618,YP_010012846.1,major_capsid
2619,YP_009951095.1,major_capsid
2620,YP_010012595.1,major_capsid
2621,YP_009610589.1,major_capsid
2622,YP_009610821.1,major_capsid
2623,YP_009611042.1,major_capsid
2624,YP_009611261.1,major_capsid
2625,YP_009611488.1,major_capsid
2626,YP_009834134.1,major_capsid
2627,YP_009998496.1,major_capsid
2628,YP_009791685.1,major_capsid
2629,YP_009791731.1,major_capsid
2630,YP_009791775.1,major_capsid
2631,YP_010064012.1,major_capsid
2632,YP_009618579.1,major_capsid
2633,YP_009618710.1,major_capsid
2634,YP_009612620.1,major_capsid
2635,YP_010080496.1,major_capsid
2636,YP_010080567.1,major_capsid
2637,YP_010080605.1,major_capsid
2638,YP_010080642.1,major_capsid
2639,YP_010080716.1,major_capsid
2640,YP_010080753.1,major_capsid
2641,YP_010080790.1,major_capsid
2642,YP_010083603.1,major_capsid
2643,YP_009835596.1,major_capsid
2644,YP_010063355.1,major_capsid
2645,YP_010062488.1,major_capsid
2646,YP_010063269.1,major_capsid
2647,YP_009955822.1,major_capsid
2648,YP_010052078.1,major_capsid
2649,YP_010051870.1,major_capsid
2650,YP_009835935.1,major_capsid
2651,YP_009620683.1,major_capsid
2652,YP_009623860.1,major_capsid
2653,YP_009702220.1,major_capsid
2654,YP_009835848.1,major_capsid
2655,YP_009621582.1,major_capsid
2656,YP_009621711.1,major_capsid
2657,YP_010083879.1,major_capsid
2658,YP_010083746.1,major_capsid
2659,YP_010083681.1,major_capsid
2660,YP_010083814.1,major_capsid
2661,YP_010083116.1,major_capsid
2662,YP_009797008.1,major_capsid
2663,YP_009797818.1,major_capsid
2664,YP_009998416.1,major_capsid
2665,YP_009957307.1,major_capsid
2666,YP_009954382.1,major_capsid
2667,YP_009624533.1,major_capsid
2668,YP_009799931.1,major_capsid
2669,YP_009799510.1,major_capsid
2670,YP_009959980.1,major_capsid
2671,YP_010063729.1,major_capsid
2672,YP_009960901.1,major_capsid
2673,YP_009889813.1,major_capsid
2674,YP_010056563.1,major_capsid
2675,YP_010095400.1,major_capsid
2676,YP_010061804.1,major_capsid
2677,YP_010096883.1,major_capsid
2678,YP_010083477.1,major_capsid
2679,YP_009880951.1,major_capsid
2680,YP_010013238.1,major_capsid
2681,YP_009839489.1,major_capsid
2682,YP_009839739.1,major_capsid
2683,YP_009840223.1,major_capsid
2684,YP_009839975.1,major_capsid
2685,YP_010052279.1,major_capsid
2686,YP_010051942.1,major_capsid
2687,YP_009962460.1,major_capsid
2688,YP_010062745.1,major_capsid
2689,YP_009841188.1,major_capsid
2690,YP_009812348.1,major_capsid
2691,YP_009950629.1,major_capsid
2692,YP_010080827.1,major_capsid
2693,YP_010080977.1,major_capsid
2694,YP_010081054.1,major_capsid
2695,YP_010080866.1,major_capsid
2696,YP_010080904.1,major_capsid
2697,YP_010080941.1,major_capsid
2698,YP_010081016.1,major_capsid
2699,YP_009841554.1,major_capsid
2700,YP_010051224.1,major_capsid
2701,YP_009812400.1,major_capsid
2702,YP_009814819.1,major_capsid
2703,YP_009840739.1,major_capsid
2704,YP_009820477.1,major_capsid
2705,YP_009842409.1,major_capsid
2706,YP_009816607.1,major_capsid
2707,YP_009816049.1,major_capsid
2708,YP_010063633.1,major_capsid
2709,YP_009818426.1,major_capsid
2710,YP_009800874.1,major_capsid
2711,YP_009818566.1,major_capsid
2712,YP_010064201.1,major_capsid
2713,YP_009999520.1,major_capsid
2714,YP_009998642.1,major_capsid
2715,YP_010064108.1,major_capsid
2716,YP_010100904.1,major_capsid
2717,YP_010080531.1,major_capsid
2718,YP_009961520.1,major_capsid
2719,YP_010083180.1,major_capsid
2720,YP_009882713.1,major_capsid
2721,YP_009882615.1,major_capsid
2722,YP_009882567.1,major_capsid
2723,YP_009882460.1,major_capsid
2724,YP_009882495.1,major_capsid
2725,YP_010101656.1,major_capsid
2726,YP_009955717.1,major_capsid
2727,YP_010063094.1,major_capsid
2728,YP_009961104.1,major_capsid
2729,YP_010061716.1,major_capsid
2730,YP_010101314.1,major_capsid
2731,YP_010101471.1,major_capsid
2732,YP_009820537.1,major_capsid
2733,YP_010052009.1,major_capsid
2734,YP_010061542.1,major_capsid
2735,YP_010080047.1,major_capsid
2736,YP_009821716.1,major_capsid
2737,YP_009821370.1,major_capsid
2738,YP_009821639.1,major_capsid
2739,YP_010101739.1,major_capsid
2740,YP_010063006.1,major_capsid
2741,YP_009845532.1,major_capsid
2742,YP_009845637.1,major_capsid
2743,YP_010083512.1,major_capsid
2744,YP_010052143.1,major_capsid
2745,YP_010103427.1,major_capsid
2746,YP_010103707.1,major_capsid
2747,YP_010063453.1,major_capsid
2748,YP_009883293.1,major_capsid
2749,YP_010103941.1,major_capsid
2750,YP_010056417.1,major_capsid
2751,YP_009884373.1,major_capsid
2752,YP_010013357.1,major_capsid
2753,YP_010013106.1,major_capsid
2754,YP_009954190.1,major_capsid
2755,YP_009851413.1,major_capsid
2756,YP_009851617.1,major_capsid
2757,YP_010081469.1,major_capsid
2758,YP_010104325.1,major_capsid
2759,YP_009958351.1,major_capsid
2760,YP_010104814.1,major_capsid
2761,YP_009957199.1,major_capsid
2762,YP_010063549.1,major_capsid
2763,YP_009956779.1,major_capsid
2764,YP_010105410.1,major_capsid
2765,YP_009885365.1,major_capsid
2766,YP_010081287.1,major_capsid
2767,YP_010081326.1,major_capsid
2768,YP_010081360.1,major_capsid
2769,YP_010081132.1,major_capsid
2770,YP_010081435.1,major_capsid
2771,YP_010081167.1,major_capsid
2772,YP_010081208.1,major_capsid
2773,YP_010081251.1,major_capsid
2774,YP_010081505.1,major_capsid
2775,YP_010081543.1,major_capsid
2776,YP_009854353.1,major_capsid
2777,NP_052253.1,major_capsid
2778,YP_010064293.1,major_capsid
2779,YP_010062655.1,major_capsid
2780,YP_009886952.1,major_capsid
2781,YP_009886209.1,major_capsid
2782,YP_009886705.1,major_capsid
2783,YP_009886455.1,major_capsid
2784,YP_009957935.1,major_capsid
2785,YP_010161346.1,major_capsid
2786,YP_009857733.1,major_capsid
2787,YP_009857660.1,major_capsid
2788,YP_009949215.1,major_capsid
2789,YP_010107448.1,major_capsid
2790,YP_010083285.1,major_capsid
2791,YP_010055959.1,major_capsid
2792,YP_009999776.1,major_capsid
2793,YP_010063823.1,major_capsid
2794,YP_010052349.1,major_capsid
2795,YP_010051807.1,major_capsid
2796,YP_010052213.1,major_capsid
2797,YP_009833586.1,major_capsid
2798,YP_010110063.1,major_capsid
2799,YP_009999808.1,major_capsid
2800,YP_009999881.1,major_capsid
2801,YP_010109932.1,major_capsid
2802,YP_009960180.1,major_capsid
2803,YP_010037905.1,major_capsid
2804,YP_010012724.1,major_capsid
2805,YP_009955613.1,major_capsid
2806,YP_010114044.1,major_capsid
2807,YP_009999446.1,major_capsid
2808,YP_010113790.1,major_capsid
2809,YP_010114095.1,major_capsid
2810,YP_009998830.1,major_capsid
2811,YP_009998909.1,major_capsid
2812,YP_009998983.1,major_capsid
2813,YP_009998759.1,major_capsid
2814,YP_009999200.1,major_capsid
2815,YP_009999617.1,major_capsid
2816,YP_010114708.1,major_capsid
2817,YP_010056490.1,major_capsid
2818,YP_004421846.1,major_capsid
2819,YP_009603874.1,major_capsid
2820,YP_009219585.1,major_capsid
2821,YP_007517560.1,major_capsid
2822,YP_001294848.1,major_capsid
2823,YP_002922722.1,major_capsid
2824,YP_007236797.1,major_capsid
2825,YP_006201096.1,major_capsid
2826,YP_009966171.1,major_capsid
2827,YP_009101272.1,major_capsid
2828,YP_009014882.1,major_capsid
2829,YP_003856891.1,major_capsid
2830,YP_009204414.1,major_capsid
2831,YP_010278036.1,major_capsid
2832,YP_010278150.1,major_capsid
2833,YP_001994835.1,major_capsid
2834,YP_003358718.1,major_capsid
2835,YP_003856985.1,major_capsid
2836,YP_009011913.1,major_capsid
2837,YP_009016085.1,major_capsid
2838,YP_009016374.1,major_capsid
2839,YP_009150879.1,major_capsid
2840,YP_009268681.1,major_capsid
2841,YP_006987964.1,major_capsid
2842,YP_008058461.1,major_capsid
2843,YP_008058579.1,major_capsid
2844,YP_008059997.1,major_capsid
2845,YP_009600057.1,major_capsid
2846,YP_009999273.1,major_capsid
2847,YP_009999294.1,major_capsid
2848,YP_008051413.1,major_capsid
2849,YP_008060244.1,major_capsid
2850,YP_008126597.1,major_capsid
2851,YP_008409544.1,major_capsid
2852,YP_008408667.1,major_capsid
2853,YP_008410883.1,major_capsid
2854,YP_009004465.1,major_capsid
2855,YP_009125860.1,major_capsid
2856,YP_009125389.1,major_capsid
2857,YP_009198230.1,major_capsid
2858,YP_009203287.1,major_capsid
2859,YP_009225780.1,major_capsid
2860,YP_009124660.1,major_capsid
2861,YP_009203075.1,major_capsid
2862,YP_009288328.1,major_capsid
2863,YP_009292041.1,major_capsid
2864,YP_009277880.1,major_capsid
2865,YP_009160239.1,major_capsid
2866,YP_009160060.1,major_capsid
2867,YP_009160194.1,major_capsid
2868,YP_009159833.1,major_capsid
2869,YP_009160284.1,major_capsid
2870,YP_009160104.1,major_capsid
2871,YP_009160013.1,major_capsid
2872,YP_009160149.1,major_capsid
2873,YP_009159923.2,major_capsid
2874,YP_009159879.1,major_capsid
2875,YP_009208288.1,major_capsid
2876,YP_009202396.1,major_capsid
2877,YP_009197004.1,major_capsid
2878,YP_009205475.1,major_capsid
2879,YP_009303566.1,major_capsid
2880,YP_009276148.1,major_capsid
2881,YP_009273070.1,major_capsid
2882,YP_009268939.1,major_capsid
2883,YP_009269149.1,major_capsid
2884,YP_009269316.1,major_capsid
2885,YP_009275365.1,major_capsid
2886,YP_009273943.1,major_capsid
2887,YP_009292522.1,major_capsid
2888,YP_009287796.1,major_capsid
2889,YP_009290209.1,major_capsid
2890,YP_009281191.1,major_capsid
2891,YP_009292397.1,major_capsid
2892,YP_009285959.1,major_capsid
2893,YP_009277929.1,major_capsid
2894,YP_009281629.1,major_capsid
2895,YP_004538952.1,major_capsid
2896,YP_009017233.1,major_capsid
2897,YP_009269038.1,major_capsid
2898,YP_008052185.1,major_capsid
2899,YP_009953896.1,major_capsid
2900,YP_009951970.1,major_capsid
2901,YP_009953600.1,major_capsid
2902,YP_009952063.1,major_capsid
2903,YP_009954091.1,major_capsid
2904,YP_009952155.1,major_capsid
2905,YP_010106712.1,major_capsid
2906,YP_010106793.1,major_capsid
2907,YP_009854220.1,major_capsid
2908,YP_010106632.1,major_capsid
2909,YP_010106871.1,major_capsid
2910,YP_009948780.1,major_capsid
2911,YP_009885059.1,major_capsid
2912,YP_010109751.1,major_capsid
2913,YP_009785415.1,major_capsid
2914,YP_009795359.1,major_capsid
2915,YP_009620056.1,major_capsid
2916,YP_009623170.1,major_capsid
2917,YP_009624261.1,major_capsid
2918,YP_009800175.1,major_capsid
2919,YP_009801995.1,major_capsid
2920,YP_009801566.1,major_capsid
2921,YP_009801766.1,major_capsid
2922,YP_009908708.1,major_capsid
2923,YP_009838072.1,major_capsid
2924,YP_009803129.1,major_capsid
2925,YP_009808184.1,major_capsid
2926,YP_009812630.1,major_capsid
2927,YP_009842158.1,major_capsid
2928,YP_009842186.1,major_capsid
2929,YP_009817038.1,major_capsid
2930,YP_009818443.1,major_capsid
2931,YP_009843713.1,major_capsid
2932,YP_009819680.1,major_capsid
2933,YP_009908645.1,major_capsid
2934,YP_009908583.1,major_capsid
2935,YP_009903799.1,major_capsid
2936,YP_009777898.1,major_capsid
2937,YP_009777637.1,major_capsid
2938,YP_009997776.1,major_capsid
2939,YP_010105524.1,major_capsid
2940,YP_010106966.1,major_capsid
2941,YP_010110149.1,major_capsid
2942,YP_010110241.1,major_capsid
2943,YP_010110350.1,major_capsid
2944,YP_010110595.1,major_capsid
2945,YP_010110620.1,major_capsid
2946,YP_010110806.1,major_capsid
2947,YP_010110939.1,major_capsid
2948,YP_010111127.1,major_capsid
2949,YP_010111212.1,major_capsid
2950,YP_010111296.1,major_capsid
2951,YP_010111571.1,major_capsid
2952,YP_010111871.1,major_capsid
2953,YP_009199275.1,major_capsid
2954,YP_009213134.1,major_capsid
2955,YP_009841032.1,major_capsid
2956,YP_010111024.1,major_capsid
2957,NP_958280.1,major_capsid
2958,NP_049514.1,major_capsid
2959,NP_996706.1,major_capsid
2960,NP_945286.1,major_capsid
2961,YP_007002971.1,major_capsid
2962,NP_050552.1,major_capsid
2963,NP_862879.1,major_capsid
2964,NP_071822.1,major_capsid
2965,NP_859253.1,major_capsid
2966,YP_794063.1,major_capsid
2967,YP_001648947.1,major_capsid
2968,YP_002455793.1,major_capsid
2969,YP_003347610.1,major_capsid
2970,YP_004301282.1,major_capsid
2971,YP_009168155.1,major_capsid
2972,YP_010083084.1,major_capsid
2973,YP_008130153.1,major_capsid
2974,YP_009187376.1,major_capsid
2975,YP_007001471.1,major_capsid
2976,YP_007002025.1,major_capsid
2977,YP_007002083.1,major_capsid
2978,YP_006906877.1,major_capsid
2979,YP_006383510.1,major_capsid
2980,YP_009908407.1,major_capsid
2981,YP_009908314.1,major_capsid
2982,YP_009226882.1,major_capsid
2983,YP_009043189.1,major_capsid
2984,YP_009100273.1,major_capsid
2985,YP_009099571.1,major_capsid
2986,YP_009180946.1,major_capsid
2987,YP_009601944.1,major_capsid
2988,YP_009190563.1,major_capsid
2989,YP_009322344.1,major_capsid
2990,YP_009321786.1,major_capsid
2991,YP_009320690.1,major_capsid
2992,YP_009323486.1,major_capsid
2993,YP_009322678.1,major_capsid
2994,YP_009321512.1,major_capsid
2995,YP_009785759.1,major_capsid
2996,YP_009908490.1,major_capsid
2997,YP_009908244.1,major_capsid
2998,YP_009287681.1,major_capsid
2999,YP_009290912.1,major_capsid
3000,YP_009908089.1,major_capsid
3001,YP_009908164.1,major_capsid
3002,YP_009283230.1,major_capsid
3003,YP_009279712.1,major_capsid
3004,YP_010080305.1,major_capsid
3005,YP_009907925.1,major_capsid
3006,YP_009914728.1,major_capsid
3007,YP_009792188.1,major_capsid
3008,YP_009795195.1,major_capsid
3009,YP_009816322.1,major_capsid
3010,YP_009816533.1,major_capsid
3011,YP_009796788.1,major_capsid
3012,YP_009797281.1,major_capsid
3013,YP_009797495.1,major_capsid
3014,YP_009837551.1,major_capsid
3015,YP_010092467.1,major_capsid
3016,YP_009908004.1,major_capsid
3017,YP_010094972.1,major_capsid
3018,YP_009801489.1,major_capsid
3019,YP_009806855.1,major_capsid
3020,YP_010077299.1,major_capsid
3021,YP_009815208.1,major_capsid
3022,YP_009815279.1,major_capsid
3023,YP_009815350.1,major_capsid
3024,YP_009815421.1,major_capsid
3025,YP_009815484.1,major_capsid
3026,YP_009815556.1,major_capsid
3027,YP_009819469.1,major_capsid
3028,YP_009819830.1,major_capsid
3029,YP_009819884.1,major_capsid
3030,YP_009873985.1,major_capsid
3031,YP_009848826.1,major_capsid
3032,YP_009907794.1,major_capsid
3033,YP_010000108.1,major_capsid
3034,YP_010073988.1,major_capsid
3035,YP_010074238.1,major_capsid
3036,YP_010074462.1,major_capsid
3037,YP_009856192.1,major_capsid
3038,YP_009966188.1,major_capsid
3039,YP_002014625.1,major_capsid
3040,YP_009100822.1,major_capsid
3041,YP_010245872.1,major_capsid
3042,YP_010246001.1,major_capsid
3043,YP_010246131.1,major_capsid
3044,YP_010228925.1,major_capsid
3045,YP_010297742.1,major_capsid
3046,YP_006907181.1,major_capsid
3047,YP_010278434.1,major_capsid
3048,YP_010356537.1,major_capsid
3049,YP_010356618.1,major_capsid
3050,YP_010356705.1,major_capsid
3051,YP_010356949.1,major_capsid
3052,YP_009009568.1,major_capsid
3053,YP_009032235.1,major_capsid
3054,YP_009009211.1,major_capsid
3055,NP_695059.1,major_capsid
3056,YP_009950454.1,major_tail
3057,YP_009949683.1,major_tail
3058,YP_009949876.1,major_tail
3059,YP_009950326.1,major_tail
3060,YP_009950550.1,major_tail
3061,YP_009949777.1,major_tail
3062,YP_009949965.1,major_tail
3063,YP_009950360.1,major_tail
3064,YP_009836193.1,major_tail
3065,YP_009622337.1,major_tail
3066,YP_009622974.1,major_tail
3067,YP_009624329.1,major_tail
3068,YP_009624837.1,major_tail
3069,YP_009625592.1,major_tail
3070,YP_009803068.1,major_tail
3071,YP_009806790.1,major_tail
3072,YP_009807137.1,major_tail
3073,YP_009808580.1,major_tail
3074,YP_009814696.1,major_tail
3075,YP_009815145.1,major_tail
3076,YP_009842159.1,major_tail
3077,YP_009842188.1,major_tail
3078,YP_009842730.1,major_tail
3079,YP_009859582.1,major_tail
3080,YP_010001649.1,major_tail
3081,YP_010001733.1,major_tail
3082,YP_010051298.1,major_tail
3083,YP_010051485.1,major_tail
3084,YP_010051423.1,major_tail
3085,YP_010051749.1,major_tail
3086,YP_010051358.1,major_tail
3087,YP_010051553.1,major_tail
3088,YP_010051620.1,major_tail
3089,YP_010051683.1,major_tail
3090,YP_010096815.1,major_tail
3091,YP_010099100.1,major_tail
3092,YP_010099184.1,major_tail
3093,YP_010099264.1,major_tail
3094,YP_010099352.1,major_tail
3095,YP_010099522.1,major_tail
3096,YP_010099600.1,major_tail
3097,YP_010103225.1,major_tail
3098,YP_010103314.1,major_tail
3099,YP_010104433.1,major_tail
3100,YP_010104521.1,major_tail
3101,YP_008772096.1,major_tail
3102,YP_009624715.1,major_tail
3103,YP_009624741.1,major_tail
3104,YP_010002158.1,major_tail
3105,NP_046839.2,major_tail
3106,YP_239731.1,major_tail
3107,YP_007392287.1,major_tail
3108,YP_239576.1,major_tail
3109,YP_239653.1,major_tail
3110,YP_240163.1,major_tail
3111,YP_009167730.1,major_tail
3112,YP_010079756.1,major_tail
3113,YP_006906551.1,major_tail
3114,YP_006906783.1,major_tail
3115,YP_006907008.1,major_tail
3116,YP_006907140.1,major_tail
3117,YP_006906412.1,major_tail
3118,YP_006906504.1,major_tail
3119,YP_006906907.1,major_tail
3120,YP_006907094.1,major_tail
3121,YP_009067106.1,major_tail
3122,YP_009875437.1,major_tail
3123,YP_009785171.1,major_tail
3124,YP_009875702.1,major_tail
3125,YP_009875812.1,major_tail
3126,YP_010080393.1,major_tail
3127,YP_009787732.1,major_tail
3128,YP_009842081.1,major_tail
3129,YP_009789855.1,major_tail
3130,YP_010063928.1,major_tail
3131,YP_009790855.1,major_tail
3132,YP_010064019.1,major_tail
3133,YP_010062318.1,major_tail
3134,YP_009878093.1,major_tail
3135,YP_009878531.1,major_tail
3136,YP_010055304.1,major_tail
3137,YP_010055627.1,major_tail
3138,YP_010055225.1,major_tail
3139,YP_010055383.1,major_tail
3140,YP_010063362.1,major_tail
3141,YP_010061348.1,major_tail
3142,YP_010056347.1,major_tail
3143,YP_010079532.1,major_tail
3144,YP_010055145.1,major_tail
3145,YP_009836555.1,major_tail
3146,YP_009836630.1,major_tail
3147,YP_009836341.1,major_tail
3148,YP_009836420.1,major_tail
3149,YP_009836490.1,major_tail
3150,YP_009624540.1,major_tail
3151,YP_010055881.1,major_tail
3152,YP_010063736.1,major_tail
3153,YP_009800829.1,major_tail
3154,YP_010054658.1,major_tail
3155,YP_009838847.1,major_tail
3156,YP_009838914.1,major_tail
3157,YP_009838711.1,major_tail
3158,YP_009838782.1,major_tail
3159,YP_009838642.1,major_tail
3160,YP_010096629.1,major_tail
3161,YP_010096724.1,major_tail
3162,YP_010098185.1,major_tail
3163,YP_010055068.1,major_tail
3164,YP_010001817.1,major_tail
3165,YP_010097916.1,major_tail
3166,YP_010055799.1,major_tail
3167,YP_010051230.1,major_tail
3168,YP_009816625.1,major_tail
3169,YP_010001988.1,major_tail
3170,YP_010001901.1,major_tail
3171,YP_010001566.1,major_tail
3172,YP_010099433.1,major_tail
3173,YP_010063640.1,major_tail
3174,YP_009800880.1,major_tail
3175,YP_010054352.1,major_tail
3176,YP_010064115.1,major_tail
3177,YP_010100826.1,major_tail
3178,YP_009882731.1,major_tail
3179,YP_009882656.1,major_tail
3180,YP_009882637.1,major_tail
3181,YP_009882441.1,major_tail
3182,YP_010054990.1,major_tail
3183,YP_009820544.1,major_tail
3184,YP_010055465.1,major_tail
3185,YP_010101757.1,major_tail
3186,YP_010101984.1,major_tail
3187,YP_010079698.1,major_tail
3188,YP_010102276.1,major_tail
3189,YP_010102177.1,major_tail
3190,YP_010102370.1,major_tail
3191,YP_010102082.1,major_tail
3192,YP_010103626.1,major_tail
3193,YP_010103035.1,major_tail
3194,YP_010002072.1,major_tail
3195,YP_010102937.1,major_tail
3196,YP_010102853.1,major_tail
3197,YP_009883310.1,major_tail
3198,YP_010060814.1,major_tail
3199,YP_010055711.1,major_tail
3200,YP_010056195.1,major_tail
3201,YP_010104237.1,major_tail
3202,YP_009852856.1,major_tail
3203,YP_010063556.1,major_tail
3204,YP_010079592.1,major_tail
3205,YP_009949236.1,major_tail
3206,YP_009859433.1,major_tail
3207,YP_010055549.1,major_tail
3208,YP_010107658.1,major_tail
3209,YP_010055964.1,major_tail
3210,YP_010056040.1,major_tail
3211,YP_010063830.1,major_tail
3212,YP_010109284.1,major_tail
3213,YP_010061977.1,major_tail
3214,YP_010110066.1,major_tail
3215,YP_010109860.1,major_tail
3216,YP_010109478.1,major_tail
3217,YP_010109656.1,major_tail
3218,YP_010054730.1,major_tail
3219,YP_010054820.1,major_tail
3220,YP_010054901.1,major_tail
3221,YP_010114063.1,major_tail
3222,YP_010056495.1,major_tail
3223,YP_010114941.1,major_tail
3224,YP_009997872.1,major_tail
3225,YP_010115797.1,major_tail
3226,YP_009996962.1,major_tail
3227,YP_009836268.1,major_tail
3228,YP_009819666.1,major_tail
3229,YP_010053673.1,major_tail
3230,YP_010053413.1,major_tail
3231,YP_010053559.1,major_tail
3232,YP_006990129.1,major_tail
3233,YP_009208293.1,major_tail
3234,YP_010089205.1,major_tail
3235,YP_010096530.1,major_tail
3236,YP_010109561.1,major_tail
3237,YP_009900709.1,major_tail
3238,YP_009900758.1,major_tail
3239,YP_010060982.1,major_tail
3240,YP_010060643.1,major_tail
3241,YP_010060731.1,major_tail
3242,YP_009900812.1,major_tail
3243,YP_010060899.1,major_tail
3244,YP_009958146.1,major_tail
3245,YP_009964123.1,major_tail
3246,YP_009955318.1,major_tail
3247,NP_943796.1,major_tail
3248,YP_655530.1,major_tail
3249,YP_762592.1,major_tail
3250,YP_002727882.1,major_tail
3251,YP_009191012.1,major_tail
3252,YP_009168198.1,major_tail
3253,YP_009168348.1,major_tail
3254,YP_004306651.1,major_tail
3255,YP_009614340.1,major_tail
3256,YP_009211816.1,major_tail
3257,YP_009198692.1,major_tail
3258,YP_009614442.1,major_tail
3259,YP_009014279.1,major_tail
3260,YP_009604022.1,major_tail
3261,YP_009603982.1,major_tail
3262,YP_009016807.1,major_tail
3263,YP_009208566.1,major_tail
3264,YP_009018331.1,major_tail
3265,YP_009018431.1,major_tail
3266,YP_004957649.1,major_tail
3267,YP_007007971.1,major_tail
3268,YP_006488742.1,major_tail
3269,YP_006488747.1,major_tail
3270,YP_009044195.1,major_tail
3271,YP_008240584.1,major_tail
3272,YP_008240442.1,major_tail
3273,YP_009603567.1,major_tail
3274,YP_009210637.1,major_tail
3275,YP_006560251.1,major_tail
3276,YP_008320486.1,major_tail
3277,YP_008320491.1,major_tail
3278,YP_006905883.1,major_tail
3279,YP_009189256.1,major_tail
3280,YP_008052095.1,major_tail
3281,YP_008129768.1,major_tail
3282,YP_008409216.1,major_tail
3283,YP_008530610.1,major_tail
3284,YP_009603884.1,major_tail
3285,YP_009603977.1,major_tail
3286,YP_009005665.1,major_tail
3287,YP_009004567.1,major_tail
3288,YP_009190074.1,major_tail
3289,YP_009187528.1,major_tail
3290,YP_009009670.1,major_tail
3291,YP_009036387.1,major_tail
3292,YP_009592470.1,major_tail
3293,YP_009045169.1,major_tail
3294,YP_009625924.1,major_tail
3295,YP_009043292.1,major_tail
3296,YP_009032594.1,major_tail
3297,YP_009031141.1,major_tail
3298,YP_009215618.1,major_tail
3299,YP_009191112.1,major_tail
3300,YP_009126463.1,major_tail
3301,YP_009220350.1,major_tail
3302,YP_009210875.1,major_tail
3303,YP_009604256.1,major_tail
3304,YP_009213477.1,major_tail
3305,YP_009191210.1,major_tail
3306,YP_009616355.1,major_tail
3307,YP_009214936.1,major_tail
3308,YP_009191303.1,major_tail
3309,YP_009226662.1,major_tail
3310,YP_009200910.1,major_tail
3311,YP_009200914.1,major_tail
3312,YP_009216599.1,major_tail
3313,YP_009603104.1,major_tail
3314,YP_009603106.1,major_tail
3315,YP_009300974.1,major_tail
3316,YP_009301947.1,major_tail
3317,YP_009275089.1,major_tail
3318,YP_009274248.1,major_tail
3319,YP_009273411.1,major_tail
3320,YP_009285827.1,major_tail
3321,YP_009287493.1,major_tail
3322,YP_009596680.1,major_tail
3323,YP_009597508.1,major_tail
3324,YP_009599175.1,major_tail
3325,YP_009612549.1,major_tail
3326,YP_009613293.1,major_tail
3327,YP_009613353.1,major_tail
3328,YP_009613467.1,major_tail
3329,YP_009795323.1,major_tail
3330,YP_009615775.1,major_tail
3331,YP_009795603.1,major_tail
3332,YP_009620181.1,major_tail
3333,YP_009620277.1,major_tail
3334,YP_009620368.1,major_tail
3335,YP_009620448.1,major_tail
3336,YP_009620517.1,major_tail
3337,YP_009797866.1,major_tail
3338,YP_009824791.1,major_tail
3339,YP_009836991.1,major_tail
3340,YP_009809817.1,major_tail
3341,YP_009809291.1,major_tail
3342,YP_009843017.1,major_tail
3343,YP_009621117.1,major_tail
3344,YP_009621310.1,major_tail
3345,YP_009846039.1,major_tail
3346,YP_009848304.1,major_tail
3347,YP_009853267.1,major_tail
3348,YP_009856310.1,major_tail
3349,YP_009198876.1,major_tail
3350,YP_009189975.1,major_tail
3351,YP_010012389.1,major_tail
3352,YP_010097541.1,major_tail
3353,YP_010101802.1,major_tail
3354,YP_010102647.1,major_tail
3355,YP_010102458.1,major_tail
3356,YP_010105813.1,major_tail
3357,YP_010105619.1,major_tail
3358,YP_010108070.1,major_tail
3359,YP_010108653.1,major_tail
3360,YP_010108264.1,major_tail
3361,YP_010108457.1,major_tail
3362,YP_010107876.1,major_tail
3363,YP_010113919.1,major_tail
3364,YP_010114198.1,major_tail
3365,YP_009810370.1,major_tail
3366,YP_008126238.1,major_tail
3367,YP_009008955.1,major_tail
3368,YP_009042660.1,major_tail
3369,YP_009042536.1,major_tail
3370,YP_009125190.1,major_tail
3371,YP_009284722.1,major_tail
3372,YP_009615421.1,major_tail
3373,YP_009956040.1,major_tail
3374,NP_958077.1,major_tail
3375,NP_050156.1,major_tail
3376,YP_009191718.1,major_tail
3377,NP_463473.1,major_tail
3378,YP_009018704.1,major_tail
3379,NP_680492.1,major_tail
3380,YP_001285367.1,major_tail
3381,NP_612840.1,major_tail
3382,NP_758932.1,major_tail
3383,YP_238498.1,major_tail
3384,YP_293728.1,major_tail
3385,YP_699936.1,major_tail
3386,YP_001742066.1,major_tail
3387,YP_001111060.1,major_tail
3388,YP_007151745.1,major_tail
3389,YP_009167775.1,major_tail
3390,YP_001469244.1,major_tail
3391,YP_003347507.1,major_tail
3392,YP_003347339.1,major_tail
3393,YP_007003533.1,major_tail
3394,YP_007238126.1,major_tail
3395,YP_009607581.1,major_tail
3396,YP_009636424.1,major_tail
3397,YP_009636633.1,major_tail
3398,YP_009637152.1,major_tail
3399,YP_009635780.1,major_tail
3400,YP_009636076.1,major_tail
3401,YP_009591318.1,major_tail
3402,YP_009608193.1,major_tail
3403,YP_009608086.1,major_tail
3404,YP_009637922.1,major_tail
3405,YP_009017009.1,major_tail
3406,YP_009638106.1,major_tail
3407,YP_009017157.1,major_tail
3408,YP_009013919.1,major_tail
3409,YP_008430771.1,major_tail
3410,YP_009013567.1,major_tail
3411,YP_009638372.1,major_tail
3412,YP_009638284.1,major_tail
3413,YP_007236607.1,major_tail
3414,YP_009607831.1,major_tail
3415,YP_009607662.1,major_tail
3416,YP_006382281.1,major_tail
3417,YP_008239578.1,major_tail
3418,YP_009638477.1,major_tail
3419,YP_009591986.1,major_tail
3420,YP_008320187.1,major_tail
3421,YP_007112499.1,major_tail
3422,YP_006906037.1,major_tail
3423,YP_006906457.1,major_tail
3424,YP_006906598.1,major_tail
3425,YP_007112935.1,major_tail
3426,YP_007869824.1,major_tail
3427,YP_008051874.1,major_tail
3428,YP_008060180.1,major_tail
3429,YP_008058294.1,major_tail
3430,YP_008320347.1,major_tail
3431,YP_008408969.1,major_tail
3432,YP_008430677.1,major_tail
3433,YP_008409075.1,major_tail
3434,YP_008241896.1,major_tail
3435,YP_008409318.1,major_tail
3436,YP_008857955.1,major_tail
3437,YP_009003386.1,major_tail
3438,YP_008853735.1,major_tail
3439,YP_008857882.1,major_tail
3440,YP_008859044.1,major_tail
3441,YP_009004360.1,major_tail
3442,YP_009007680.1,major_tail
3443,YP_009006614.1,major_tail
3444,YP_009007478.1,major_tail
3445,YP_009009762.1,major_tail
3446,YP_009044682.1,major_tail
3447,YP_009218431.1,major_tail
3448,YP_009147235.1,major_tail
3449,YP_009149925.1,major_tail
3450,YP_009151529.1,major_tail
3451,YP_009152672.1,major_tail
3452,YP_009153215.1,major_tail
3453,YP_009152066.1,major_tail
3454,YP_009146904.1,major_tail
3455,YP_009150016.1,major_tail
3456,YP_009603680.1,major_tail
3457,YP_009150210.1,major_tail
3458,YP_009152372.1,major_tail
3459,YP_009153260.1,major_tail
3460,YP_009150254.1,major_tail
3461,YP_009153569.1,major_tail
3462,YP_009603726.1,major_tail
3463,YP_009151211.1,major_tail
3464,YP_009152601.1,major_tail
3465,YP_009145780.1,major_tail
3466,YP_009148327.1,major_tail
3467,YP_009603772.1,major_tail
3468,YP_009152417.1,major_tail
3469,YP_009153885.1,major_tail
3470,YP_009148282.1,major_tail
3471,YP_009151389.1,major_tail
3472,YP_009152717.1,major_tail
3473,YP_009145825.1,major_tail
3474,YP_009149527.1,major_tail
3475,YP_009151865.1,major_tail
3476,YP_009098076.1,major_tail
3477,YP_009124564.1,major_tail
3478,YP_009208904.1,major_tail
3479,YP_009125005.1,major_tail
3480,YP_009124202.1,major_tail
3481,YP_009151921.1,major_tail
3482,YP_009209560.1,major_tail
3483,YP_009197138.1,major_tail
3484,YP_009221032.1,major_tail
3485,YP_009205398.1,major_tail
3486,YP_009209061.1,major_tail
3487,YP_009195201.1,major_tail
3488,YP_009197956.1,major_tail
3489,YP_009202220.1,major_tail
3490,YP_009224877.1,major_tail
3491,YP_009598534.1,major_tail
3492,YP_009203456.1,major_tail
3493,YP_009624894.1,major_tail
3494,YP_009219640.1,major_tail
3495,YP_009203213.1,major_tail
3496,YP_009593420.1,major_tail
3497,YP_009201921.1,major_tail
3498,YP_009198343.1,major_tail
3499,YP_009220162.1,major_tail
3500,YP_009303726.1,major_tail
3501,YP_009217875.2,major_tail
3502,YP_009277989.1,major_tail
3503,YP_009603635.1,major_tail
3504,YP_009159974.2,major_tail
3505,YP_009198116.1,major_tail
3506,YP_009204109.1,major_tail
3507,YP_009782898.1,major_tail
3508,YP_009198791.1,major_tail
3509,YP_009211175.1,major_tail
3510,YP_009206729.1,major_tail
3511,YP_009202528.1,major_tail
3512,YP_009207684.1,major_tail
3513,YP_009214371.1,major_tail
3514,YP_009199695.1,major_tail
3515,YP_009208752.1,major_tail
3516,YP_009276872.1,major_tail
3517,YP_009214289.1,major_tail
3518,YP_009201504.1,major_tail
3519,YP_009187167.1,major_tail
3520,YP_009191356.1,major_tail
3521,YP_009188849.1,major_tail
3522,YP_009282352.1,major_tail
3523,YP_009282353.1,major_tail
3524,YP_009303479.1,major_tail
3525,YP_009304584.1,major_tail
3526,YP_009304921.1,major_tail
3527,YP_009302327.1,major_tail
3528,YP_009595704.1,major_tail
3529,YP_009616866.1,major_tail
3530,YP_009304205.1,major_tail
3531,YP_009300796.1,major_tail
3532,YP_009301373.1,major_tail
3533,YP_009286057.1,major_tail
3534,YP_009304343.1,major_tail
3535,YP_009303959.1,major_tail
3536,YP_009274061.1,major_tail
3537,YP_009786255.1,major_tail
3538,YP_009288153.1,major_tail
3539,YP_009291465.1,major_tail
3540,YP_009596226.1,major_tail
3541,YP_009284795.1,major_tail
3542,YP_009289672.1,major_tail
3543,YP_009958553.1,major_tail
3544,YP_009596816.1,major_tail
3545,YP_009596876.1,major_tail
3546,YP_009596996.1,major_tail
3547,YP_009597055.1,major_tail
3548,YP_009963404.1,major_tail
3549,YP_009962781.1,major_tail
3550,YP_009956679.1,major_tail
3551,YP_009788391.1,major_tail
3552,YP_009955023.1,major_tail
3553,YP_009962362.1,major_tail
3554,YP_009962155.1,major_tail
3555,YP_009958661.1,major_tail
3556,YP_009961206.1,major_tail
3557,YP_009962568.1,major_tail
3558,YP_009956570.1,major_tail
3559,YP_009961839.1,major_tail
3560,YP_009963195.1,major_tail
3561,YP_009615360.1,major_tail
3562,YP_009955827.1,major_tail
3563,YP_009961008.1,major_tail
3564,YP_010052085.1,major_tail
3565,YP_010051877.1,major_tail
3566,YP_009960697.1,major_tail
3567,YP_009957312.1,major_tail
3568,YP_009961629.1,major_tail
3569,YP_009954387.1,major_tail
3570,YP_009960590.1,major_tail
3571,YP_009799938.1,major_tail
3572,YP_009799517.1,major_tail
3573,YP_009959985.1,major_tail
3574,YP_009960906.1,major_tail
3575,YP_009955929.1,major_tail
3576,YP_009959582.1,major_tail
3577,YP_009954799.1,major_tail
3578,YP_009959477.1,major_tail
3579,YP_009958772.1,major_tail
3580,YP_009955521.1,major_tail
3581,YP_009960798.1,major_tail
3582,YP_009962051.1,major_tail
3583,YP_009957832.1,major_tail
3584,YP_009957729.1,major_tail
3585,YP_009958868.1,major_tail
3586,YP_009959375.1,major_tail
3587,YP_010052286.1,major_tail
3588,YP_010051949.1,major_tail
3589,YP_009956462.1,major_tail
3590,YP_009957627.1,major_tail
3591,YP_009958248.1,major_tail
3592,YP_009960290.1,major_tail
3593,YP_009961734.1,major_tail
3594,YP_009962465.1,major_tail
3595,YP_009957414.1,major_tail
3596,YP_009958965.1,major_tail
3597,YP_009955123.1,major_tail
3598,YP_009960484.1,major_tail
3599,YP_009954490.1,major_tail
3600,YP_009959678.1,major_tail
3601,YP_009814826.1,major_tail
3602,YP_009959171.1,major_tail
3603,YP_009957000.1,major_tail
3604,YP_009963296.1,major_tail
3605,YP_009963508.1,major_tail
3606,YP_009961309.1,major_tail
3607,YP_010101025.1,major_tail
3608,YP_009961525.1,major_tail
3609,YP_009955722.1,major_tail
3610,YP_009961109.1,major_tail
3611,YP_009962884.1,major_tail
3612,YP_009956890.1,major_tail
3613,YP_010052016.1,major_tail
3614,YP_009961416.1,major_tail
3615,YP_010052150.1,major_tail
3616,YP_009959276.1,major_tail
3617,YP_009956150.1,major_tail
3618,YP_009958356.1,major_tail
3619,YP_009960387.1,major_tail
3620,YP_009957204.1,major_tail
3621,YP_009958457.1,major_tail
3622,YP_009959782.1,major_tail
3623,YP_009959884.1,major_tail
3624,YP_009962990.1,major_tail
3625,YP_009954698.1,major_tail
3626,YP_009955419.1,major_tail
3627,YP_009956353.1,major_tail
3628,YP_009956784.1,major_tail
3629,YP_010105199.1,major_tail
3630,YP_009962671.1,major_tail
3631,YP_002332522.1,major_tail
3632,YP_004934222.1,major_tail
3633,NP_052270.1,major_tail
3634,YP_009957940.1,major_tail
3635,YP_009959077.1,major_tail
3636,YP_009954907.1,major_tail
3637,YP_009963101.1,major_tail
3638,YP_009956249.1,major_tail
3639,YP_010052356.1,major_tail
3640,YP_010051814.1,major_tail
3641,YP_010052220.1,major_tail
3642,YP_009960077.1,major_tail
3643,YP_009960185.1,major_tail
3644,YP_009961942.1,major_tail
3645,YP_009962250.1,major_tail
3646,YP_009955618.1,major_tail
3647,YP_009957105.1,major_tail
3648,YP_010113795.1,major_tail
3649,YP_024980.1,major_tail
3650,YP_009153040.1,major_tail
3651,YP_009293482.1,major_tail
3652,YP_007236698.1,major_tail
3653,YP_009101279.1,major_tail
3654,YP_004123833.1,major_tail
3655,YP_009100123.1,major_tail
3656,YP_009100827.1,major_tail
3657,YP_002014228.1,major_tail
3658,YP_873998.1,major_tail
3659,YP_009209024.1,major_tail
3660,YP_003347420.1,major_tail
3661,YP_003358725.1,major_tail
3662,YP_003857079.1,major_tail
3663,YP_009013213.1,major_tail
3664,YP_009014410.1,major_tail
3665,YP_009016090.1,major_tail
3666,YP_009016901.1,major_tail
3667,YP_009018887.1,major_tail
3668,YP_009150884.1,major_tail
3669,YP_006987988.1,major_tail
3670,YP_007005613.1,major_tail
3671,YP_009958053.1,major_tail
3672,YP_002941871.1,major_tail
3673,YP_008126602.1,major_tail
3674,YP_008051137.1,major_tail
3675,YP_008409549.1,major_tail
3676,YP_008410580.1,major_tail
3677,YP_009009573.1,major_tail
3678,YP_009032240.1,major_tail
3679,YP_009009216.1,major_tail
3680,YP_009032507.1,major_tail
3681,YP_009125865.1,major_tail
3682,YP_009198237.1,major_tail
3683,YP_009125292.1,major_tail
3684,YP_009200638.1,major_tail
3685,YP_009203294.1,major_tail
3686,YP_009202292.1,major_tail
3687,YP_009204204.1,major_tail
3688,YP_009209496.1,major_tail
3689,YP_009198050.1,major_tail
3690,YP_009288333.2,major_tail
3691,YP_009292046.2,major_tail
3692,YP_009277885.2,major_tail
3693,YP_009160244.1,major_tail
3694,YP_009160065.1,major_tail
3695,YP_009160199.1,major_tail
3696,YP_009159838.2,major_tail
3697,YP_009160289.2,major_tail
3698,YP_009160109.2,major_tail
3699,YP_009160018.2,major_tail
3700,YP_009160154.2,major_tail
3701,YP_009159928.1,major_tail
3702,YP_009159884.2,major_tail
3703,YP_009212653.1,major_tail
3704,YP_009189733.1,major_tail
3705,YP_009300704.1,major_tail
3706,YP_009300706.1,major_tail
3707,YP_009303850.1,major_tail
3708,YP_009304271.1,major_tail
3709,YP_009301093.1,major_tail
3710,YP_009274453.1,major_tail
3711,YP_009268946.1,major_tail
3712,YP_009269323.1,major_tail
3713,YP_009290215.1,major_tail
3714,YP_009292403.1,major_tail
3715,YP_009285966.1,major_tail
3716,YP_009281636.1,major_tail
3717,YP_009013742.1,major_tail
3718,YP_009269045.1,major_tail
3719,YP_009874987.1,major_tail
3720,YP_009874604.1,major_tail
3721,YP_009878834.1,major_tail
3722,YP_009878887.1,major_tail
3723,YP_009878941.1,major_tail
3724,YP_009878994.1,major_tail
3725,YP_009879049.1,major_tail
3726,YP_009879103.1,major_tail
3727,YP_009879156.1,major_tail
3728,YP_009879209.1,major_tail
3729,YP_009957523.1,major_tail
3730,YP_009622616.1,major_tail
3731,YP_009623051.1,major_tail
3732,YP_009623115.1,major_tail
3733,YP_009623178.1,major_tail
3734,YP_009624155.1,major_tail
3735,YP_009801998.1,major_tail
3736,YP_009908716.1,major_tail
3737,YP_009803134.1,major_tail
3738,YP_009808191.1,major_tail
3739,YP_009812633.1,major_tail
3740,YP_009815699.1,major_tail
3741,YP_009815770.1,major_tail
3742,YP_009815842.1,major_tail
3743,YP_009818846.1,major_tail
3744,YP_009844849.1,major_tail
3745,YP_009908652.1,major_tail
3746,YP_009908591.1,major_tail
3747,YP_009884821.1,major_tail
3748,YP_009900592.1,major_tail
3749,YP_009997639.1,major_tail
3750,YP_010049997.1,major_tail
3751,YP_010050367.1,major_tail
3752,YP_010050306.1,major_tail
3753,YP_010050058.1,major_tail
3754,YP_010050485.1,major_tail
3755,YP_010050425.1,major_tail
3756,YP_010049809.1,major_tail
3757,YP_010049935.1,major_tail
3758,YP_010050184.1,major_tail
3759,YP_010050551.1,major_tail
3760,YP_010049870.1,major_tail
3761,YP_010050242.1,major_tail
3762,YP_010050115.1,major_tail
3763,YP_010050955.1,major_tail
3764,YP_010101238.1,major_tail
3765,YP_010106727.1,major_tail
3766,YP_010106808.1,major_tail
3767,YP_010113714.1,major_tail
3768,YP_009830338.1,major_tail
3769,YP_009786020.1,major_tail
3770,YP_009829887.1,major_tail
3771,YP_001039840.1,major_tail
3772,YP_240085.1,major_tail
3773,YP_004306112.1,major_tail
3774,YP_004306432.1,major_tail
3775,YP_004306859.1,major_tail
3776,YP_008129850.1,major_tail
3777,YP_009783988.1,major_tail
3778,YP_009785753.1,major_tail
3779,YP_009786108.1,major_tail
3780,YP_010081954.1,major_tail
3781,YP_009788107.1,major_tail
3782,YP_009788162.1,major_tail
3783,YP_009788272.1,major_tail
3784,YP_010083377.1,major_tail
3785,YP_010081633.1,major_tail
3786,YP_010062147.1,major_tail
3787,YP_009878209.1,major_tail
3788,YP_009878577.1,major_tail
3789,YP_009795491.1,major_tail
3790,YP_009795954.1,major_tail
3791,YP_009797502.1,major_tail
3792,YP_010092450.1,major_tail
3793,YP_009801658.1,major_tail
3794,YP_009838524.1,major_tail
3795,YP_009839495.1,major_tail
3796,YP_009839745.1,major_tail
3797,YP_009840229.1,major_tail
3798,YP_009839981.1,major_tail
3799,YP_009808354.1,major_tail
3800,YP_009808251.1,major_tail
3801,YP_009814126.1,major_tail
3802,YP_009815356.1,major_tail
3803,YP_010081604.1,major_tail
3804,YP_010081692.1,major_tail
3805,YP_010081793.1,major_tail
3806,YP_010081897.1,major_tail
3807,YP_009818629.1,major_tail
3808,YP_009819785.1,major_tail
3809,YP_009819058.1,major_tail
3810,YP_009882554.1,major_tail
3811,YP_010101477.1,major_tail
3812,YP_009844639.1,major_tail
3813,YP_009821468.1,major_tail
3814,YP_010103433.1,major_tail
3815,YP_009848227.1,major_tail
3816,YP_010103947.1,major_tail
3817,YP_010081981.1,major_tail
3818,YP_009884416.1,major_tail
3819,YP_010104820.1,major_tail
3820,YP_009885092.1,major_tail
3821,YP_010091011.1,major_tail
3822,YP_010107454.1,major_tail
3823,YP_010038080.1,major_tail
3824,YP_010246267.1,major_tail
3825,YP_010246681.1,major_tail
3826,YP_010246410.1,major_tail
3827,YP_010246540.1,major_tail
3828,YP_006907184.1,major_tail
3829,YP_009900655.1,minor_capsid
3830,YP_009833654.1,minor_capsid
3831,YP_009831526.1,minor_capsid
3832,YP_009800983.1,minor_capsid
3833,YP_009857437.1,minor_capsid
3834,YP_009792888.1,minor_capsid
3835,YP_002154376.1,minor_capsid
3836,YP_002925100.1,minor_capsid
3837,YP_003358794.1,minor_capsid
3838,YP_009103070.1,minor_capsid
3839,YP_009188837.1,minor_capsid
3840,YP_009804029.1,minor_capsid
3841,YP_009900803.1,minor_capsid
3842,YP_009787722.1,minor_capsid
3843,YP_009790563.1,minor_capsid
3844,YP_009800757.1,minor_capsid
3845,YP_004934228.1,minor_capsid
3846,YP_009639975.1,minor_capsid
3847,YP_009639963.1,minor_capsid
3848,YP_656399.1,minor_capsid
3849,YP_338002.1,minor_capsid
3850,YP_337990.1,minor_capsid
3851,YP_002048658.2,minor_capsid
3852,YP_003969112.1,minor_capsid
3853,YP_004306346.1,minor_capsid
3854,YP_009604021.1,minor_capsid
3855,YP_006383459.1,minor_capsid
3856,YP_009101036.1,minor_capsid
3857,YP_008320494.1,minor_capsid
3858,YP_006905886.1,minor_capsid
3859,YP_008241015.1,minor_capsid
3860,YP_008241354.1,minor_capsid
3861,YP_008240950.1,minor_capsid
3862,YP_009603974.1,minor_capsid
3863,YP_009145631.1,minor_capsid
3864,YP_009604248.1,minor_capsid
3865,YP_009226057.1,minor_capsid
3866,YP_009191340.1,minor_capsid
3867,YP_009837347.1,minor_capsid
3868,YP_009840467.1,minor_capsid
3869,YP_009813043.1,minor_capsid
3870,YP_009594238.1,minor_capsid
3871,NP_108711.1,minor_capsid
3872,NP_463465.1,minor_capsid
3873,YP_001468390.1,minor_capsid
3874,NP_695154.1,minor_capsid
3875,NP_695163.1,minor_capsid
3876,YP_004306929.1,minor_capsid
3877,NP_663673.1,minor_capsid
3878,NP_150164.1,minor_capsid
3879,YP_950667.1,minor_capsid
3880,YP_007672661.1,minor_capsid
3881,YP_004508382.1,minor_capsid
3882,YP_008798253.1,minor_capsid
3883,YP_008798260.1,minor_capsid
3884,YP_008771461.1,minor_capsid
3885,YP_009044675.1,minor_capsid
3886,YP_009208357.1,minor_capsid
3887,YP_009214132.1,minor_capsid
3888,YP_009210452.1,minor_capsid
3889,YP_009210457.1,minor_capsid
3890,YP_009210458.1,minor_capsid
3891,YP_009210459.1,minor_capsid
3892,YP_009221413.1,minor_capsid
3893,YP_009603628.1,minor_capsid
3894,YP_009322092.1,minor_capsid
3895,YP_009322099.1,minor_capsid
3896,YP_009594158.1,minor_capsid
3897,YP_009302022.1,minor_capsid
3898,YP_009289332.1,minor_capsid
3899,YP_009279509.1,minor_capsid
3900,YP_009286353.1,minor_capsid
3901,YP_010083022.1,minor_capsid
3902,YP_010051221.1,minor_capsid
3903,YP_950602.1,minor_capsid
3904,YP_006560945.1,minor_capsid
3905,YP_009600053.1,minor_capsid
3906,YP_009288326.1,minor_capsid
3907,YP_009292039.1,minor_capsid
3908,YP_009277878.1,minor_capsid
3909,YP_009160237.1,minor_capsid
3910,YP_009160058.1,minor_capsid
3911,YP_009160192.1,minor_capsid
3912,YP_009159831.1,minor_capsid
3913,YP_009160282.1,minor_capsid
3914,YP_009160102.1,minor_capsid
3915,YP_009160011.1,minor_capsid
3916,YP_009160147.1,minor_capsid
3917,YP_009159921.1,minor_capsid
3918,YP_009159877.1,minor_capsid
3919,NP_438150.1,minor_capsid
3920,YP_009788546.1,minor_capsid
3921,YP_009788739.1,minor_capsid
3922,YP_024703.1,minor_capsid
3923,YP_009837341.1,minor_capsid
3924,YP_009837342.1,minor_capsid
3925,YP_009801168.1,minor_capsid
3926,YP_009804014.1,minor_capsid
3927,YP_009840461.1,minor_capsid
3928,YP_009840462.1,minor_capsid
3929,YP_009809254.1,minor_capsid
3930,YP_009817036.1,minor_capsid
3931,YP_009777794.1,minor_capsid
3932,YP_001285886.1,minor_capsid
3933,NP_945280.1,minor_capsid
3934,NP_463471.1,minor_capsid
3935,NP_463472.1,minor_capsid
3936,YP_001468396.1,minor_capsid
3937,YP_001468397.1,minor_capsid
3938,NP_150171.1,minor_capsid
3939,NP_958582.1,minor_capsid
3940,YP_001642374.1,minor_capsid
3941,YP_224033.1,minor_capsid
3942,YP_529556.1,minor_capsid
3943,YP_001110833.1,minor_capsid
3944,YP_008767176.1,minor_capsid
3945,YP_008767004.1,minor_capsid
3946,YP_001111204.1,minor_capsid
3947,YP_007002936.1,minor_capsid
3948,YP_001974367.1,minor_capsid
3949,YP_001974368.1,minor_capsid
3950,YP_002221417.1,minor_capsid
3951,YP_002333565.1,minor_capsid
3952,YP_002925106.1,minor_capsid
3953,YP_003347499.1,minor_capsid
3954,YP_003347329.1,minor_capsid
3955,YP_003347608.1,minor_capsid
3956,YP_009168784.1,minor_capsid
3957,YP_009168836.1,minor_capsid
3958,YP_009597284.1,minor_capsid
3959,YP_009597335.1,minor_capsid
3960,YP_009822207.1,minor_capsid
3961,YP_009168589.1,minor_capsid
3962,YP_004301279.1,minor_capsid
3963,YP_004508388.1,minor_capsid
3964,YP_005098130.1,minor_capsid
3965,YP_007010458.1,minor_capsid
3966,YP_009617923.1,minor_capsid
3967,YP_006906643.1,minor_capsid
3968,YP_009608685.1,minor_capsid
3969,YP_009608560.1,minor_capsid
3970,YP_007236400.1,minor_capsid
3971,YP_006990335.1,minor_capsid
3972,YP_008239715.1,minor_capsid
3973,YP_008240330.1,minor_capsid
3974,YP_008772052.1,minor_capsid
3975,YP_009032146.1,minor_capsid
3976,YP_009035496.1,minor_capsid
3977,YP_009044680.1,minor_capsid
3978,YP_009044681.1,minor_capsid
3979,YP_009035142.1,minor_capsid
3980,YP_009009929.1,minor_capsid
3981,YP_009216854.1,minor_capsid
3982,YP_009216671.1,minor_capsid
3983,YP_009208364.1,minor_capsid
3984,YP_009206122.1,minor_capsid
3985,YP_009214184.1,minor_capsid
3986,YP_009191589.1,minor_capsid
3987,YP_009191610.1,minor_capsid
3988,YP_009785377.1,minor_capsid
3989,YP_009191540.1,minor_capsid
3990,YP_009289743.1,minor_capsid
3991,YP_009280130.1,minor_capsid
3992,YP_009833663.1,minor_capsid
3993,YP_010081945.1,minor_capsid
3994,YP_009788214.1,minor_capsid
3995,YP_009788215.1,minor_capsid
3996,YP_009788271.1,minor_capsid
3997,YP_010081624.1,minor_capsid
3998,YP_009804030.1,minor_capsid
3999,YP_009620083.1,minor_capsid
4000,YP_009795836.1,minor_capsid
4001,YP_009797277.1,minor_capsid
4002,YP_009797284.1,minor_capsid
4003,YP_009797326.1,minor_capsid
4004,YP_009790277.1,minor_capsid
4005,YP_009813842.1,minor_capsid
4006,YP_009813797.1,minor_capsid
4007,YP_010081595.1,minor_capsid
4008,YP_010081753.1,minor_capsid
4009,YP_010081784.1,minor_capsid
4010,YP_010081888.1,minor_capsid
4011,YP_009819468.1,minor_capsid
4012,YP_010064600.1,minor_capsid
4013,YP_010081972.1,minor_capsid
4014,YP_009885095.1,minor_capsid
4015,YP_010054073.1,minor_capsid
4016,YP_010052430.1,minor_capsid
4017,YP_010052536.1,minor_capsid
4018,YP_009012162.1,minor_capsid
4019,YP_009277749.1,minor_capsid
4020,YP_009795322.1,minor_tail
4021,YP_009836980.1,minor_tail
4022,YP_009807303.1,minor_tail
4023,YP_010050817.1,minor_tail
4024,YP_010051046.1,minor_tail
4025,YP_010101260.1,minor_tail
4026,YP_009953013.1,minor_tail
4027,YP_009950464.1,minor_tail
4028,YP_009954005.1,minor_tail
4029,YP_009952538.1,minor_tail
4030,YP_009951693.1,minor_tail
4031,YP_009951698.1,minor_tail
4032,YP_009953218.1,minor_tail
4033,YP_009952815.1,minor_tail
4034,YP_009952618.1,minor_tail
4035,YP_009953320.1,minor_tail
4036,YP_009952358.1,minor_tail
4037,YP_009963621.1,minor_tail
4038,YP_009952716.1,minor_tail
4039,YP_009950920.1,minor_tail
4040,YP_009949693.1,minor_tail
4041,YP_009949886.1,minor_tail
4042,YP_009953811.1,minor_tail
4043,YP_009954301.1,minor_tail
4044,YP_009949973.1,minor_tail
4045,YP_009622278.1,minor_tail
4046,YP_009625602.1,minor_tail
4047,YP_009815150.1,minor_tail
4048,YP_009884000.1,minor_tail
4049,YP_009884500.1,minor_tail
4050,YP_009853778.1,minor_tail
4051,YP_009909722.1,minor_tail
4052,YP_009909725.1,minor_tail
4053,YP_010050959.1,minor_tail
4054,YP_010050964.1,minor_tail
4055,YP_010050897.1,minor_tail
4056,YP_010051040.1,minor_tail
4057,YP_010057085.1,minor_tail
4058,YP_010057311.1,minor_tail
4059,YP_009841043.1,minor_tail
4060,YP_008059801.1,minor_tail
4061,YP_224164.1,minor_tail
4062,YP_006597.1,minor_tail
4063,YP_355400.1,minor_tail
4064,YP_001272528.1,minor_tail
4065,YP_006590050.1,minor_tail
4066,YP_010062933.1,minor_tail
4067,YP_006906465.1,minor_tail
4068,YP_009963941.1,minor_tail
4069,YP_009958559.1,minor_tail
4070,YP_009979992.1,minor_tail
4071,YP_010062595.1,minor_tail
4072,YP_009977339.1,minor_tail
4073,YP_010062845.1,minor_tail
4074,YP_010012988.1,minor_tail
4075,YP_010012857.1,minor_tail
4076,YP_009951106.1,minor_tail
4077,YP_009951111.1,minor_tail
4078,YP_009818108.1,minor_tail
4079,YP_009981091.1,minor_tail
4080,YP_009963208.1,minor_tail
4081,YP_010062504.1,minor_tail
4082,YP_009963721.1,minor_tail
4083,YP_009963724.1,minor_tail
4084,YP_009978352.1,minor_tail
4085,YP_010052093.1,minor_tail
4086,YP_010056351.1,minor_tail
4087,YP_009795951.1,minor_tail
4088,YP_009622823.1,minor_tail
4089,YP_009976258.1,minor_tail
4090,YP_009980177.1,minor_tail
4091,YP_009977982.1,minor_tail
4092,YP_009980720.1,minor_tail
4093,YP_009976166.1,minor_tail
4094,YP_009977704.1,minor_tail
4095,YP_009978255.1,minor_tail
4096,YP_009979454.1,minor_tail
4097,YP_009977422.1,minor_tail
4098,YP_009978911.1,minor_tail
4099,YP_009837974.1,minor_tail
4100,YP_009965229.1,minor_tail
4101,YP_010095426.1,minor_tail
4102,YP_009979546.1,minor_tail
4103,YP_009978998.1,minor_tail
4104,YP_009962065.1,minor_tail
4105,YP_009979818.1,minor_tail
4106,YP_009909782.1,minor_tail
4107,YP_009823969.1,minor_tail
4108,YP_009980997.1,minor_tail
4109,YP_009979728.1,minor_tail
4110,YP_009977796.1,minor_tail
4111,YP_009812726.1,minor_tail
4112,YP_010062760.1,minor_tail
4113,YP_009958978.1,minor_tail
4114,YP_009979180.1,minor_tail
4115,YP_009841567.1,minor_tail
4116,YP_009824481.1,minor_tail
4117,YP_009816549.1,minor_tail
4118,YP_009789950.1,minor_tail
4119,YP_009824224.1,minor_tail
4120,YP_009965949.1,minor_tail
4121,YP_009981284.1,minor_tail
4122,YP_009980363.1,minor_tail
4123,YP_009961532.1,minor_tail
4124,YP_009901589.1,minor_tail
4125,YP_010101682.1,minor_tail
4126,YP_009956899.1,minor_tail
4127,YP_010052025.1,minor_tail
4128,YP_009980538.1,minor_tail
4129,YP_010060281.1,minor_tail
4130,YP_009821476.1,minor_tail
4131,YP_010062995.1,minor_tail
4132,YP_009981468.1,minor_tail
4133,YP_009964670.1,minor_tail
4134,YP_010064869.1,minor_tail
4135,YP_009849056.1,minor_tail
4136,YP_009848773.1,minor_tail
4137,YP_009848996.1,minor_tail
4138,YP_009848942.1,minor_tail
4139,YP_009848837.1,minor_tail
4140,YP_010064799.1,minor_tail
4141,YP_009976520.1,minor_tail
4142,YP_009900957.1,minor_tail
4143,YP_009848232.1,minor_tail
4144,YP_009847963.1,minor_tail
4145,YP_010103819.1,minor_tail
4146,YP_010103821.1,minor_tail
4147,YP_009904944.1,minor_tail
4148,YP_009954201.1,minor_tail
4149,YP_009851401.1,minor_tail
4150,YP_010056199.1,minor_tail
4151,YP_010104317.1,minor_tail
4152,YP_009960396.1,minor_tail
4153,YP_009958466.1,minor_tail
4154,YP_010059523.1,minor_tail
4155,YP_009964355.1,minor_tail
4156,YP_009955428.1,minor_tail
4157,YP_009962680.1,minor_tail
4158,YP_010061433.1,minor_tail
4159,YP_009976893.1,minor_tail
4160,YP_009964277.1,minor_tail
4161,YP_010062670.1,minor_tail
4162,YP_010001323.1,minor_tail
4163,YP_009902124.1,minor_tail
4164,YP_009901932.1,minor_tail
4165,YP_009901328.1,minor_tail
4166,YP_009901961.1,minor_tail
4167,YP_009904866.1,minor_tail
4168,YP_009901840.1,minor_tail
4169,YP_009902065.1,minor_tail
4170,YP_009901702.1,minor_tail
4171,YP_010064919.1,minor_tail
4172,YP_009901234.1,minor_tail
4173,YP_009901041.1,minor_tail
4174,YP_009901210.1,minor_tail
4175,YP_009901063.1,minor_tail
4176,YP_009901758.1,minor_tail
4177,YP_009856204.1,minor_tail
4178,YP_010001089.1,minor_tail
4179,YP_009964197.1,minor_tail
4180,YP_009901491.1,minor_tail
4181,YP_009902213.1,minor_tail
4182,YP_009979090.1,minor_tail
4183,YP_010055968.1,minor_tail
4184,YP_009964433.1,minor_tail
4185,YP_009909581.1,minor_tail
4186,YP_009909915.1,minor_tail
4187,YP_009909655.1,minor_tail
4188,YP_009910055.1,minor_tail
4189,YP_009963838.1,minor_tail
4190,YP_010056268.1,minor_tail
4191,YP_010012734.1,minor_tail
4192,YP_009981370.1,minor_tail
4193,YP_009962263.1,minor_tail
4194,YP_010245888.1,minor_tail
4195,YP_010246017.1,minor_tail
4196,YP_010246147.1,minor_tail
4197,YP_009208297.1,minor_tail
4198,YP_010002871.1,minor_tail
4199,YP_010002782.1,minor_tail
4200,YP_009955324.1,minor_tail
4201,YP_009950315.1,minor_tail
4202,YP_009625600.1,minor_tail
4203,YP_009807149.1,minor_tail
4204,YP_010012401.1,minor_tail
4205,YP_010049633.1,minor_tail
4206,YP_010050491.1,minor_tail
4207,YP_010050248.1,minor_tail
4208,YP_009841047.1,minor_tail
4209,YP_009956046.1,minor_tail
4210,NP_046913.1,minor_tail
4211,YP_009963411.1,minor_tail
4212,YP_009787738.1,minor_tail
4213,YP_009955030.1,minor_tail
4214,YP_009962368.1,minor_tail
4215,YP_009962161.1,minor_tail
4216,YP_009958667.1,minor_tail
4217,YP_009961212.1,minor_tail
4218,YP_009963201.1,minor_tail
4219,YP_010055309.1,minor_tail
4220,YP_010055230.1,minor_tail
4221,YP_010055388.1,minor_tail
4222,YP_009955834.1,minor_tail
4223,YP_010055150.1,minor_tail
4224,YP_009960703.1,minor_tail
4225,YP_009957321.1,minor_tail
4226,YP_009961635.1,minor_tail
4227,YP_009954394.1,minor_tail
4228,YP_009959991.1,minor_tail
4229,YP_009955935.1,minor_tail
4230,YP_009837976.1,minor_tail
4231,YP_009800823.1,minor_tail
4232,YP_009954805.1,minor_tail
4233,YP_009959483.1,minor_tail
4234,YP_010054663.1,minor_tail
4235,YP_009962058.1,minor_tail
4236,YP_009957838.1,minor_tail
4237,YP_010055073.1,minor_tail
4238,YP_009957420.1,minor_tail
4239,YP_009958971.1,minor_tail
4240,YP_009955129.1,minor_tail
4241,YP_009960490.1,minor_tail
4242,YP_009954496.1,minor_tail
4243,YP_009959177.1,minor_tail
4244,YP_009957006.1,minor_tail
4245,YP_009963302.1,minor_tail
4246,YP_009963514.1,minor_tail
4247,YP_009814902.1,minor_tail
4248,YP_010064123.1,minor_tail
4249,YP_009961315.1,minor_tail
4250,YP_009961533.1,minor_tail
4251,YP_009819487.1,minor_tail
4252,YP_009955728.1,minor_tail
4253,YP_009961115.1,minor_tail
4254,YP_009962890.1,minor_tail
4255,YP_009956896.1,minor_tail
4256,YP_010055470.1,minor_tail
4257,YP_009961423.1,minor_tail
4258,YP_009848841.1,minor_tail
4259,YP_009959282.1,minor_tail
4260,YP_009956157.1,minor_tail
4261,YP_009965062.1,minor_tail
4262,YP_009958363.1,minor_tail
4263,YP_009960393.1,minor_tail
4264,YP_009955425.1,minor_tail
4265,YP_009956359.1,minor_tail
4266,YP_009956790.1,minor_tail
4267,YP_010105205.1,minor_tail
4268,YP_009962677.1,minor_tail
4269,YP_009957946.1,minor_tail
4270,YP_009856208.1,minor_tail
4271,YP_009956255.1,minor_tail
4272,YP_010055554.1,minor_tail
4273,YP_010052228.1,minor_tail
4274,YP_009957529.1,minor_tail
4275,YP_009958152.1,minor_tail
4276,YP_009960191.1,minor_tail
4277,YP_010054825.1,minor_tail
4278,YP_010054907.1,minor_tail
4279,YP_009961948.1,minor_tail
4280,YP_009962256.1,minor_tail
4281,YP_009955625.1,minor_tail
4282,YP_009957112.1,minor_tail
4283,YP_010113801.1,minor_tail
4284,YP_010115802.1,minor_tail
4285,YP_010246689.1,minor_tail
4286,YP_010246548.1,minor_tail
4287,YP_009964128.1,minor_tail
4288,YP_009964129.1,minor_tail
4289,YP_009952261.1,minor_tail
4290,YP_009952263.1,minor_tail
4291,YP_009950458.1,minor_tail
4292,YP_009950459.1,minor_tail
4293,YP_009950461.1,minor_tail
4294,YP_009954002.1,minor_tail
4295,YP_009954004.1,minor_tail
4296,YP_009954006.1,minor_tail
4297,YP_009954008.1,minor_tail
4298,YP_009952537.1,minor_tail
4299,YP_009952539.1,minor_tail
4300,YP_009952542.1,minor_tail
4301,YP_009951691.1,minor_tail
4302,YP_009951692.1,minor_tail
4303,YP_009951694.1,minor_tail
4304,YP_009951789.1,minor_tail
4305,YP_009951791.1,minor_tail
4306,YP_009951394.1,minor_tail
4307,YP_009951396.1,minor_tail
4308,YP_009953906.1,minor_tail
4309,YP_009953908.1,minor_tail
4310,YP_009953910.1,minor_tail
4311,YP_009951201.1,minor_tail
4312,YP_009951203.1,minor_tail
4313,YP_009951886.1,minor_tail
4314,YP_009951888.1,minor_tail
4315,YP_009951980.1,minor_tail
4316,YP_009951982.1,minor_tail
4317,YP_009953217.1,minor_tail
4318,YP_009953219.1,minor_tail
4319,YP_009953221.1,minor_tail
4320,YP_009952812.1,minor_tail
4321,YP_009952814.1,minor_tail
4322,YP_009952816.1,minor_tail
4323,YP_009952818.1,minor_tail
4324,YP_009952615.1,minor_tail
4325,YP_009952617.1,minor_tail
4326,YP_009952619.1,minor_tail
4327,YP_009952621.1,minor_tail
4328,YP_009953317.1,minor_tail
4329,YP_009953319.1,minor_tail
4330,YP_009953321.1,minor_tail
4331,YP_009953323.1,minor_tail
4332,YP_009950827.1,minor_tail
4333,YP_009950829.1,minor_tail
4334,YP_009950831.1,minor_tail
4335,YP_009950833.1,minor_tail
4336,YP_009952355.1,minor_tail
4337,YP_009952357.1,minor_tail
4338,YP_009952359.1,minor_tail
4339,YP_009952361.1,minor_tail
4340,YP_009963616.1,minor_tail
4341,YP_009963619.1,minor_tail
4342,YP_009950739.1,minor_tail
4343,YP_009950733.1,minor_tail
4344,YP_009950735.1,minor_tail
4345,YP_009950737.1,minor_tail
4346,YP_009952450.1,minor_tail
4347,YP_009952452.1,minor_tail
4348,YP_009952454.1,minor_tail
4349,YP_009952456.1,minor_tail
4350,YP_009955323.1,minor_tail
4351,YP_009955325.1,minor_tail
4352,YP_009955327.1,minor_tail
4353,YP_009952713.1,minor_tail
4354,YP_009952715.1,minor_tail
4355,YP_009952717.1,minor_tail
4356,YP_009952719.1,minor_tail
4357,YP_009950919.1,minor_tail
4358,YP_009950922.1,minor_tail
4359,YP_009950924.1,minor_tail
4360,YP_009950079.1,minor_tail
4361,YP_009950081.1,minor_tail
4362,YP_009949692.1,minor_tail
4363,YP_009949694.1,minor_tail
4364,YP_009949885.1,minor_tail
4365,YP_009949887.1,minor_tail
4366,YP_009953808.1,minor_tail
4367,YP_009953810.1,minor_tail
4368,YP_009953812.1,minor_tail
4369,YP_009953814.1,minor_tail
4370,YP_009950319.1,minor_tail
4371,YP_009950320.1,minor_tail
4372,YP_009950322.1,minor_tail
4373,YP_009953113.1,minor_tail
4374,YP_009953115.1,minor_tail
4375,YP_009953117.1,minor_tail
4376,YP_009953610.1,minor_tail
4377,YP_009953612.1,minor_tail
4378,YP_009953614.1,minor_tail
4379,YP_009950554.1,minor_tail
4380,YP_009950555.1,minor_tail
4381,YP_009950557.1,minor_tail
4382,YP_009950559.1,minor_tail
4383,YP_009952073.1,minor_tail
4384,YP_009952075.1,minor_tail
4385,YP_009954102.1,minor_tail
4386,YP_009954104.1,minor_tail
4387,YP_009954298.1,minor_tail
4388,YP_009954300.1,minor_tail
4389,YP_009954302.1,minor_tail
4390,YP_009954304.1,minor_tail
4391,YP_009953517.1,minor_tail
4392,YP_009953519.1,minor_tail
4393,YP_009951301.1,minor_tail
4394,YP_009951303.1,minor_tail
4395,YP_009949785.1,minor_tail
4396,YP_009949492.1,minor_tail
4397,YP_009950364.1,minor_tail
4398,YP_009950365.1,minor_tail
4399,YP_009950367.1,minor_tail
4400,YP_009950370.1,minor_tail
4401,YP_009951590.1,minor_tail
4402,YP_009951592.1,minor_tail
4403,YP_009953414.1,minor_tail
4404,YP_009953416.1,minor_tail
4405,YP_009953418.1,minor_tail
4406,YP_009952910.1,minor_tail
4407,YP_009952912.1,minor_tail
4408,YP_009952914.1,minor_tail
4409,YP_009952165.1,minor_tail
4410,YP_009952167.1,minor_tail
4411,NP_943807.1,minor_tail
4412,YP_655534.1,minor_tail
4413,YP_655535.2,minor_tail
4414,YP_655537.1,minor_tail
4415,YP_001837078.1,minor_tail
4416,YP_009191023.1,minor_tail
4417,YP_009168209.1,minor_tail
4418,YP_005098334.1,minor_tail
4419,YP_006489242.1,minor_tail
4420,YP_009637359.1,minor_tail
4421,YP_009637360.1,minor_tail
4422,YP_009637362.1,minor_tail
4423,YP_009637364.1,minor_tail
4424,YP_009637366.1,minor_tail
4425,YP_009614349.1,minor_tail
4426,YP_009211827.1,minor_tail
4427,YP_009211828.1,minor_tail
4428,YP_009211829.1,minor_tail
4429,YP_009198703.1,minor_tail
4430,YP_009614043.1,minor_tail
4431,YP_009614045.1,minor_tail
4432,YP_009614047.1,minor_tail
4433,YP_009638016.1,minor_tail
4434,YP_009638017.1,minor_tail
4435,YP_009638018.1,minor_tail
4436,YP_009014290.1,minor_tail
4437,YP_009014291.1,minor_tail
4438,YP_009014292.1,minor_tail
4439,YP_009012917.1,minor_tail
4440,YP_009017908.1,minor_tail
4441,YP_009017910.1,minor_tail
4442,YP_009016596.1,minor_tail
4443,YP_009016818.1,minor_tail
4444,YP_009016819.1,minor_tail
4445,YP_009016820.1,minor_tail
4446,YP_009208577.1,minor_tail
4447,YP_009208579.1,minor_tail
4448,YP_009018342.1,minor_tail
4449,YP_009018440.1,minor_tail
4450,YP_009018441.1,minor_tail
4451,YP_005087141.1,minor_tail
4452,YP_004957455.1,minor_tail
4453,YP_004957456.1,minor_tail
4454,YP_006560767.1,minor_tail
4455,YP_007112625.1,minor_tail
4456,YP_007112626.1,minor_tail
4457,YP_009638580.1,minor_tail
4458,YP_009638581.1,minor_tail
4459,YP_009638583.1,minor_tail
4460,YP_009638585.1,minor_tail
4461,YP_009638587.1,minor_tail
4462,YP_006990428.1,minor_tail
4463,YP_009189267.1,minor_tail
4464,YP_009189268.1,minor_tail
4465,YP_009189269.1,minor_tail
4466,YP_007869948.1,minor_tail
4467,YP_009601872.1,minor_tail
4468,YP_008061624.1,minor_tail
4469,YP_008061626.1,minor_tail
4470,YP_008052106.1,minor_tail
4471,YP_008060935.1,minor_tail
4472,YP_008060937.1,minor_tail
4473,YP_008061391.1,minor_tail
4474,YP_008061393.1,minor_tail
4475,YP_008129772.1,minor_tail
4476,YP_008129773.1,minor_tail
4477,YP_008129775.1,minor_tail
4478,YP_009221261.1,minor_tail
4479,YP_009221263.1,minor_tail
4480,YP_008409225.1,minor_tail
4481,YP_008409949.1,minor_tail
4482,YP_008409661.1,minor_tail
4483,YP_008409662.1,minor_tail
4484,YP_008530620.1,minor_tail
4485,YP_008409854.1,minor_tail
4486,YP_008409856.1,minor_tail
4487,YP_009005676.1,minor_tail
4488,YP_009005677.1,minor_tail
4489,YP_009005678.1,minor_tail
4490,YP_009004576.1,minor_tail
4491,YP_009031762.1,minor_tail
4492,YP_009190085.1,minor_tail
4493,YP_009190086.1,minor_tail
4494,YP_009190087.1,minor_tail
4495,YP_009187539.1,minor_tail
4496,YP_009187540.1,minor_tail
4497,YP_009187541.1,minor_tail
4498,YP_009009676.1,minor_tail
4499,YP_009009677.1,minor_tail
4500,YP_009031557.1,minor_tail
4501,YP_009043303.1,minor_tail
4502,YP_009043304.1,minor_tail
4503,YP_009043305.1,minor_tail
4504,YP_009031146.1,minor_tail
4505,YP_009031147.1,minor_tail
4506,YP_009031148.1,minor_tail
4507,YP_009031152.1,minor_tail
4508,YP_009043622.1,minor_tail
4509,YP_009043624.1,minor_tail
4510,YP_009043626.1,minor_tail
4511,YP_009043628.1,minor_tail
4512,YP_009215622.1,minor_tail
4513,YP_009215623.1,minor_tail
4514,YP_009215625.1,minor_tail
4515,YP_009215627.1,minor_tail
4516,YP_009191123.1,minor_tail
4517,YP_009191124.1,minor_tail
4518,YP_009191125.1,minor_tail
4519,YP_009055299.1,minor_tail
4520,YP_009784968.1,minor_tail
4521,YP_009125773.1,minor_tail
4522,YP_009125774.1,minor_tail
4523,YP_009125775.1,minor_tail
4524,YP_009125776.1,minor_tail
4525,YP_009125778.1,minor_tail
4526,YP_009125780.1,minor_tail
4527,YP_009194771.1,minor_tail
4528,YP_009207598.1,minor_tail
4529,YP_009215325.1,minor_tail
4530,YP_009215326.1,minor_tail
4531,YP_009200136.1,minor_tail
4532,YP_009200137.1,minor_tail
4533,YP_009210884.1,minor_tail
4534,YP_009210885.1,minor_tail
4535,YP_009193482.1,minor_tail
4536,YP_009193484.1,minor_tail
4537,YP_009202652.1,minor_tail
4538,YP_009202653.1,minor_tail
4539,YP_009202654.1,minor_tail
4540,YP_009202655.1,minor_tail
4541,YP_009202656.1,minor_tail
4542,YP_009202657.1,minor_tail
4543,YP_009202658.1,minor_tail
4544,YP_009202659.1,minor_tail
4545,YP_009283415.1,minor_tail
4546,YP_009848601.1,minor_tail
4547,YP_009785275.1,minor_tail
4548,YP_009213512.1,minor_tail
4549,YP_009616334.1,minor_tail
4550,YP_009191221.1,minor_tail
4551,YP_009191222.1,minor_tail
4552,YP_009191223.1,minor_tail
4553,YP_009616364.1,minor_tail
4554,YP_009616366.1,minor_tail
4555,YP_009616367.1,minor_tail
4556,YP_009214945.1,minor_tail
4557,YP_009214946.1,minor_tail
4558,YP_009191304.1,minor_tail
4559,YP_009189676.1,minor_tail
4560,YP_009200906.1,minor_tail
4561,YP_009602453.1,minor_tail
4562,YP_009602514.1,minor_tail
4563,YP_009602515.1,minor_tail
4564,YP_009602575.1,minor_tail
4565,YP_009602578.1,minor_tail
4566,YP_009602635.1,minor_tail
4567,YP_009602637.1,minor_tail
4568,YP_009602638.1,minor_tail
4569,YP_009602699.1,minor_tail
4570,YP_009602702.1,minor_tail
4571,YP_009602762.1,minor_tail
4572,YP_009602765.1,minor_tail
4573,YP_009602766.1,minor_tail
4574,YP_009602767.1,minor_tail
4575,YP_009603058.1,minor_tail
4576,YP_009603059.1,minor_tail
4577,YP_009601657.1,minor_tail
4578,YP_009602819.1,minor_tail
4579,YP_009602881.1,minor_tail
4580,YP_009602883.1,minor_tail
4581,YP_009601734.1,minor_tail
4582,YP_009602947.1,minor_tail
4583,YP_009602949.1,minor_tail
4584,YP_009602950.1,minor_tail
4585,YP_009602951.1,minor_tail
4586,YP_009601581.1,minor_tail
4587,YP_009616589.1,minor_tail
4588,YP_009303092.1,minor_tail
4589,YP_009303093.1,minor_tail
4590,YP_009301291.1,minor_tail
4591,YP_009303318.1,minor_tail
4592,YP_009302781.1,minor_tail
4593,YP_009302782.1,minor_tail
4594,YP_009300979.1,minor_tail
4595,YP_009291362.1,minor_tail
4596,YP_009276478.1,minor_tail
4597,YP_009275094.1,minor_tail
4598,YP_009274262.1,minor_tail
4599,YP_009274265.1,minor_tail
4600,YP_009287498.1,minor_tail
4601,YP_009287499.1,minor_tail
4602,YP_009287505.1,minor_tail
4603,YP_009287506.1,minor_tail
4604,YP_009287509.1,minor_tail
4605,YP_009290989.1,minor_tail
4606,YP_009288009.1,minor_tail
4607,YP_009282266.1,minor_tail
4608,YP_009282268.1,minor_tail
4609,YP_009282270.1,minor_tail
4610,YP_009596685.1,minor_tail
4611,YP_009599332.1,minor_tail
4612,YP_009599333.1,minor_tail
4613,YP_009790192.1,minor_tail
4614,YP_009013386.1,minor_tail
4615,YP_009609962.1,minor_tail
4616,YP_009834063.1,minor_tail
4617,YP_009610028.1,minor_tail
4618,YP_009610147.1,minor_tail
4619,YP_009610166.1,minor_tail
4620,YP_009791010.1,minor_tail
4621,YP_009612400.1,minor_tail
4622,YP_009612477.1,minor_tail
4623,YP_009612554.1,minor_tail
4624,YP_009615105.1,minor_tail
4625,YP_009804430.1,minor_tail
4626,YP_009619916.1,minor_tail
4627,YP_009795608.1,minor_tail
4628,YP_009795609.1,minor_tail
4629,YP_009620184.1,minor_tail
4630,YP_009620284.1,minor_tail
4631,YP_009620457.1,minor_tail
4632,YP_009620580.1,minor_tail
4633,YP_009804572.1,minor_tail
4634,YP_009622078.1,minor_tail
4635,YP_009622079.1,minor_tail
4636,YP_009622080.1,minor_tail
4637,YP_009797871.1,minor_tail
4638,YP_009824796.1,minor_tail
4639,YP_009836996.1,minor_tail
4640,YP_009624833.1,minor_tail
4641,YP_009802985.1,minor_tail
4642,YP_009838168.1,minor_tail
4643,YP_009806066.1,minor_tail
4644,YP_009805290.1,minor_tail
4645,YP_009805593.1,minor_tail
4646,YP_009805903.1,minor_tail
4647,YP_009806796.1,minor_tail
4648,YP_009839004.1,minor_tail
4649,YP_009839235.1,minor_tail
4650,YP_009807143.1,minor_tail
4651,YP_009840834.1,minor_tail
4652,YP_009814695.1,minor_tail
4653,YP_009824375.1,minor_tail
4654,YP_009824665.1,minor_tail
4655,YP_009815151.1,minor_tail
4656,YP_009816804.1,minor_tail
4657,YP_009843022.1,minor_tail
4658,YP_009819420.1,minor_tail
4659,YP_009819010.1,minor_tail
4660,YP_009845363.1,minor_tail
4661,YP_009621119.1,minor_tail
4662,YP_009846044.1,minor_tail
4663,YP_009848309.1,minor_tail
4664,YP_009848310.1,minor_tail
4665,YP_009884512.1,minor_tail
4666,YP_009852384.1,minor_tail
4667,YP_009852583.1,minor_tail
4668,YP_009852482.1,minor_tail
4669,YP_009852681.1,minor_tail
4670,YP_009852331.1,minor_tail
4671,YP_009884245.1,minor_tail
4672,YP_009853241.1,minor_tail
4673,YP_009853272.1,minor_tail
4674,YP_009853273.1,minor_tail
4675,YP_009853985.1,minor_tail
4676,YP_006382444.1,minor_tail
4677,YP_009856315.1,minor_tail
4678,YP_009856316.1,minor_tail
4679,YP_009856538.1,minor_tail
4680,YP_009198887.1,minor_tail
4681,YP_009198888.1,minor_tail
4682,YP_009198889.1,minor_tail
4683,YP_009189986.1,minor_tail
4684,YP_009189987.1,minor_tail
4685,YP_009189988.1,minor_tail
4686,YP_009019002.1,minor_tail
4687,YP_009019006.1,minor_tail
4688,YP_009215526.1,minor_tail
4689,YP_009215530.1,minor_tail
4690,YP_010002507.1,minor_tail
4691,YP_010002336.1,minor_tail
4692,YP_010002251.1,minor_tail
4693,YP_010002421.1,minor_tail
4694,YP_010012398.1,minor_tail
4695,YP_009303172.1,minor_tail
4696,YP_009303175.1,minor_tail
4697,YP_010049693.1,minor_tail
4698,YP_010049625.1,minor_tail
4699,YP_010050001.1,minor_tail
4700,YP_010050004.1,minor_tail
4701,YP_010050371.1,minor_tail
4702,YP_010050374.1,minor_tail
4703,YP_010050310.1,minor_tail
4704,YP_010050313.1,minor_tail
4705,YP_010050062.1,minor_tail
4706,YP_010050065.1,minor_tail
4707,YP_010050429.1,minor_tail
4708,YP_010050431.1,minor_tail
4709,YP_010050432.1,minor_tail
4710,YP_010050437.1,minor_tail
4711,YP_010049815.1,minor_tail
4712,YP_010049816.1,minor_tail
4713,YP_010049939.1,minor_tail
4714,YP_010049942.1,minor_tail
4715,YP_010050189.1,minor_tail
4716,YP_010050191.1,minor_tail
4717,YP_010050555.1,minor_tail
4718,YP_010050558.1,minor_tail
4719,YP_010049876.1,minor_tail
4720,YP_010050121.1,minor_tail
4721,YP_010051112.1,minor_tail
4722,YP_010051117.1,minor_tail
4723,YP_010051302.1,minor_tail
4724,YP_010051303.1,minor_tail
4725,YP_010051305.1,minor_tail
4726,YP_010051489.1,minor_tail
4727,YP_010051490.1,minor_tail
4728,YP_010051492.1,minor_tail
4729,YP_010051494.1,minor_tail
4730,YP_010051495.1,minor_tail
4731,YP_010051427.1,minor_tail
4732,YP_010051428.1,minor_tail
4733,YP_010051430.1,minor_tail
4734,YP_010051753.1,minor_tail
4735,YP_010051754.1,minor_tail
4736,YP_010051756.1,minor_tail
4737,YP_010051362.1,minor_tail
4738,YP_010051363.1,minor_tail
4739,YP_010051365.1,minor_tail
4740,YP_010051557.1,minor_tail
4741,YP_010051558.1,minor_tail
4742,YP_010051560.1,minor_tail
4743,YP_010051562.1,minor_tail
4744,YP_010051628.1,minor_tail
4745,YP_010051691.1,minor_tail
4746,YP_010051693.1,minor_tail
4747,YP_010057083.1,minor_tail
4748,YP_010057309.1,minor_tail
4749,YP_010058690.1,minor_tail
4750,YP_010058225.1,minor_tail
4751,YP_010058008.1,minor_tail
4752,YP_010057772.1,minor_tail
4753,YP_010058458.1,minor_tail
4754,YP_010059082.1,minor_tail
4755,YP_010059435.1,minor_tail
4756,YP_010059444.1,minor_tail
4757,YP_010060235.1,minor_tail
4758,YP_010082677.1,minor_tail
4759,YP_010082678.1,minor_tail
4760,YP_010089214.1,minor_tail
4761,YP_010082578.1,minor_tail
4762,YP_010082579.1,minor_tail
4763,YP_010082772.1,minor_tail
4764,YP_010082773.1,minor_tail
4765,YP_010096533.1,minor_tail
4766,YP_010096534.1,minor_tail
4767,YP_010096535.1,minor_tail
4768,YP_010097550.1,minor_tail
4769,YP_010103232.1,minor_tail
4770,YP_010109569.1,minor_tail
4771,YP_010109570.1,minor_tail
4772,YP_009613852.1,minor_tail
4773,YP_009613853.1,minor_tail
4774,YP_005087241.1,minor_tail
4775,YP_009004649.1,minor_tail
4776,YP_009004650.1,minor_tail
4777,YP_009003193.1,minor_tail
4778,YP_009042666.1,minor_tail
4779,YP_009042540.1,minor_tail
4780,YP_009042547.1,minor_tail
4781,YP_009125195.1,minor_tail
4782,YP_009125196.1,minor_tail
4783,YP_009594253.1,minor_tail
4784,YP_009905444.1,minor_tail
4785,YP_009624745.1,minor_tail
4786,YP_009950170.1,minor_tail
4787,YP_009950171.1,minor_tail
4788,YP_009950173.1,minor_tail
4789,YP_009980626.1,minor_tail
4790,YP_009951010.1,minor_tail
4791,YP_009951012.1,minor_tail
4792,YP_009951014.1,minor_tail
4793,YP_009951016.1,minor_tail
4794,YP_009841045.1,minor_tail
4795,YP_009841046.1,minor_tail
4796,YP_009953012.1,minor_tail
4797,YP_009953014.1,minor_tail
4798,YP_009956045.1,minor_tail
4799,YP_009956047.1,minor_tail
4800,YP_009956049.1,minor_tail
4801,YP_007947938.1,minor_tail
4802,YP_007947942.1,minor_tail
4803,NP_046847.1,minor_tail
4804,NP_049935.1,minor_tail
4805,NP_817330.1,minor_tail
4806,NP_817996.1,minor_tail
4807,NP_817997.1,minor_tail
4808,NP_817999.1,minor_tail
4809,YP_003090192.1,minor_tail
4810,YP_579217.1,minor_tail
4811,YP_001469249.1,minor_tail
4812,YP_001469250.1,minor_tail
4813,YP_001469251.1,minor_tail
4814,YP_009617241.1,minor_tail
4815,YP_009617247.1,minor_tail
4816,YP_009031375.1,minor_tail
4817,YP_009613648.1,minor_tail
4818,YP_004934050.1,minor_tail
4819,YP_004957431.1,minor_tail
4820,YP_009637656.1,minor_tail
4821,YP_009590891.1,minor_tail
4822,YP_009607585.1,minor_tail
4823,YP_009636204.1,minor_tail
4824,YP_009636205.1,minor_tail
4825,YP_009636207.1,minor_tail
4826,YP_009591184.1,minor_tail
4827,YP_009636430.1,minor_tail
4828,YP_009636431.1,minor_tail
4829,YP_009636639.1,minor_tail
4830,YP_009636640.1,minor_tail
4831,YP_009636731.1,minor_tail
4832,YP_009636752.1,minor_tail
4833,YP_009637463.1,minor_tail
4834,YP_009636846.1,minor_tail
4835,YP_009636947.1,minor_tail
4836,YP_009636948.1,minor_tail
4837,YP_009636950.1,minor_tail
4838,YP_009637158.1,minor_tail
4839,YP_009637159.1,minor_tail
4840,YP_009637275.1,minor_tail
4841,YP_009605021.1,minor_tail
4842,YP_009605023.1,minor_tail
4843,YP_009605024.1,minor_tail
4844,YP_009607953.1,minor_tail
4845,YP_009607955.1,minor_tail
4846,YP_009607956.1,minor_tail
4847,YP_009607755.1,minor_tail
4848,YP_009635444.1,minor_tail
4849,YP_009635865.1,minor_tail
4850,YP_009208432.1,minor_tail
4851,YP_009208434.1,minor_tail
4852,YP_009208435.1,minor_tail
4853,YP_009591323.1,minor_tail
4854,YP_009591324.1,minor_tail
4855,YP_009591325.1,minor_tail
4856,YP_009608198.1,minor_tail
4857,YP_009608199.1,minor_tail
4858,YP_009608201.1,minor_tail
4859,YP_009608091.1,minor_tail
4860,YP_009608092.1,minor_tail
4861,YP_009637926.1,minor_tail
4862,YP_009637931.1,minor_tail
4863,YP_009018043.1,minor_tail
4864,YP_009018044.1,minor_tail
4865,YP_009018047.1,minor_tail
4866,YP_009017013.1,minor_tail
4867,YP_009011785.1,minor_tail
4868,YP_009011787.1,minor_tail
4869,YP_009017607.1,minor_tail
4870,YP_009638110.1,minor_tail
4871,YP_009638111.1,minor_tail
4872,YP_009638115.1,minor_tail
4873,YP_009017139.1,minor_tail
4874,YP_009017165.1,minor_tail
4875,YP_009013927.1,minor_tail
4876,YP_009014193.1,minor_tail
4877,YP_009604802.1,minor_tail
4878,YP_009604803.1,minor_tail
4879,YP_009604804.1,minor_tail
4880,YP_009604805.1,minor_tail
4881,YP_009017081.1,minor_tail
4882,YP_009017084.1,minor_tail
4883,YP_009014015.1,minor_tail
4884,YP_009012712.1,minor_tail
4885,YP_009604885.1,minor_tail
4886,YP_009604888.1,minor_tail
4887,YP_009018539.1,minor_tail
4888,YP_009604416.1,minor_tail
4889,YP_009013034.1,minor_tail
4890,YP_009011261.1,minor_tail
4891,YP_009638293.1,minor_tail
4892,YP_007011004.1,minor_tail
4893,YP_009607836.1,minor_tail
4894,YP_009607839.1,minor_tail
4895,YP_007112144.1,minor_tail
4896,YP_007112150.1,minor_tail
4897,YP_007112550.1,minor_tail
4898,YP_007112556.1,minor_tail
4899,YP_007111786.1,minor_tail
4900,YP_007111792.1,minor_tail
4901,YP_007111514.1,minor_tail
4902,YP_007111518.1,minor_tail
4903,YP_007111384.1,minor_tail
4904,YP_007111390.1,minor_tail
4905,YP_007112089.1,minor_tail
4906,YP_007112354.1,minor_tail
4907,YP_007112358.1,minor_tail
4908,YP_009607666.1,minor_tail
4909,YP_009607667.1,minor_tail
4910,YP_009607671.1,minor_tail
4911,YP_006560831.1,minor_tail
4912,YP_009016292.1,minor_tail
4913,YP_009016295.1,minor_tail
4914,YP_009016297.1,minor_tail
4915,YP_009638483.1,minor_tail
4916,YP_009638484.1,minor_tail
4917,YP_009638486.1,minor_tail
4918,YP_009638485.1,minor_tail
4919,YP_009638687.1,minor_tail
4920,YP_009591865.1,minor_tail
4921,YP_009591868.1,minor_tail
4922,YP_009591870.1,minor_tail
4923,YP_009591991.1,minor_tail
4924,YP_009591993.1,minor_tail
4925,YP_009591992.1,minor_tail
4926,YP_006906042.1,minor_tail
4927,YP_006906462.1,minor_tail
4928,YP_006906556.1,minor_tail
4929,YP_006906788.1,minor_tail
4930,YP_006907013.1,minor_tail
4931,YP_006907145.1,minor_tail
4932,YP_006906417.1,minor_tail
4933,YP_006906509.1,minor_tail
4934,YP_006906603.1,minor_tail
4935,YP_006906912.1,minor_tail
4936,YP_006907099.1,minor_tail
4937,YP_007869828.1,minor_tail
4938,YP_007869831.1,minor_tail
4939,YP_007869832.1,minor_tail
4940,YP_008050959.1,minor_tail
4941,YP_008050962.1,minor_tail
4942,YP_008051649.1,minor_tail
4943,YP_008051651.1,minor_tail
4944,YP_008051652.1,minor_tail
4945,YP_008051244.1,minor_tail
4946,YP_008051245.1,minor_tail
4947,YP_008051246.1,minor_tail
4948,YP_008051878.1,minor_tail
4949,YP_008051881.1,minor_tail
4950,YP_008050792.1,minor_tail
4951,YP_008050795.1,minor_tail
4952,YP_008050797.1,minor_tail
4953,YP_008051960.1,minor_tail
4954,YP_008051962.1,minor_tail
4955,YP_008051504.1,minor_tail
4956,YP_008051506.1,minor_tail
4957,YP_008408975.1,minor_tail
4958,YP_008408976.1,minor_tail
4959,YP_008408977.1,minor_tail
4960,YP_008410192.1,minor_tail
4961,YP_008410193.1,minor_tail
4962,YP_008410196.1,minor_tail
4963,YP_008410425.1,minor_tail
4964,YP_008410426.1,minor_tail
4965,YP_008410428.1,minor_tail
4966,YP_008430681.1,minor_tail
4967,YP_008430682.1,minor_tail
4968,YP_008430686.1,minor_tail
4969,YP_008409080.1,minor_tail
4970,YP_008409082.1,minor_tail
4971,YP_008410041.1,minor_tail
4972,YP_008410043.1,minor_tail
4973,YP_008409418.1,minor_tail
4974,YP_008409420.1,minor_tail
4975,YP_008410804.1,minor_tail
4976,YP_008410807.1,minor_tail
4977,YP_008410809.1,minor_tail
4978,YP_008430540.1,minor_tail
4979,YP_008430542.1,minor_tail
4980,YP_008859461.1,minor_tail
4981,YP_008859463.1,minor_tail
4982,YP_008858304.1,minor_tail
4983,YP_008858306.1,minor_tail
4984,YP_008857511.1,minor_tail
4985,YP_008857513.1,minor_tail
4986,YP_008857959.1,minor_tail
4987,YP_008858565.1,minor_tail
4988,YP_009002673.1,minor_tail
4989,YP_009002674.1,minor_tail
4990,YP_009002675.1,minor_tail
4991,YP_009005774.1,minor_tail
4992,YP_009005775.1,minor_tail
4993,YP_009005588.1,minor_tail
4994,YP_009004390.1,minor_tail
4995,YP_009004391.1,minor_tail
4996,YP_009004392.1,minor_tail
4997,YP_009004393.1,minor_tail
4998,YP_008858955.1,minor_tail
4999,YP_008858214.1,minor_tail
5000,YP_008859048.1,minor_tail
5001,YP_008858752.1,minor_tail
5002,YP_008858754.1,minor_tail
5003,YP_009004356.1,minor_tail
5004,YP_009005869.1,minor_tail
5005,YP_009007223.1,minor_tail
5006,YP_009006618.1,minor_tail
5007,YP_009006621.1,minor_tail
5008,YP_009006622.1,minor_tail
5009,YP_009007483.1,minor_tail
5010,YP_009007484.1,minor_tail
5011,YP_009007485.1,minor_tail
5012,YP_009007487.1,minor_tail
5013,YP_009031213.1,minor_tail
5014,YP_009021597.1,minor_tail
5015,YP_009021600.1,minor_tail
5016,YP_009021602.1,minor_tail
5017,YP_009009770.1,minor_tail
5018,YP_009010009.1,minor_tail
5019,YP_009010010.1,minor_tail
5020,YP_009031890.1,minor_tail
5021,YP_009032412.1,minor_tail
5022,YP_009032414.1,minor_tail
5023,YP_009032415.1,minor_tail
5024,YP_009032419.1,minor_tail
5025,YP_009963942.1,minor_tail
5026,YP_009963943.1,minor_tail
5027,YP_009963944.1,minor_tail
5028,YP_009043812.1,minor_tail
5029,YP_009152376.1,minor_tail
5030,YP_009151393.1,minor_tail
5031,YP_009124569.1,minor_tail
5032,YP_009124570.1,minor_tail
5033,YP_009124571.1,minor_tail
5034,YP_009123989.1,minor_tail
5035,YP_009123990.1,minor_tail
5036,YP_009123998.1,minor_tail
5037,YP_009208908.1,minor_tail
5038,YP_009208909.1,minor_tail
5039,YP_009208913.1,minor_tail
5040,YP_009124949.1,minor_tail
5041,YP_009125011.1,minor_tail
5042,YP_009125012.1,minor_tail
5043,YP_009125013.1,minor_tail
5044,YP_009125015.1,minor_tail
5045,YP_009124207.1,minor_tail
5046,YP_009124208.1,minor_tail
5047,YP_009124211.1,minor_tail
5048,YP_009201653.1,minor_tail
5049,YP_009201654.1,minor_tail
5050,YP_009201656.1,minor_tail
5051,YP_009201658.1,minor_tail
5052,YP_009209565.1,minor_tail
5053,YP_009209566.1,minor_tail
5054,YP_009209567.1,minor_tail
5055,YP_009209569.1,minor_tail
5056,YP_009209573.1,minor_tail
5057,YP_009205163.1,minor_tail
5058,YP_009205164.1,minor_tail
5059,YP_009197142.1,minor_tail
5060,YP_009221040.1,minor_tail
5061,YP_009213250.1,minor_tail
5062,YP_009213251.1,minor_tail
5063,YP_009123893.1,minor_tail
5064,YP_009222388.1,minor_tail
5065,YP_009125974.1,minor_tail
5066,YP_009125975.1,minor_tail
5067,YP_009125976.1,minor_tail
5068,YP_009125977.1,minor_tail
5069,YP_009125492.1,minor_tail
5070,YP_009125494.1,minor_tail
5071,YP_009125495.1,minor_tail
5072,YP_009125497.1,minor_tail
5073,YP_009203389.1,minor_tail
5074,YP_009193574.1,minor_tail
5075,YP_009213778.1,minor_tail
5076,YP_009209065.1,minor_tail
5077,YP_009209068.1,minor_tail
5078,YP_009209070.1,minor_tail
5079,YP_009212766.1,minor_tail
5080,YP_009212768.1,minor_tail
5081,YP_009212770.1,minor_tail
5082,YP_009198362.1,minor_tail
5083,YP_009198363.1,minor_tail
5084,YP_009210377.1,minor_tail
5085,YP_009210380.1,minor_tail
5086,YP_009210382.1,minor_tail
5087,YP_009225311.1,minor_tail
5088,YP_009225313.1,minor_tail
5089,YP_009225314.1,minor_tail
5090,YP_009225315.1,minor_tail
5091,YP_009277994.2,minor_tail
5092,YP_009603640.1,minor_tail
5093,YP_009159979.1,minor_tail
5094,YP_009198122.1,minor_tail
5095,YP_009198123.1,minor_tail
5096,YP_009198124.1,minor_tail
5097,YP_009198126.1,minor_tail
5098,YP_009204117.1,minor_tail
5099,YP_009198795.1,minor_tail
5100,YP_009211180.1,minor_tail
5101,YP_009211181.1,minor_tail
5102,YP_009211182.1,minor_tail
5103,YP_009198985.1,minor_tail
5104,YP_009198995.1,minor_tail
5105,YP_009206735.1,minor_tail
5106,YP_009206736.1,minor_tail
5107,YP_009199820.1,minor_tail
5108,YP_009194541.1,minor_tail
5109,YP_009194542.1,minor_tail
5110,YP_009194543.1,minor_tail
5111,YP_009194545.1,minor_tail
5112,YP_009224291.1,minor_tail
5113,YP_009224293.1,minor_tail
5114,YP_009197692.1,minor_tail
5115,YP_009197694.1,minor_tail
5116,YP_009212047.1,minor_tail
5117,YP_009206912.1,minor_tail
5118,YP_009206913.1,minor_tail
5119,YP_009202534.1,minor_tail
5120,YP_009202535.1,minor_tail
5121,YP_009193916.1,minor_tail
5122,YP_009193917.1,minor_tail
5123,YP_009193918.1,minor_tail
5124,YP_009193919.1,minor_tail
5125,YP_009207688.1,minor_tail
5126,YP_009211104.1,minor_tail
5127,YP_009211105.1,minor_tail
5128,YP_009211106.1,minor_tail
5129,YP_009211109.1,minor_tail
5130,YP_009214376.1,minor_tail
5131,YP_009214377.1,minor_tail
5132,YP_009214378.1,minor_tail
5133,YP_009214380.1,minor_tail
5134,YP_009214382.1,minor_tail
5135,YP_009214384.1,minor_tail
5136,YP_009199700.1,minor_tail
5137,YP_009199701.1,minor_tail
5138,YP_009199702.1,minor_tail
5139,YP_009208757.1,minor_tail
5140,YP_009208758.1,minor_tail
5141,YP_009208761.1,minor_tail
5142,YP_009208763.1,minor_tail
5143,YP_009201018.1,minor_tail
5144,YP_009201040.1,minor_tail
5145,YP_009201043.1,minor_tail
5146,YP_009211736.1,minor_tail
5147,YP_010012476.1,minor_tail
5148,YP_009210714.1,minor_tail
5149,YP_009210715.1,minor_tail
5150,YP_009193634.1,minor_tail
5151,YP_009214293.1,minor_tail
5152,YP_009214294.1,minor_tail
5153,YP_009214298.1,minor_tail
5154,YP_009195264.1,minor_tail
5155,YP_009195266.1,minor_tail
5156,YP_009195267.1,minor_tail
5157,YP_009195269.1,minor_tail
5158,YP_009195271.1,minor_tail
5159,YP_009208102.1,minor_tail
5160,YP_009208103.1,minor_tail
5161,YP_009189897.1,minor_tail
5162,YP_009187172.1,minor_tail
5163,YP_009187173.1,minor_tail
5164,YP_009187174.1,minor_tail
5165,YP_009187176.1,minor_tail
5166,YP_009190890.1,minor_tail
5167,YP_009304662.1,minor_tail
5168,YP_009304687.1,minor_tail
5169,YP_009301852.1,minor_tail
5170,YP_009301853.1,minor_tail
5171,YP_009304592.1,minor_tail
5172,YP_009278566.1,minor_tail
5173,YP_009304925.1,minor_tail
5174,YP_009304928.1,minor_tail
5175,YP_009304929.1,minor_tail
5176,YP_009302331.1,minor_tail
5177,YP_009302334.1,minor_tail
5178,YP_009595708.1,minor_tail
5179,YP_009595711.1,minor_tail
5180,YP_009616870.1,minor_tail
5181,YP_009304209.1,minor_tail
5182,YP_009595783.1,minor_tail
5183,YP_009595786.1,minor_tail
5184,YP_009300801.1,minor_tail
5185,YP_009300810.1,minor_tail
5186,YP_009300812.1,minor_tail
5187,YP_009304144.1,minor_tail
5188,YP_009301379.1,minor_tail
5189,YP_009301389.1,minor_tail
5190,YP_009301391.1,minor_tail
5191,YP_009286063.1,minor_tail
5192,YP_009286071.1,minor_tail
5193,YP_009286073.1,minor_tail
5194,YP_009303401.1,minor_tail
5195,YP_009303402.1,minor_tail
5196,YP_009303012.1,minor_tail
5197,YP_009303020.1,minor_tail
5198,YP_009303023.1,minor_tail
5199,YP_009302862.1,minor_tail
5200,YP_009304348.1,minor_tail
5201,YP_009304357.1,minor_tail
5202,YP_009304359.1,minor_tail
5203,YP_009303967.1,minor_tail
5204,YP_009303776.1,minor_tail
5205,YP_009303777.1,minor_tail
5206,YP_009303778.1,minor_tail
5207,YP_009282056.1,minor_tail
5208,YP_009276655.1,minor_tail
5209,YP_009275585.1,minor_tail
5210,YP_009275586.1,minor_tail
5211,YP_009276546.1,minor_tail
5212,YP_009276547.1,minor_tail
5213,YP_009274028.1,minor_tail
5214,YP_009274029.1,minor_tail
5215,YP_009274072.1,minor_tail
5216,YP_009274074.1,minor_tail
5217,YP_009283274.1,minor_tail
5218,YP_009291244.1,minor_tail
5219,YP_009291264.1,minor_tail
5220,YP_009291269.1,minor_tail
5221,YP_009291267.1,minor_tail
5222,YP_009977140.1,minor_tail
5223,YP_009977160.1,minor_tail
5224,YP_009981641.1,minor_tail
5225,YP_009288148.1,minor_tail
5226,YP_009288149.1,minor_tail
5227,YP_009291469.1,minor_tail
5228,YP_009291470.1,minor_tail
5229,YP_009287245.1,minor_tail
5230,YP_009287247.1,minor_tail
5231,YP_009291984.1,minor_tail
5232,YP_009291986.1,minor_tail
5233,YP_009596234.1,minor_tail
5234,YP_009284804.1,minor_tail
5235,YP_009284809.1,minor_tail
5236,YP_009289678.1,minor_tail
5237,YP_009289686.1,minor_tail
5238,YP_009289688.1,minor_tail
5239,YP_010060475.1,minor_tail
5240,YP_009596603.1,minor_tail
5241,YP_009596604.1,minor_tail
5242,YP_009596605.1,minor_tail
5243,YP_009596607.1,minor_tail
5244,YP_009958558.1,minor_tail
5245,YP_009958560.1,minor_tail
5246,YP_009597000.1,minor_tail
5247,YP_009597059.1,minor_tail
5248,YP_009979989.1,minor_tail
5249,YP_009963410.1,minor_tail
5250,YP_009963412.1,minor_tail
5251,YP_009963414.1,minor_tail
5252,YP_009962787.1,minor_tail
5253,YP_009962788.1,minor_tail
5254,YP_009962789.1,minor_tail
5255,YP_009962791.1,minor_tail
5256,YP_009956685.1,minor_tail
5257,YP_009956686.1,minor_tail
5258,YP_009956687.1,minor_tail
5259,YP_009956689.1,minor_tail
5260,YP_009980083.1,minor_tail
5261,YP_009977316.1,minor_tail
5262,YP_009977336.1,minor_tail
5263,YP_010013937.1,minor_tail
5264,YP_010013940.1,minor_tail
5265,YP_009955029.1,minor_tail
5266,YP_009955031.1,minor_tail
5267,YP_009962367.1,minor_tail
5268,YP_009962369.1,minor_tail
5269,YP_009962371.1,minor_tail
5270,YP_009962160.1,minor_tail
5271,YP_009962162.1,minor_tail
5272,YP_009962164.1,minor_tail
5273,YP_009962168.1,minor_tail
5274,YP_009905301.1,minor_tail
5275,YP_009958666.1,minor_tail
5276,YP_009958669.1,minor_tail
5277,YP_009951496.1,minor_tail
5278,YP_010063936.1,minor_tail
5279,YP_009961211.1,minor_tail
5280,YP_010059991.1,minor_tail
5281,YP_010012987.1,minor_tail
5282,YP_010012989.1,minor_tail
5283,YP_010012993.1,minor_tail
5284,YP_009964587.1,minor_tail
5285,YP_009964588.1,minor_tail
5286,YP_009964589.1,minor_tail
5287,YP_009964590.1,minor_tail
5288,YP_010012856.1,minor_tail
5289,YP_010012858.1,minor_tail
5290,YP_010012862.1,minor_tail
5291,YP_009626531.1,minor_tail
5292,YP_009964744.1,minor_tail
5293,YP_009964745.1,minor_tail
5294,YP_009964746.1,minor_tail
5295,YP_009964747.1,minor_tail
5296,YP_009951104.1,minor_tail
5297,YP_009951107.1,minor_tail
5298,YP_009951109.1,minor_tail
5299,YP_010012604.1,minor_tail
5300,YP_009962573.1,minor_tail
5301,YP_009962574.1,minor_tail
5302,YP_009610835.1,minor_tail
5303,YP_009611056.1,minor_tail
5304,YP_009611275.1,minor_tail
5305,YP_009611502.1,minor_tail
5306,YP_010064027.1,minor_tail
5307,YP_010062322.1,minor_tail
5308,YP_010062327.1,minor_tail
5309,YP_009964981.1,minor_tail
5310,YP_009964982.1,minor_tail
5311,YP_009964983.1,minor_tail
5312,YP_010062151.1,minor_tail
5313,YP_010062152.1,minor_tail
5314,YP_009956575.1,minor_tail
5315,YP_009956577.1,minor_tail
5316,YP_009956579.1,minor_tail
5317,YP_009956576.1,minor_tail
5318,YP_010056841.1,minor_tail
5319,YP_009961844.1,minor_tail
5320,YP_009961845.1,minor_tail
5321,YP_009981088.1,minor_tail
5322,YP_009963200.1,minor_tail
5323,YP_009963202.1,minor_tail
5324,YP_009963204.1,minor_tail
5325,YP_009615367.1,minor_tail
5326,YP_010063346.1,minor_tail
5327,YP_010063370.1,minor_tail
5328,YP_009964903.1,minor_tail
5329,YP_009964904.1,minor_tail
5330,YP_009964905.1,minor_tail
5331,YP_009964906.1,minor_tail
5332,YP_009955833.1,minor_tail
5333,YP_009955835.1,minor_tail
5334,YP_009955837.1,minor_tail
5335,YP_009963722.1,minor_tail
5336,YP_009978329.1,minor_tail
5337,YP_009978349.1,minor_tail
5338,YP_009961014.1,minor_tail
5339,YP_009961016.1,minor_tail
5340,YP_009961018.1,minor_tail
5341,YP_009961015.1,minor_tail
5342,YP_009795513.1,minor_tail
5343,YP_010052089.1,minor_tail
5344,YP_010052092.1,minor_tail
5345,YP_010060986.1,minor_tail
5346,YP_010060991.1,minor_tail
5347,YP_010051881.1,minor_tail
5348,YP_009623748.1,minor_tail
5349,YP_009623749.1,minor_tail
5350,YP_010056352.1,minor_tail
5351,YP_010061906.1,minor_tail
5352,YP_009960702.1,minor_tail
5353,YP_009960704.1,minor_tail
5354,YP_009960706.1,minor_tail
5355,YP_009976255.1,minor_tail
5356,YP_009957317.1,minor_tail
5357,YP_009957318.1,minor_tail
5358,YP_009957319.1,minor_tail
5359,YP_009980174.1,minor_tail
5360,YP_009977979.1,minor_tail
5361,YP_009961634.1,minor_tail
5362,YP_009954393.1,minor_tail
5363,YP_009954395.1,minor_tail
5364,YP_009954397.1,minor_tail
5365,YP_009980717.1,minor_tail
5366,YP_009976163.1,minor_tail
5367,YP_009977701.1,minor_tail
5368,YP_009978252.1,minor_tail
5369,YP_009979451.1,minor_tail
5370,YP_009960595.1,minor_tail
5371,YP_009960596.1,minor_tail
5372,YP_009960598.1,minor_tail
5373,YP_009977419.1,minor_tail
5374,YP_009624548.1,minor_tail
5375,YP_009819984.1,minor_tail
5376,YP_010060567.1,minor_tail
5377,YP_009978908.1,minor_tail
5378,YP_009959990.1,minor_tail
5379,YP_009959992.1,minor_tail
5380,YP_009954598.1,minor_tail
5381,YP_009954599.1,minor_tail
5382,YP_009954600.1,minor_tail
5383,YP_009978069.1,minor_tail
5384,YP_010060647.1,minor_tail
5385,YP_010060652.1,minor_tail
5386,YP_010063720.1,minor_tail
5387,YP_010063744.1,minor_tail
5388,YP_009960912.1,minor_tail
5389,YP_009960913.1,minor_tail
5390,YP_009955934.1,minor_tail
5391,YP_009955936.1,minor_tail
5392,YP_009955938.1,minor_tail
5393,YP_009959587.1,minor_tail
5394,YP_009959589.1,minor_tail
5395,YP_009837975.1,minor_tail
5396,YP_009977605.1,minor_tail
5397,YP_009965226.1,minor_tail
5398,YP_009965227.1,minor_tail
5399,YP_009954804.1,minor_tail
5400,YP_009959482.1,minor_tail
5401,YP_009958777.1,minor_tail
5402,YP_009958778.1,minor_tail
5403,YP_009979340.1,minor_tail
5404,YP_009979360.1,minor_tail
5405,YP_009979523.1,minor_tail
5406,YP_009979543.1,minor_tail
5407,YP_010096905.1,minor_tail
5408,YP_009806967.1,minor_tail
5409,YP_009806970.1,minor_tail
5410,YP_009806971.1,minor_tail
5411,YP_009955526.1,minor_tail
5412,YP_009955527.1,minor_tail
5413,YP_009978975.1,minor_tail
5414,YP_009978995.1,minor_tail
5415,YP_009960803.1,minor_tail
5416,YP_009960804.1,minor_tail
5417,YP_009962057.1,minor_tail
5418,YP_009962059.1,minor_tail
5419,YP_009962061.1,minor_tail
5420,YP_009979794.1,minor_tail
5421,YP_009979815.1,minor_tail
5422,YP_010096638.1,minor_tail
5423,YP_010096643.1,minor_tail
5424,YP_010096733.1,minor_tail
5425,YP_010096735.1,minor_tail
5426,YP_010096737.1,minor_tail
5427,YP_009957837.1,minor_tail
5428,YP_009957839.1,minor_tail
5429,YP_009957841.1,minor_tail
5430,YP_009976692.1,minor_tail
5431,YP_009980270.1,minor_tail
5432,YP_009980973.1,minor_tail
5433,YP_009980994.1,minor_tail
5434,YP_009839750.1,minor_tail
5435,YP_009957734.1,minor_tail
5436,YP_009957735.1,minor_tail
5437,YP_009958873.1,minor_tail
5438,YP_009958875.1,minor_tail
5439,YP_009959380.1,minor_tail
5440,YP_009959382.1,minor_tail
5441,YP_009979705.1,minor_tail
5442,YP_009979725.1,minor_tail
5443,YP_010052290.1,minor_tail
5444,YP_009976344.1,minor_tail
5445,YP_010051953.1,minor_tail
5446,YP_009977793.1,minor_tail
5447,YP_010098196.1,minor_tail
5448,YP_010098198.1,minor_tail
5449,YP_009956467.1,minor_tail
5450,YP_009956469.1,minor_tail
5451,YP_009957632.1,minor_tail
5452,YP_009957633.1,minor_tail
5453,YP_009957634.1,minor_tail
5454,YP_009958253.1,minor_tail
5455,YP_009958255.1,minor_tail
5456,YP_009960295.1,minor_tail
5457,YP_009960297.1,minor_tail
5458,YP_009961740.1,minor_tail
5459,YP_009961742.1,minor_tail
5460,YP_009962470.1,minor_tail
5461,YP_009962472.1,minor_tail
5462,YP_009957419.1,minor_tail
5463,YP_009957421.1,minor_tail
5464,YP_009957423.1,minor_tail
5465,YP_009958970.1,minor_tail
5466,YP_009958972.1,minor_tail
5467,YP_009958974.1,minor_tail
5468,YP_009955128.1,minor_tail
5469,YP_009950639.1,minor_tail
5470,YP_009950641.1,minor_tail
5471,YP_009950643.1,minor_tail
5472,YP_009979157.1,minor_tail
5473,YP_009979177.1,minor_tail
5474,YP_009960489.1,minor_tail
5475,YP_010051234.1,minor_tail
5476,YP_010051235.1,minor_tail
5477,YP_010051237.1,minor_tail
5478,YP_009954497.1,minor_tail
5479,YP_009959683.1,minor_tail
5480,YP_009959685.1,minor_tail
5481,YP_009959687.1,minor_tail
5482,YP_009959176.1,minor_tail
5483,YP_009957005.1,minor_tail
5484,YP_009957007.1,minor_tail
5485,YP_009957009.1,minor_tail
5486,YP_009963301.1,minor_tail
5487,YP_009963303.1,minor_tail
5488,YP_009963305.1,minor_tail
5489,YP_009980428.1,minor_tail
5490,YP_009980448.1,minor_tail
5491,YP_009977056.1,minor_tail
5492,YP_009977076.1,minor_tail
5493,YP_009977514.1,minor_tail
5494,YP_009963513.1,minor_tail
5495,YP_009963515.1,minor_tail
5496,YP_009963517.1,minor_tail
5497,YP_010064190.1,minor_tail
5498,YP_010100835.1,minor_tail
5499,YP_010100837.1,minor_tail
5500,YP_009961314.1,minor_tail
5501,YP_009961318.1,minor_tail
5502,YP_009961316.1,minor_tail
5503,YP_010100916.1,minor_tail
5504,YP_009976428.1,minor_tail
5505,YP_009981259.1,minor_tail
5506,YP_009981281.1,minor_tail
5507,YP_010101030.1,minor_tail
5508,YP_010101031.1,minor_tail
5509,YP_010101032.1,minor_tail
5510,YP_010101034.1,minor_tail
5511,YP_009980339.1,minor_tail
5512,YP_009980360.1,minor_tail
5513,YP_009961531.1,minor_tail
5514,YP_009955727.1,minor_tail
5515,YP_009955729.1,minor_tail
5516,YP_009955731.1,minor_tail
5517,YP_009977862.1,minor_tail
5518,YP_009977882.1,minor_tail
5519,YP_009964507.1,minor_tail
5520,YP_009964508.1,minor_tail
5521,YP_009964509.1,minor_tail
5522,YP_009961114.1,minor_tail
5523,YP_009961116.1,minor_tail
5524,YP_010060735.1,minor_tail
5525,YP_010060740.1,minor_tail
5526,YP_010101326.1,minor_tail
5527,YP_009962889.1,minor_tail
5528,YP_009962891.1,minor_tail
5529,YP_009962893.1,minor_tail
5530,YP_010101485.1,minor_tail
5531,YP_009820549.1,minor_tail
5532,YP_009956895.1,minor_tail
5533,YP_009956897.1,minor_tail
5534,YP_010052020.1,minor_tail
5535,YP_010052023.1,minor_tail
5536,YP_009980514.1,minor_tail
5537,YP_009980535.1,minor_tail
5538,YP_009980814.1,minor_tail
5539,YP_010060307.1,minor_tail
5540,YP_010063022.1,minor_tail
5541,YP_009981445.1,minor_tail
5542,YP_009981465.1,minor_tail
5543,YP_009822319.1,minor_tail
5544,YP_010101993.1,minor_tail
5545,YP_010101995.1,minor_tail
5546,YP_010101997.1,minor_tail
5547,YP_009964821.1,minor_tail
5548,YP_009964822.1,minor_tail
5549,YP_009964823.1,minor_tail
5550,YP_009964824.1,minor_tail
5551,YP_009964667.1,minor_tail
5552,YP_009964668.1,minor_tail
5553,YP_009964669.1,minor_tail
5554,YP_009961422.1,minor_tail
5555,YP_009961424.1,minor_tail
5556,YP_009961426.1,minor_tail
5557,YP_010102285.1,minor_tail
5558,YP_010102290.1,minor_tail
5559,YP_010102186.1,minor_tail
5560,YP_010102191.1,minor_tail
5561,YP_010102379.1,minor_tail
5562,YP_010102381.1,minor_tail
5563,YP_010102383.1,minor_tail
5564,YP_010102091.1,minor_tail
5565,YP_010102096.1,minor_tail
5566,YP_010103635.1,minor_tail
5567,YP_010103637.1,minor_tail
5568,YP_010103639.1,minor_tail
5569,YP_010052154.1,minor_tail
5570,YP_010052157.1,minor_tail
5571,YP_009848839.1,minor_tail
5572,YP_009848840.1,minor_tail
5573,YP_010103441.1,minor_tail
5574,YP_010103730.1,minor_tail
5575,YP_009976496.1,minor_tail
5576,YP_009976517.1,minor_tail
5577,YP_010060074.1,minor_tail
5578,YP_010102823.1,minor_tail
5579,YP_010103044.1,minor_tail
5580,YP_010103049.1,minor_tail
5581,YP_009976964.1,minor_tail
5582,YP_009976984.1,minor_tail
5583,YP_009959281.1,minor_tail
5584,YP_009959283.1,minor_tail
5585,YP_010102946.1,minor_tail
5586,YP_010102948.1,minor_tail
5587,YP_010059777.1,minor_tail
5588,YP_009956156.1,minor_tail
5589,YP_009956158.1,minor_tail
5590,YP_009956160.1,minor_tail
5591,YP_010103818.1,minor_tail
5592,YP_009965141.1,minor_tail
5593,YP_010060818.1,minor_tail
5594,YP_010060823.1,minor_tail
5595,YP_010103955.1,minor_tail
5596,YP_009976580.1,minor_tail
5597,YP_009976601.1,minor_tail
5598,YP_010013369.1,minor_tail
5599,YP_009965061.1,minor_tail
5600,YP_010013116.1,minor_tail
5601,YP_010013118.1,minor_tail
5602,YP_010013122.1,minor_tail
5603,YP_010104156.1,minor_tail
5604,YP_010104160.1,minor_tail
5605,YP_009954200.1,minor_tail
5606,YP_009954202.1,minor_tail
5607,YP_009954204.1,minor_tail
5608,YP_010056200.1,minor_tail
5609,YP_010104133.1,minor_tail
5610,YP_009958362.1,minor_tail
5611,YP_009958364.1,minor_tail
5612,YP_009958366.1,minor_tail
5613,YP_009960392.1,minor_tail
5614,YP_009960394.1,minor_tail
5615,YP_010104246.1,minor_tail
5616,YP_010104248.1,minor_tail
5617,YP_010104250.1,minor_tail
5618,YP_009978438.1,minor_tail
5619,YP_009957209.1,minor_tail
5620,YP_009957211.1,minor_tail
5621,YP_009957213.1,minor_tail
5622,YP_009958462.1,minor_tail
5623,YP_009958465.1,minor_tail
5624,YP_009978794.1,minor_tail
5625,YP_009978814.1,minor_tail
5626,YP_009959787.1,minor_tail
5627,YP_009959789.1,minor_tail
5628,YP_009959791.1,minor_tail
5629,YP_009959890.1,minor_tail
5630,YP_009959892.1,minor_tail
5631,YP_009959894.1,minor_tail
5632,YP_009962995.1,minor_tail
5633,YP_009962997.1,minor_tail
5634,YP_009962999.1,minor_tail
5635,YP_010059529.1,minor_tail
5636,YP_009964352.1,minor_tail
5637,YP_009964353.1,minor_tail
5638,YP_009954703.1,minor_tail
5639,YP_009954705.1,minor_tail
5640,YP_009954707.1,minor_tail
5641,YP_009955424.1,minor_tail
5642,YP_009955426.1,minor_tail
5643,YP_009956358.1,minor_tail
5644,YP_009956360.1,minor_tail
5645,YP_009956362.1,minor_tail
5646,YP_009956789.1,minor_tail
5647,YP_009956791.1,minor_tail
5648,YP_009956793.1,minor_tail
5649,YP_009978614.1,minor_tail
5650,YP_009978630.1,minor_tail
5651,YP_009978634.1,minor_tail
5652,YP_009978704.1,minor_tail
5653,YP_009978720.1,minor_tail
5654,YP_009978724.1,minor_tail
5655,YP_010105204.1,minor_tail
5656,YP_009980884.1,minor_tail
5657,YP_009980904.1,minor_tail
5658,YP_009981165.1,minor_tail
5659,YP_009981186.1,minor_tail
5660,YP_009962676.1,minor_tail
5661,YP_009962678.1,minor_tail
5662,YP_009981538.1,minor_tail
5663,YP_009981554.1,minor_tail
5664,YP_009981558.1,minor_tail
5665,YP_009976868.1,minor_tail
5666,YP_009976889.1,minor_tail
5667,YP_010060903.1,minor_tail
5668,YP_010105422.1,minor_tail
5669,YP_004934216.1,minor_tail
5670,YP_004934218.1,minor_tail
5671,YP_010064281.1,minor_tail
5672,YP_009964274.1,minor_tail
5673,YP_009964275.1,minor_tail
5674,YP_009964276.1,minor_tail
5675,YP_009976769.1,minor_tail
5676,YP_009976791.1,minor_tail
5677,YP_009957945.1,minor_tail
5678,YP_009957947.1,minor_tail
5679,YP_009957949.1,minor_tail
5680,YP_010001320.1,minor_tail
5681,YP_010001321.1,minor_tail
5682,YP_010001322.1,minor_tail
5683,YP_009856207.1,minor_tail
5684,YP_009959082.1,minor_tail
5685,YP_009954912.1,minor_tail
5686,YP_009954913.1,minor_tail
5687,YP_009954914.1,minor_tail
5688,YP_009954916.1,minor_tail
5689,YP_010001084.1,minor_tail
5690,YP_010001087.1,minor_tail
5691,YP_009964194.1,minor_tail
5692,YP_009964195.1,minor_tail
5693,YP_009964196.1,minor_tail
5694,YP_009963106.1,minor_tail
5695,YP_009963107.1,minor_tail
5696,YP_009963108.1,minor_tail
5697,YP_009963110.1,minor_tail
5698,YP_009956254.1,minor_tail
5699,YP_009956256.1,minor_tail
5700,YP_009956258.1,minor_tail
5701,YP_010107462.1,minor_tail
5702,YP_010107667.1,minor_tail
5703,YP_010107669.1,minor_tail
5704,YP_010107671.1,minor_tail
5705,YP_010060392.1,minor_tail
5706,YP_009979066.1,minor_tail
5707,YP_009979087.1,minor_tail
5708,YP_010055969.1,minor_tail
5709,YP_010056045.1,minor_tail
5710,YP_009964428.1,minor_tail
5711,YP_009964430.1,minor_tail
5712,YP_009964431.1,minor_tail
5713,YP_009964432.1,minor_tail
5714,YP_010063838.1,minor_tail
5715,YP_010052360.1,minor_tail
5716,YP_010052363.1,minor_tail
5717,YP_010051818.1,minor_tail
5718,YP_010052224.1,minor_tail
5719,YP_010052227.1,minor_tail
5720,YP_010109293.1,minor_tail
5721,YP_010109295.1,minor_tail
5722,YP_010109297.1,minor_tail
5723,YP_010109383.1,minor_tail
5724,YP_009963839.1,minor_tail
5725,YP_009963840.1,minor_tail
5726,YP_009963841.1,minor_tail
5727,YP_010061981.1,minor_tail
5728,YP_009978511.1,minor_tail
5729,YP_009978531.1,minor_tail
5730,YP_010110075.1,minor_tail
5731,YP_010013787.1,minor_tail
5732,YP_010013790.1,minor_tail
5733,YP_009979610.1,minor_tail
5734,YP_009979631.1,minor_tail
5735,YP_010013636.1,minor_tail
5736,YP_010013639.1,minor_tail
5737,YP_010014086.1,minor_tail
5738,YP_010014089.1,minor_tail
5739,YP_009978139.1,minor_tail
5740,YP_009978159.1,minor_tail
5741,YP_010109956.1,minor_tail
5742,YP_010109665.1,minor_tail
5743,YP_010109670.1,minor_tail
5744,YP_009979250.1,minor_tail
5745,YP_009979270.1,minor_tail
5746,YP_009957528.1,minor_tail
5747,YP_009958151.1,minor_tail
5748,YP_009958153.1,minor_tail
5749,YP_009958155.1,minor_tail
5750,YP_009960085.1,minor_tail
5751,YP_009960087.1,minor_tail
5752,YP_009960083.1,minor_tail
5753,YP_009960084.1,minor_tail
5754,YP_009960190.1,minor_tail
5755,YP_009960192.1,minor_tail
5756,YP_009960194.1,minor_tail
5757,YP_010056269.1,minor_tail
5758,YP_009961947.1,minor_tail
5759,YP_010012733.1,minor_tail
5760,YP_010012735.1,minor_tail
5761,YP_010012739.1,minor_tail
5762,YP_010050642.1,minor_tail
5763,YP_009981347.1,minor_tail
5764,YP_009981367.1,minor_tail
5765,YP_009962255.1,minor_tail
5766,YP_009962257.1,minor_tail
5767,YP_009962259.1,minor_tail
5768,YP_009955624.1,minor_tail
5769,YP_009955627.1,minor_tail
5770,YP_009957111.1,minor_tail
5771,YP_009957113.1,minor_tail
5772,YP_009957115.1,minor_tail
5773,YP_010113800.1,minor_tail
5774,YP_010113802.1,minor_tail
5775,YP_010114118.1,minor_tail
5776,YP_010114120.1,minor_tail
5777,YP_010114720.1,minor_tail
5778,YP_010114950.1,minor_tail
5779,YP_010114952.1,minor_tail
5780,YP_010114954.1,minor_tail
5781,YP_009997863.1,minor_tail
5782,YP_009842505.1,minor_tail
5783,YP_009148724.1,minor_tail
5784,YP_007236702.1,minor_tail
5785,YP_007236704.1,minor_tail
5786,YP_009794593.1,minor_tail
5787,YP_001994757.1,minor_tail
5788,YP_002014638.1,minor_tail
5789,YP_003347803.1,minor_tail
5790,YP_004123841.1,minor_tail
5791,YP_009100128.1,minor_tail
5792,YP_009100130.1,minor_tail
5793,YP_009100838.1,minor_tail
5794,YP_009100839.1,minor_tail
5795,YP_009100840.1,minor_tail
5796,YP_003856901.1,minor_tail
5797,YP_009018253.1,minor_tail
5798,YP_003358729.1,minor_tail
5799,YP_003856995.1,minor_tail
5800,YP_003856999.1,minor_tail
5801,YP_005086974.1,minor_tail
5802,YP_007005381.1,minor_tail
5803,YP_007005380.1,minor_tail
5804,YP_007005382.1,minor_tail
5805,YP_009013220.1,minor_tail
5806,YP_009013481.1,minor_tail
5807,YP_009013670.1,minor_tail
5808,YP_009016012.1,minor_tail
5809,YP_009016095.1,minor_tail
5810,YP_009016096.1,minor_tail
5811,YP_009016097.1,minor_tail
5812,YP_009016384.1,minor_tail
5813,YP_009016387.1,minor_tail
5814,YP_009016389.1,minor_tail
5815,YP_009016720.1,minor_tail
5816,YP_009016908.1,minor_tail
5817,YP_009018892.1,minor_tail
5818,YP_009018893.1,minor_tail
5819,YP_009018894.1,minor_tail
5820,YP_009150888.1,minor_tail
5821,YP_009150889.1,minor_tail
5822,YP_009150891.1,minor_tail
5823,YP_009150893.1,minor_tail
5824,YP_009958060.1,minor_tail
5825,YP_009958061.1,minor_tail
5826,YP_009958063.1,minor_tail
5827,YP_006990133.1,minor_tail
5828,YP_002941876.1,minor_tail
5829,YP_002941878.1,minor_tail
5830,YP_008126609.1,minor_tail
5831,YP_008126610.1,minor_tail
5832,YP_008126611.1,minor_tail
5833,YP_008126613.1,minor_tail
5834,YP_008126266.1,minor_tail
5835,YP_008126268.1,minor_tail
5836,YP_008126269.1,minor_tail
5837,YP_008051142.1,minor_tail
5838,YP_008051143.1,minor_tail
5839,YP_008051144.1,minor_tail
5840,YP_008410696.1,minor_tail
5841,YP_008410698.1,minor_tail
5842,YP_008410697.1,minor_tail
5843,YP_008410699.1,minor_tail
5844,YP_008409554.1,minor_tail
5845,YP_008409555.1,minor_tail
5846,YP_008410585.1,minor_tail
5847,YP_008410586.1,minor_tail
5848,YP_008410587.1,minor_tail
5849,YP_008409758.1,minor_tail
5850,YP_008408676.1,minor_tail
5851,YP_008530490.1,minor_tail
5852,YP_008410893.1,minor_tail
5853,YP_009004478.1,minor_tail
5854,YP_009007308.1,minor_tail
5855,YP_009007310.1,minor_tail
5856,YP_009007311.1,minor_tail
5857,YP_009009581.1,minor_tail
5858,YP_009009582.1,minor_tail
5859,YP_009032248.1,minor_tail
5860,YP_009032249.1,minor_tail
5861,YP_009009224.1,minor_tail
5862,YP_009009225.1,minor_tail
5863,YP_009032071.1,minor_tail
5864,YP_009032074.1,minor_tail
5865,YP_009032076.1,minor_tail
5866,YP_009032511.1,minor_tail
5867,YP_009032513.1,minor_tail
5868,YP_009032516.1,minor_tail
5869,YP_009044016.1,minor_tail
5870,YP_009044018.1,minor_tail
5871,YP_009044019.1,minor_tail
5872,YP_009124759.1,minor_tail
5873,YP_009124766.1,minor_tail
5874,YP_009125870.1,minor_tail
5875,YP_009125871.1,minor_tail
5876,YP_009125398.1,minor_tail
5877,YP_009125399.1,minor_tail
5878,YP_009125402.1,minor_tail
5879,YP_009198453.1,minor_tail
5880,YP_009198455.1,minor_tail
5881,YP_009198456.1,minor_tail
5882,YP_009198243.1,minor_tail
5883,YP_009198245.1,minor_tail
5884,YP_009195126.1,minor_tail
5885,YP_009195128.1,minor_tail
5886,YP_009125297.1,minor_tail
5887,YP_009125298.1,minor_tail
5888,YP_009125299.1,minor_tail
5889,YP_009209415.1,minor_tail
5890,YP_009200643.1,minor_tail
5891,YP_009200644.1,minor_tail
5892,YP_009200647.1,minor_tail
5893,YP_009202297.1,minor_tail
5894,YP_009202298.1,minor_tail
5895,YP_009202299.1,minor_tail
5896,YP_009202301.1,minor_tail
5897,YP_009225794.1,minor_tail
5898,YP_009124670.1,minor_tail
5899,YP_009124673.1,minor_tail
5900,YP_009203092.1,minor_tail
5901,YP_009204208.1,minor_tail
5902,YP_009204209.1,minor_tail
5903,YP_009204210.1,minor_tail
5904,YP_009204211.1,minor_tail
5905,YP_009209501.1,minor_tail
5906,YP_009209503.1,minor_tail
5907,YP_009209505.1,minor_tail
5908,YP_009198054.1,minor_tail
5909,YP_009198055.1,minor_tail
5910,YP_009198058.1,minor_tail
5911,YP_009288337.1,minor_tail
5912,YP_009288338.1,minor_tail
5913,YP_009288339.1,minor_tail
5914,YP_009288341.1,minor_tail
5915,YP_009292050.1,minor_tail
5916,YP_009292051.2,minor_tail
5917,YP_009292052.1,minor_tail
5918,YP_009277889.1,minor_tail
5919,YP_009277890.1,minor_tail
5920,YP_009277891.1,minor_tail
5921,YP_009277892.1,minor_tail
5922,YP_009160248.1,minor_tail
5923,YP_009160249.1,minor_tail
5924,YP_009160250.2,minor_tail
5925,YP_009160069.1,minor_tail
5926,YP_009160070.1,minor_tail
5927,YP_009160071.1,minor_tail
5928,YP_009160203.1,minor_tail
5929,YP_009160204.1,minor_tail
5930,YP_009160205.1,minor_tail
5931,YP_009159842.1,minor_tail
5932,YP_009159843.1,minor_tail
5933,YP_009159844.1,minor_tail
5934,YP_009159845.1,minor_tail
5935,YP_009160293.1,minor_tail
5936,YP_009160294.1,minor_tail
5937,YP_009160295.1,minor_tail
5938,YP_009160113.1,minor_tail
5939,YP_009160114.1,minor_tail
5940,YP_009160115.1,minor_tail
5941,YP_009160022.1,minor_tail
5942,YP_009160023.1,minor_tail
5943,YP_009160024.1,minor_tail
5944,YP_009160025.1,minor_tail
5945,YP_009160026.1,minor_tail
5946,YP_009160158.1,minor_tail
5947,YP_009160159.2,minor_tail
5948,YP_009160160.1,minor_tail
5949,YP_009159932.1,minor_tail
5950,YP_009159933.2,minor_tail
5951,YP_009159934.2,minor_tail
5952,YP_009159888.1,minor_tail
5953,YP_009159889.1,minor_tail
5954,YP_009159890.2,minor_tail
5955,YP_009208298.1,minor_tail
5956,YP_009212658.1,minor_tail
5957,YP_009212660.1,minor_tail
5958,YP_009197604.1,minor_tail
5959,YP_009197607.1,minor_tail
5960,YP_009197609.1,minor_tail
5961,YP_009199540.1,minor_tail
5962,YP_009202405.1,minor_tail
5963,YP_009197013.1,minor_tail
5964,YP_009205063.1,minor_tail
5965,YP_009205066.1,minor_tail
5966,YP_009205068.1,minor_tail
5967,YP_009205485.1,minor_tail
5968,YP_009205486.1,minor_tail
5969,YP_009205487.1,minor_tail
5970,YP_009205491.1,minor_tail
5971,YP_009189738.1,minor_tail
5972,YP_009189739.1,minor_tail
5973,YP_009300707.1,minor_tail
5974,YP_009300711.1,minor_tail
5975,YP_009303579.1,minor_tail
5976,YP_009303580.1,minor_tail
5977,YP_009303581.1,minor_tail
5978,YP_009303855.1,minor_tail
5979,YP_009303856.1,minor_tail
5980,YP_009304277.1,minor_tail
5981,YP_009301106.1,minor_tail
5982,YP_009276160.1,minor_tail
5983,YP_009276169.1,minor_tail
5984,YP_009273082.1,minor_tail
5985,YP_009273091.1,minor_tail
5986,YP_009274458.1,minor_tail
5987,YP_009274467.1,minor_tail
5988,YP_009268954.1,minor_tail
5989,YP_009269161.1,minor_tail
5990,YP_009269171.1,minor_tail
5991,YP_009269331.1,minor_tail
5992,YP_009275376.1,minor_tail
5993,YP_009275381.1,minor_tail
5994,YP_009275382.1,minor_tail
5995,YP_009273954.1,minor_tail
5996,YP_009273959.1,minor_tail
5997,YP_009273960.1,minor_tail
5998,YP_009292532.1,minor_tail
5999,YP_009292533.1,minor_tail
6000,YP_009292534.1,minor_tail
6001,YP_009292535.1,minor_tail
6002,YP_009292538.1,minor_tail
6003,YP_009290219.1,minor_tail
6004,YP_009290220.1,minor_tail
6005,YP_009290222.1,minor_tail
6006,YP_009286703.1,minor_tail
6007,YP_009281203.1,minor_tail
6008,YP_009292407.1,minor_tail
6009,YP_009292408.1,minor_tail
6010,YP_009281119.1,minor_tail
6011,YP_009281130.1,minor_tail
6012,YP_009277940.1,minor_tail
6013,YP_009277941.1,minor_tail
6014,YP_009277948.1,minor_tail
6015,YP_009281644.1,minor_tail
6016,YP_009277763.1,minor_tail
6017,YP_009277766.1,minor_tail
6018,YP_009277767.1,minor_tail
6019,YP_009013118.1,minor_tail
6020,YP_009013119.1,minor_tail
6021,YP_009011357.1,minor_tail
6022,YP_001994484.1,minor_tail
6023,YP_001994666.1,minor_tail
6024,YP_001994573.1,minor_tail
6025,YP_004538962.1,minor_tail
6026,YP_009013747.1,minor_tail
6027,YP_009017243.1,minor_tail
6028,YP_009017244.1,minor_tail
6029,YP_009017245.1,minor_tail
6030,YP_009269053.1,minor_tail
6031,YP_008052197.1,minor_tail
6032,YP_008052199.1,minor_tail
6033,YP_009954106.1,minor_tail
6034,YP_009949787.1,minor_tail
6035,YP_009853779.1,minor_tail
6036,YP_010050497.1,minor_tail
6037,YP_010104602.1,minor_tail
6038,YP_010063910.1,minor_tail
6039,YP_010013251.1,minor_tail
6040,YP_009961118.1,minor_tail
6041,YP_010103822.1,minor_tail
6042,YP_010110077.1,minor_tail
6043,YP_010092613.1,minor_tail
6044,YP_010092708.1,minor_tail
6045,YP_010093854.1,minor_tail
6046,YP_010098022.1,minor_tail
6047,YP_010098113.1,minor_tail
6048,YP_010098838.1,minor_tail
6049,YP_010098747.1,minor_tail
6050,YP_010101170.1,minor_tail
6051,YP_010103155.1,minor_tail
6052,YP_010104715.1,minor_tail
6053,YP_010104624.1,minor_tail
6054,YP_009909509.1,minor_tail
6055,YP_009964130.1,minor_tail
6056,YP_009965973.1,minor_tail
6057,YP_009950460.1,minor_tail
6058,YP_009954009.1,minor_tail
6059,YP_009951695.1,minor_tail
6060,YP_009951697.1,minor_tail
6061,YP_009951794.1,minor_tail
6062,YP_009951395.1,minor_tail
6063,YP_009951400.1,minor_tail
6064,YP_009951202.1,minor_tail
6065,YP_009951207.1,minor_tail
6066,YP_009951887.1,minor_tail
6067,YP_009951981.1,minor_tail
6068,YP_009953220.1,minor_tail
6069,YP_009952622.1,minor_tail
6070,YP_009953322.1,minor_tail
6071,YP_009953324.1,minor_tail
6072,YP_009952360.1,minor_tail
6073,YP_009952362.1,minor_tail
6074,YP_009963618.1,minor_tail
6075,YP_009952457.1,minor_tail
6076,YP_009955329.1,minor_tail
6077,YP_009952718.1,minor_tail
6078,YP_009952720.1,minor_tail
6079,YP_009949695.1,minor_tail
6080,YP_009953813.1,minor_tail
6081,YP_009953815.1,minor_tail
6082,YP_009953615.1,minor_tail
6083,YP_009950558.1,minor_tail
6084,YP_009954305.1,minor_tail
6085,YP_009951307.1,minor_tail
6086,YP_009949788.1,minor_tail
6087,YP_009950366.1,minor_tail
6088,YP_009950368.1,minor_tail
6089,YP_009951596.1,minor_tail
6090,YP_009953419.1,minor_tail
6091,YP_009952915.1,minor_tail
6092,YP_009785534.1,minor_tail
6093,YP_009790157.1,minor_tail
6094,YP_009834064.1,minor_tail
6095,YP_009834067.1,minor_tail
6096,YP_009836200.1,minor_tail
6097,YP_009622411.1,minor_tail
6098,YP_009622613.1,minor_tail
6099,YP_009623060.1,minor_tail
6100,YP_009623119.1,minor_tail
6101,YP_009623120.1,minor_tail
6102,YP_009623124.1,minor_tail
6103,YP_009623183.1,minor_tail
6104,YP_009623187.1,minor_tail
6105,YP_009837747.1,minor_tail
6106,YP_009624159.1,minor_tail
6107,YP_009624160.1,minor_tail
6108,YP_009624164.1,minor_tail
6109,YP_009624217.1,minor_tail
6110,YP_009624218.1,minor_tail
6111,YP_009624222.1,minor_tail
6112,YP_009801999.1,minor_tail
6113,YP_009802011.1,minor_tail
6114,YP_009801579.1,minor_tail
6115,YP_009801580.1,minor_tail
6116,YP_009801779.1,minor_tail
6117,YP_009801780.1,minor_tail
6118,YP_009908721.1,minor_tail
6119,YP_009908725.1,minor_tail
6120,YP_009802612.1,minor_tail
6121,YP_009802620.1,minor_tail
6122,YP_009802621.1,minor_tail
6123,YP_009803140.1,minor_tail
6124,YP_009838169.1,minor_tail
6125,YP_009838172.1,minor_tail
6126,YP_009839003.1,minor_tail
6127,YP_009839006.1,minor_tail
6128,YP_009839234.1,minor_tail
6129,YP_009839237.1,minor_tail
6130,YP_009807604.1,minor_tail
6131,YP_009807751.1,minor_tail
6132,YP_009808195.1,minor_tail
6133,YP_009808196.1,minor_tail
6134,YP_009808197.1,minor_tail
6135,YP_009812642.1,minor_tail
6136,YP_009812643.1,minor_tail
6137,YP_009812644.1,minor_tail
6138,YP_009808579.1,minor_tail
6139,YP_009840833.1,minor_tail
6140,YP_009881688.1,minor_tail
6141,YP_009881696.1,minor_tail
6142,YP_009841652.1,minor_tail
6143,YP_009815703.1,minor_tail
6144,YP_009815705.1,minor_tail
6145,YP_009815774.1,minor_tail
6146,YP_009815776.1,minor_tail
6147,YP_009815846.1,minor_tail
6148,YP_009815848.1,minor_tail
6149,YP_009814991.1,minor_tail
6150,YP_009815108.1,minor_tail
6151,YP_009815925.1,minor_tail
6152,YP_009815926.1,minor_tail
6153,YP_009842198.1,minor_tail
6154,YP_009817051.1,minor_tail
6155,YP_009842737.1,minor_tail
6156,YP_009818458.1,minor_tail
6157,YP_009818851.1,minor_tail
6158,YP_009843529.1,minor_tail
6159,YP_009843530.1,minor_tail
6160,YP_009819690.1,minor_tail
6161,YP_009819691.1,minor_tail
6162,YP_009845417.1,minor_tail
6163,YP_009847718.1,minor_tail
6164,YP_009908656.1,minor_tail
6165,YP_009908657.1,minor_tail
6166,YP_009908661.1,minor_tail
6167,YP_009908595.1,minor_tail
6168,YP_009908596.1,minor_tail
6169,YP_009908600.1,minor_tail
6170,YP_009884508.1,minor_tail
6171,YP_009852382.1,minor_tail
6172,YP_009852581.1,minor_tail
6173,YP_009852480.1,minor_tail
6174,YP_009852679.1,minor_tail
6175,YP_009884826.1,minor_tail
6176,YP_009884828.1,minor_tail
6177,YP_009853983.1,minor_tail
6178,YP_009909724.1,minor_tail
6179,YP_009885937.1,minor_tail
6180,YP_009885945.1,minor_tail
6181,YP_009887288.1,minor_tail
6182,YP_009887298.1,minor_tail
6183,YP_009857416.1,minor_tail
6184,YP_009859530.1,minor_tail
6185,YP_009859531.1,minor_tail
6186,YP_009996800.1,minor_tail
6187,YP_009996801.1,minor_tail
6188,YP_009996599.1,minor_tail
6189,YP_009996600.1,minor_tail
6190,YP_009996775.1,minor_tail
6191,YP_009996725.1,minor_tail
6192,YP_009996726.1,minor_tail
6193,YP_009996826.1,minor_tail
6194,YP_009996674.1,minor_tail
6195,YP_009996624.1,minor_tail
6196,YP_009996700.1,minor_tail
6197,YP_009996701.1,minor_tail
6198,YP_009996750.1,minor_tail
6199,YP_009996751.1,minor_tail
6200,YP_009996649.1,minor_tail
6201,YP_009997638.1,minor_tail
6202,YP_010002878.1,minor_tail
6203,YP_010002789.1,minor_tail
6204,YP_010002339.1,minor_tail
6205,YP_010002253.1,minor_tail
6206,YP_010001664.1,minor_tail
6207,YP_010001749.1,minor_tail
6208,YP_010001417.1,minor_tail
6209,YP_010013519.1,minor_tail
6210,YP_010050612.1,minor_tail
6211,YP_010050613.1,minor_tail
6212,YP_010051120.1,minor_tail
6213,YP_010051491.1,minor_tail
6214,YP_010051493.1,minor_tail
6215,YP_010051627.1,minor_tail
6216,YP_010051690.1,minor_tail
6217,YP_010058222.1,minor_tail
6218,YP_010058005.1,minor_tail
6219,YP_010057769.1,minor_tail
6220,YP_010059412.1,minor_tail
6221,YP_010059436.1,minor_tail
6222,YP_010060236.1,minor_tail
6223,YP_010060239.1,minor_tail
6224,YP_010082735.1,minor_tail
6225,YP_010092610.1,minor_tail
6226,YP_010092611.1,minor_tail
6227,YP_010092612.1,minor_tail
6228,YP_010092705.1,minor_tail
6229,YP_010092706.1,minor_tail
6230,YP_010093851.1,minor_tail
6231,YP_010093852.1,minor_tail
6232,YP_010097001.1,minor_tail
6233,YP_010097002.1,minor_tail
6234,YP_010097443.1,minor_tail
6235,YP_010097444.1,minor_tail
6236,YP_010097445.1,minor_tail
6237,YP_010098019.1,minor_tail
6238,YP_010098020.1,minor_tail
6239,YP_010098021.1,minor_tail
6240,YP_010098110.1,minor_tail
6241,YP_010098111.1,minor_tail
6242,YP_010098297.1,minor_tail
6243,YP_010098298.1,minor_tail
6244,YP_010098388.1,minor_tail
6245,YP_010098389.1,minor_tail
6246,YP_010098835.1,minor_tail
6247,YP_010098836.1,minor_tail
6248,YP_010098837.1,minor_tail
6249,YP_010098928.1,minor_tail
6250,YP_010098929.1,minor_tail
6251,YP_010098744.1,minor_tail
6252,YP_010098745.1,minor_tail
6253,YP_010099537.1,minor_tail
6254,YP_010099015.1,minor_tail
6255,YP_010101167.1,minor_tail
6256,YP_010101168.1,minor_tail
6257,YP_010101169.1,minor_tail
6258,YP_010101257.1,minor_tail
6259,YP_010101258.1,minor_tail
6260,YP_010101259.1,minor_tail
6261,YP_010103152.1,minor_tail
6262,YP_010103153.1,minor_tail
6263,YP_010104712.1,minor_tail
6264,YP_010104713.1,minor_tail
6265,YP_010104714.1,minor_tail
6266,YP_010104450.1,minor_tail
6267,YP_010104621.1,minor_tail
6268,YP_010104622.1,minor_tail
6269,YP_010104623.1,minor_tail
6270,YP_010104625.1,minor_tail
6271,YP_010106719.1,minor_tail
6272,YP_010106800.1,minor_tail
6273,YP_010109214.1,minor_tail
6274,YP_009624507.1,minor_tail
6275,YP_009953015.1,minor_tail
6276,YP_009953017.1,minor_tail
6277,NP_046907.1,minor_tail
6278,YP_006906649.1,minor_tail
6279,YP_006906961.1,minor_tail
6280,YP_006906791.1,minor_tail
6281,YP_010060473.1,minor_tail
6282,YP_010063198.1,minor_tail
6283,YP_010062417.1,minor_tail
6284,YP_010062418.1,minor_tail
6285,YP_009963416.1,minor_tail
6286,YP_010062567.1,minor_tail
6287,YP_009788113.1,minor_tail
6288,YP_009788168.1,minor_tail
6289,YP_009788222.1,minor_tail
6290,YP_009977341.1,minor_tail
6291,YP_010013939.1,minor_tail
6292,YP_009962375.1,minor_tail
6293,YP_009962166.1,minor_tail
6294,YP_009951499.1,minor_tail
6295,YP_010059963.1,minor_tail
6296,YP_010059964.1,minor_tail
6297,YP_010059989.1,minor_tail
6298,YP_010012990.1,minor_tail
6299,YP_010062325.1,minor_tail
6300,YP_010062153.1,minor_tail
6301,YP_009818107.1,minor_tail
6302,YP_009792199.1,minor_tail
6303,YP_009792200.1,minor_tail
6304,YP_009956581.1,minor_tail
6305,YP_009963206.1,minor_tail
6306,YP_010055311.1,minor_tail
6307,YP_010055634.1,minor_tail
6308,YP_010055232.1,minor_tail
6309,YP_010055390.1,minor_tail
6310,YP_010063284.1,minor_tail
6311,YP_009955839.1,minor_tail
6312,YP_009978330.1,minor_tail
6313,YP_009978354.1,minor_tail
6314,YP_009961020.1,minor_tail
6315,YP_009795497.1,minor_tail
6316,YP_009795512.1,minor_tail
6317,YP_010060968.1,minor_tail
6318,YP_010061333.1,minor_tail
6319,YP_010061355.1,minor_tail
6320,YP_010056354.1,minor_tail
6321,YP_010056357.1,minor_tail
6322,YP_010055152.1,minor_tail
6323,YP_009796852.1,minor_tail
6324,YP_010061882.1,minor_tail
6325,YP_009960708.1,minor_tail
6326,YP_009964049.1,minor_tail
6327,YP_009964051.1,minor_tail
6328,YP_009964053.1,minor_tail
6329,YP_009964055.1,minor_tail
6330,YP_009998420.1,minor_tail
6331,YP_009957323.1,minor_tail
6332,YP_009954399.1,minor_tail
6333,YP_009980722.1,minor_tail
6334,YP_009976168.1,minor_tail
6335,YP_009977706.1,minor_tail
6336,YP_009978257.1,minor_tail
6337,YP_010060540.1,minor_tail
6338,YP_010060541.1,minor_tail
6339,YP_010060565.1,minor_tail
6340,YP_009978913.1,minor_tail
6341,YP_009959593.1,minor_tail
6342,YP_009965236.1,minor_tail
6343,YP_010095422.1,minor_tail
6344,YP_009801507.1,minor_tail
6345,YP_010054668.1,minor_tail
6346,YP_009802806.1,minor_tail
6347,YP_009802808.1,minor_tail
6348,YP_009802901.1,minor_tail
6349,YP_009802903.1,minor_tail
6350,YP_010061818.1,minor_tail
6351,YP_009806866.1,minor_tail
6352,YP_009979000.1,minor_tail
6353,YP_009962063.1,minor_tail
6354,YP_009979820.1,minor_tail
6355,YP_010096738.1,minor_tail
6356,YP_009807413.1,minor_tail
6357,YP_009909776.1,minor_tail
6358,YP_009957843.1,minor_tail
6359,YP_009957845.1,minor_tail
6360,YP_009980999.1,minor_tail
6361,YP_009979730.1,minor_tail
6362,YP_009812788.1,minor_tail
6363,YP_009808801.1,minor_tail
6364,YP_009808724.1,minor_tail
6365,YP_010001831.1,minor_tail
6366,YP_009808361.1,minor_tail
6367,YP_009808375.1,minor_tail
6368,YP_009808257.1,minor_tail
6369,YP_009808271.1,minor_tail
6370,YP_009958976.1,minor_tail
6371,YP_009979182.1,minor_tail
6372,YP_009979187.1,minor_tail
6373,YP_009814133.1,minor_tail
6374,YP_009814147.1,minor_tail
6375,YP_009812932.1,minor_tail
6376,YP_009824482.1,minor_tail
6377,YP_009824691.1,minor_tail
6378,YP_009815360.1,minor_tail
6379,YP_009815363.1,minor_tail
6380,YP_009815501.1,minor_tail
6381,YP_009815638.1,minor_tail
6382,YP_010002004.1,minor_tail
6383,YP_010001917.1,minor_tail
6384,YP_010001582.1,minor_tail
6385,YP_009963519.1,minor_tail
6386,YP_009814903.1,minor_tail
6387,YP_009789948.1,minor_tail
6388,YP_009824225.1,minor_tail
6389,YP_009965948.1,minor_tail
6390,YP_009818577.1,minor_tail
6391,YP_009818578.1,minor_tail
6392,YP_009818581.1,minor_tail
6393,YP_009818634.1,minor_tail
6394,YP_010060137.1,minor_tail
6395,YP_010060161.1,minor_tail
6396,YP_009961320.1,minor_tail
6397,YP_009819791.1,minor_tail
6398,YP_010100915.1,minor_tail
6399,YP_009976433.1,minor_tail
6400,YP_009981286.1,minor_tail
6401,YP_009980365.1,minor_tail
6402,YP_009843622.1,minor_tail
6403,YP_009843623.1,minor_tail
6404,YP_009819064.1,minor_tail
6405,YP_010054997.1,minor_tail
6406,YP_010101685.1,minor_tail
6407,YP_010063108.1,minor_tail
6408,YP_010061731.1,minor_tail
6409,YP_010101325.1,minor_tail
6410,YP_009820272.1,minor_tail
6411,YP_009820274.1,minor_tail
6412,YP_009956901.1,minor_tail
6413,YP_010052024.1,minor_tail
6414,YP_010061533.1,minor_tail
6415,YP_009980540.1,minor_tail
6416,YP_010060280.1,minor_tail
6417,YP_010055472.1,minor_tail
6418,YP_010055474.1,minor_tail
6419,YP_009821475.1,minor_tail
6420,YP_009821478.1,minor_tail
6421,YP_009821480.1,minor_tail
6422,YP_010001249.1,minor_tail
6423,YP_010063020.1,minor_tail
6424,YP_010063021.1,minor_tail
6425,YP_009981470.1,minor_tail
6426,YP_009822314.1,minor_tail
6427,YP_009822318.1,minor_tail
6428,YP_010064870.1,minor_tail
6429,YP_009849467.1,minor_tail
6430,YP_009849468.1,minor_tail
6431,YP_010103640.1,minor_tail
6432,YP_010064798.1,minor_tail
6433,YP_009976522.1,minor_tail
6434,YP_010060047.1,minor_tail
6435,YP_009848231.1,minor_tail
6436,YP_009848407.1,minor_tail
6437,YP_009848416.1,minor_tail
6438,YP_010102950.1,minor_tail
6439,YP_010080435.1,minor_tail
6440,YP_010060800.1,minor_tail
6441,YP_009904943.1,minor_tail
6442,YP_009884422.1,minor_tail
6443,YP_010013370.1,minor_tail
6444,YP_010050720.1,minor_tail
6445,YP_010050723.1,minor_tail
6446,YP_009852135.1,minor_tail
6447,YP_009852136.1,minor_tail
6448,YP_010056204.1,minor_tail
6449,YP_010056205.1,minor_tail
6450,YP_010104341.1,minor_tail
6451,YP_009852781.1,minor_tail
6452,YP_009852782.1,minor_tail
6453,YP_009852859.1,minor_tail
6454,YP_009885098.1,minor_tail
6455,YP_009885099.1,minor_tail
6456,YP_009853592.1,minor_tail
6457,YP_009853896.1,minor_tail
6458,YP_009853897.1,minor_tail
6459,YP_010059502.1,minor_tail
6460,YP_010059506.1,minor_tail
6461,YP_010059510.1,minor_tail
6462,YP_010059522.1,minor_tail
6463,YP_009853692.1,minor_tail
6464,YP_009853693.1,minor_tail
6465,YP_010061047.1,minor_tail
6466,YP_010061069.1,minor_tail
6467,YP_009976895.1,minor_tail
6468,YP_010060885.1,minor_tail
6469,YP_010105421.1,minor_tail
6470,YP_009902129.1,minor_tail
6471,YP_009901927.1,minor_tail
6472,YP_009901329.1,minor_tail
6473,YP_009901956.1,minor_tail
6474,YP_009904871.1,minor_tail
6475,YP_009901835.1,minor_tail
6476,YP_009902060.1,minor_tail
6477,YP_009901697.1,minor_tail
6478,YP_009901701.1,minor_tail
6479,YP_010064918.1,minor_tail
6480,YP_009901233.1,minor_tail
6481,YP_009901042.1,minor_tail
6482,YP_009901209.1,minor_tail
6483,YP_009901064.1,minor_tail
6484,YP_009901753.1,minor_tail
6485,YP_009901486.1,minor_tail
6486,YP_009901490.1,minor_tail
6487,YP_010106638.1,minor_tail
6488,YP_010106878.1,minor_tail
6489,YP_009956260.1,minor_tail
6490,YP_009859441.1,minor_tail
6491,YP_009859442.1,minor_tail
6492,YP_010055556.1,minor_tail
6493,YP_010107672.1,minor_tail
6494,YP_010055973.1,minor_tail
6495,YP_010055974.1,minor_tail
6496,YP_010056050.1,minor_tail
6497,YP_009909575.1,minor_tail
6498,YP_009909909.1,minor_tail
6499,YP_009909649.1,minor_tail
6500,YP_009910049.1,minor_tail
6501,YP_010013789.1,minor_tail
6502,YP_010013638.1,minor_tail
6503,YP_010014091.1,minor_tail
6504,YP_010054830.1,minor_tail
6505,YP_010012736.1,minor_tail
6506,YP_010050645.1,minor_tail
6507,YP_009981372.1,minor_tail
6508,YP_010114719.1,minor_tail
6509,YP_009997544.1,minor_tail
6510,YP_010115800.1,minor_tail
6511,YP_009842504.1,minor_tail
6512,YP_009841690.1,minor_tail
6513,YP_010245883.1,minor_tail
6514,YP_010245885.1,minor_tail
6515,YP_010246272.1,minor_tail
6516,YP_010246279.1,minor_tail
6517,YP_010246012.1,minor_tail
6518,YP_010246014.1,minor_tail
6519,YP_010246686.1,minor_tail
6520,YP_010246692.1,minor_tail
6521,YP_010246137.1,minor_tail
6522,YP_010246142.1,minor_tail
6523,YP_010246144.1,minor_tail
6524,YP_010246415.1,minor_tail
6525,YP_010246545.1,minor_tail
6526,YP_010246551.1,minor_tail
6527,YP_010278040.1,minor_tail
6528,YP_010278154.1,minor_tail
6529,YP_006907190.1,minor_tail
6530,YP_006990136.1,minor_tail
6531,YP_009208300.1,minor_tail
6532,YP_009208303.1,minor_tail
6533,YP_010077854.1,portal
6534,YP_009324397.1,portal
6535,YP_009785760.1,portal
6536,YP_009795962.1,portal
6537,YP_010053291.1,portal
6538,YP_010053216.1,portal
6539,YP_010053927.1,portal
6540,YP_009809736.1,portal
6541,YP_009812627.1,portal
6542,YP_009808587.1,portal
6543,YP_009844275.1,portal
6544,YP_009843933.1,portal
6545,YP_009844052.1,portal
6546,YP_009844357.1,portal
6547,YP_009850713.1,portal
6548,YP_009851062.1,portal
6549,YP_009855686.1,portal
6550,YP_009859572.1,portal
6551,YP_010002574.1,portal
6552,YP_010107334.1,portal
6553,YP_010114684.1,portal
6554,YP_009810290.1,portal
6555,YP_008126541.1,portal
6556,YP_009624493.1,portal
6557,YP_009798354.1,portal
6558,YP_009841028.1,portal
6559,YP_001285880.1,portal
6560,NP_050149.1,portal
6561,NP_958533.1,portal
6562,NP_612832.1,portal
6563,YP_529555.1,portal
6564,YP_239800.1,portal
6565,YP_004306104.1,portal
6566,YP_007173603.1,portal
6567,YP_008772045.1,portal
6568,YP_009948776.1,portal
6569,YP_009216853.1,portal
6570,YP_009829966.1,portal
6571,YP_009786968.1,portal
6572,YP_009789799.1,portal
6573,YP_009797596.1,portal
6574,YP_009798045.1,portal
6575,YP_010092470.1,portal
6576,YP_009837959.1,portal
6577,YP_009812773.1,portal
6578,YP_009814224.1,portal
6579,YP_009814395.1,portal
6580,YP_009823299.1,portal
6581,YP_009882529.1,portal
6582,YP_009848822.1,portal
6583,YP_009854226.1,portal
6584,YP_009877470.1,portal
6585,YP_009877548.1,portal
6586,YP_009877507.1,portal
6587,YP_009877590.1,portal
6588,YP_009856189.1,portal
6589,YP_010245869.1,portal
6590,YP_010245998.1,portal
6591,YP_010246128.1,portal
6592,YP_009819659.1,portal
6593,YP_004306410.1,portal
6594,YP_009963604.1,portal
6595,YP_009887269.1,portal
6596,NP_996701.1,portal
6597,YP_004301536.1,portal
6598,YP_004306880.1,portal
6599,YP_009276832.1,portal
6600,YP_009785096.1,portal
6601,YP_009283225.1,portal
6602,YP_009279708.1,portal
6603,YP_010080495.1,portal
6604,YP_010080566.1,portal
6605,YP_010080715.1,portal
6606,YP_010080789.1,portal
6607,YP_009879862.1,portal
6608,YP_010080530.1,portal
6609,YP_010091033.1,portal
6610,YP_009949211.1,portal
6611,YP_010109773.1,portal
6612,NP_695055.1,portal
6613,YP_009964113.1,portal
6614,YP_009966482.1,portal
6615,YP_009951380.1,portal
6616,YP_009953892.1,portal
6617,YP_009951187.1,portal
6618,YP_009611863.1,portal
6619,YP_009955310.1,portal
6620,YP_009949358.1,portal
6621,YP_009950062.1,portal
6622,YP_009949674.1,portal
6623,YP_009954087.1,portal
6624,YP_009953503.1,portal
6625,YP_009951287.1,portal
6626,YP_009949955.1,portal
6627,NP_835625.1,portal
6628,NP_943786.1,portal
6629,NP_944108.1,portal
6630,YP_656382.1,portal
6631,YP_004935747.1,portal
6632,YP_238883.1,portal
6633,YP_008766993.1,portal
6634,YP_001429612.1,portal
6635,YP_002790785.1,portal
6636,YP_009191002.1,portal
6637,YP_009168188.1,portal
6638,YP_007003990.1,portal
6639,YP_004957552.1,portal
6640,YP_003580054.1,portal
6641,YP_009168341.1,portal
6642,YP_007674920.1,portal
6643,YP_007675681.1,portal
6644,YP_003969129.1,portal
6645,YP_003969303.1,portal
6646,YP_004678773.1,portal
6647,YP_008061113.1,portal
6648,YP_009614152.1,portal
6649,YP_009211806.1,portal
6650,YP_009614231.1,portal
6651,YP_009198682.1,portal
6652,YP_007005019.1,portal
6653,YP_007005331.1,portal
6654,YP_008992066.1,portal
6655,YP_009014270.1,portal
6656,YP_009016797.1,portal
6657,YP_009208556.1,portal
6658,YP_009018321.1,portal
6659,YP_004935838.1,portal
6660,YP_004957640.1,portal
6661,YP_005087128.1,portal
6662,YP_006382527.1,portal
6663,YP_007348848.1,portal
6664,YP_006383612.1,portal
6665,YP_006560759.1,portal
6666,YP_006987653.1,portal
6667,YP_006986484.1,portal
6668,YP_006299872.1,portal
6669,YP_006383458.1,portal
6670,YP_007006568.1,portal
6671,YP_006560346.1,portal
6672,YP_006560405.1,portal
6673,YP_009196256.1,portal
6674,YP_009210620.1,portal
6675,YP_009205603.1,portal
6676,YP_007010833.1,portal
6677,YP_007010339.1,portal
6678,YP_009217566.1,portal
6679,YP_006908141.1,portal
6680,YP_009044884.1,portal
6681,YP_009044220.1,portal
6682,YP_009044925.1,portal
6683,YP_008126825.1,portal
6684,YP_009874364.1,portal
6685,YP_007517949.1,portal
6686,YP_009189246.1,portal
6687,YP_009215866.1,portal
6688,YP_009216086.1,portal
6689,YP_007869931.1,portal
6690,YP_008060733.1,portal
6691,YP_009601849.1,portal
6692,YP_008052085.1,portal
6693,YP_008060888.1,portal
6694,YP_008241814.1,portal
6695,YP_008241981.1,portal
6696,YP_008409201.1,portal
6697,YP_008530595.1,portal
6698,YP_008530888.1,portal
6699,YP_008531238.1,portal
6700,YP_008408793.1,portal
6701,YP_009099060.1,portal
6702,YP_009021816.1,portal
6703,YP_009007656.1,portal
6704,YP_009005655.1,portal
6705,YP_009639193.1,portal
6706,YP_009639121.1,portal
6707,YP_009190064.1,portal
6708,YP_009187518.1,portal
6709,YP_009009660.1,portal
6710,YP_009100417.1,portal
6711,YP_009104106.1,portal
6712,YP_009103293.1,portal
6713,YP_009009721.1,portal
6714,YP_009031544.1,portal
6715,YP_009044342.1,portal
6716,YP_009043283.1,portal
6717,YP_009031131.1,portal
6718,YP_009191102.1,portal
6719,YP_009097818.1,portal
6720,YP_009149971.1,portal
6721,YP_009151142.1,portal
6722,YP_009151616.1,portal
6723,YP_009321735.1,portal
6724,YP_009099716.1,portal
6725,YP_009148441.1,portal
6726,YP_009147623.1,portal
6727,YP_009126036.1,portal
6728,YP_009198601.1,portal
6729,YP_009215314.1,portal
6730,YP_009200125.1,portal
6731,YP_009222589.1,portal
6732,YP_009219165.1,portal
6733,YP_009193465.1,portal
6734,YP_009225673.1,portal
6735,YP_009604247.1,portal
6736,YP_009226058.1,portal
6737,YP_009191201.1,portal
6738,YP_009218791.1,portal
6739,YP_009616346.1,portal
6740,YP_009194460.1,portal
6741,YP_009607409.1,portal
6742,YP_009607131.1,portal
6743,YP_009191299.1,portal
6744,YP_009195030.1,portal
6745,YP_009189662.1,portal
6746,YP_009200917.1,portal
6747,YP_009602438.1,portal
6748,YP_009603099.1,portal
6749,YP_009602500.1,portal
6750,YP_009602562.1,portal
6751,YP_009602623.1,portal
6752,YP_009602686.1,portal
6753,YP_009602749.1,portal
6754,YP_009603006.1,portal
6755,YP_009602805.1,portal
6756,YP_009602869.1,portal
6757,YP_009602933.1,portal
6758,YP_009616578.1,portal
6759,YP_009302415.1,portal
6760,YP_009301271.1,portal
6761,YP_009303298.1,portal
6762,YP_009302764.1,portal
6763,YP_009301445.1,portal
6764,YP_009300962.1,portal
6765,YP_009291343.1,portal
6766,YP_009301935.1,portal
6767,YP_009595851.1,portal
6768,YP_009276464.1,portal
6769,YP_009275077.1,portal
6770,YP_009273399.1,portal
6771,YP_009285749.1,portal
6772,YP_009831513.1,portal
6773,YP_009626448.1,portal
6774,YP_009831230.1,portal
6775,YP_009287482.1,portal
6776,YP_009596379.1,portal
6777,YP_009597509.1,portal
6778,YP_009876253.1,portal
6779,YP_009832318.1,portal
6780,YP_009832419.1,portal
6781,YP_009599746.1,portal
6782,YP_009834049.1,portal
6783,YP_009610018.1,portal
6784,YP_009834681.1,portal
6785,YP_009612999.1,portal
6786,YP_009834915.1,portal
6787,YP_009615763.1,portal
6788,YP_009619896.1,portal
6789,YP_009795591.1,portal
6790,YP_009620440.1,portal
6791,YP_009622065.1,portal
6792,YP_009837348.1,portal
6793,YP_009797854.1,portal
6794,YP_009824778.1,portal
6795,YP_009622397.1,portal
6796,YP_009836979.1,portal
6797,YP_009622964.1,portal
6798,YP_009837734.1,portal
6799,YP_009837846.1,portal
6800,YP_009803060.1,portal
6801,YP_009838154.1,portal
6802,YP_009840468.1,portal
6803,YP_009807127.1,portal
6804,YP_009881677.1,portal
6805,YP_009126426.1,portal
6806,YP_009843005.1,portal
6807,YP_009819259.1,portal
6808,YP_009845853.1,portal
6809,YP_009845939.1,portal
6810,YP_009846027.1,portal
6811,YP_009848292.1,portal
6812,YP_009884489.1,portal
6813,YP_009853255.1,portal
6814,YP_009853754.1,portal
6815,YP_009909712.1,portal
6816,YP_009885926.1,portal
6817,YP_009833450.1,portal
6818,YP_009856298.1,portal
6819,YP_009857434.1,portal
6820,YP_009198866.1,portal
6821,YP_009189965.1,portal
6822,YP_009998007.1,portal
6823,YP_009997358.1,portal
6824,YP_009997196.1,portal
6825,YP_009997276.1,portal
6826,YP_009997441.1,portal
6827,YP_010000198.1,portal
6828,YP_009997468.1,portal
6829,YP_010000252.1,portal
6830,YP_009998562.1,portal
6831,YP_009997924.1,portal
6832,YP_010002488.1,portal
6833,YP_010002852.1,portal
6834,YP_010002763.1,portal
6835,YP_010002313.1,portal
6836,YP_010002232.1,portal
6837,YP_010002401.1,portal
6838,YP_010001638.1,portal
6839,YP_010001721.1,portal
6840,YP_010012380.1,portal
6841,YP_009303159.1,portal
6842,YP_010049611.1,portal
6843,YP_010050797.1,portal
6844,YP_010051099.1,portal
6845,YP_010051027.1,portal
6846,YP_010051610.1,portal
6847,YP_010051673.1,portal
6848,YP_010059037.1,portal
6849,YP_010058876.1,portal
6850,YP_010059401.1,portal
6851,YP_010060221.1,portal
6852,YP_010082625.1,portal
6853,YP_010089129.1,portal
6854,YP_010089981.1,portal
6855,YP_010082529.1,portal
6856,YP_010082724.1,portal
6857,YP_010078918.1,portal
6858,YP_010092595.1,portal
6859,YP_010092690.1,portal
6860,YP_010092967.1,portal
6861,YP_010095691.1,portal
6862,YP_010095736.1,portal
6863,YP_010096986.1,portal
6864,YP_010096804.1,portal
6865,YP_010096521.1,portal
6866,YP_010097428.1,portal
6867,YP_010097525.1,portal
6868,YP_010098095.1,portal
6869,YP_010098282.1,portal
6870,YP_010098373.1,portal
6871,YP_010098820.1,portal
6872,YP_010098913.1,portal
6873,YP_010098729.1,portal
6874,YP_010099089.1,portal
6875,YP_010099172.1,portal
6876,YP_010099253.1,portal
6877,YP_010099342.1,portal
6878,YP_010099511.1,portal
6879,YP_010099589.1,portal
6880,YP_010101152.1,portal
6881,YP_010103303.1,portal
6882,YP_010104423.1,portal
6883,YP_010104509.1,portal
6884,YP_010105097.1,portal
6885,YP_010107129.1,portal
6886,YP_010078243.1,portal
6887,YP_010078667.1,portal
6888,YP_009884112.1,portal
6889,NP_899604.1,portal
6890,YP_008125180.1,portal
6891,YP_164747.1,portal
6892,YP_005087228.1,portal
6893,YP_008772086.1,portal
6894,YP_009003174.1,portal
6895,YP_009004778.1,portal
6896,YP_009042653.1,portal
6897,YP_009125182.1,portal
6898,YP_009208715.1,portal
6899,YP_009203185.1,portal
6900,YP_009594237.1,portal
6901,YP_009950157.1,portal
6902,YP_010002147.1,portal
6903,YP_009980613.1,portal
6904,YP_009882237.1,portal
6905,YP_009956032.1,portal
6906,YP_010078613.1,portal
6907,YP_010078350.1,portal
6908,YP_007947929.1,portal
6909,NP_037664.1,portal
6910,YP_009191706.1,portal
6911,NP_112695.1,portal
6912,NP_037699.1,portal
6913,NP_046899.1,portal
6914,YP_009018694.1,portal
6915,YP_001285356.1,portal
6916,YP_238542.1,portal
6917,NP_599035.1,portal
6918,YP_006907304.1,portal
6919,YP_004306926.1,portal
6920,YP_239722.1,portal
6921,NP_536647.1,portal
6922,YP_007392277.1,portal
6923,NP_663672.1,portal
6924,YP_001642372.2,portal
6925,NP_076614.1,portal
6926,YP_009981812.1,portal
6927,NP_892048.1,portal
6928,NP_720327.1,portal
6929,NP_071819.1,portal
6930,NP_817681.1,portal
6931,NP_817977.1,portal
6932,NP_818314.1,portal
6933,NP_758916.1,portal
6934,YP_008318325.1,portal
6935,YP_006406.1,portal
6936,YP_009041312.1,portal
6937,NP_858954.1,portal
6938,NP_944280.1,portal
6939,YP_009900654.1,portal
6940,YP_006584.1,portal
6941,YP_214363.1,portal
6942,YP_240900.1,portal
6943,YP_164413.1,portal
6944,YP_238488.1,portal
6945,YP_009224503.1,portal
6946,YP_239567.1,portal
6947,YP_239644.1,portal
6948,YP_239857.1,portal
6949,YP_240003.1,portal
6950,YP_240229.1,portal
6951,YP_240454.1,portal
6952,YP_240531.1,portal
6953,YP_240606.1,portal
6954,YP_240672.1,portal
6955,YP_240744.1,portal
6956,YP_240817.1,portal
6957,YP_002455889.1,portal
6958,YP_001468642.1,portal
6959,YP_293752.1,portal
6960,YP_003090179.1,portal
6961,YP_002308530.1,portal
6962,YP_654729.1,portal
6963,YP_001293348.1,portal
6964,YP_002533462.1,portal
6965,YP_529871.1,portal
6966,YP_516189.1,portal
6967,YP_001285579.1,portal
6968,YP_699943.1,portal
6969,YP_002268006.1,portal
6970,YP_001111036.1,portal
6971,YP_007151673.1,portal
6972,YP_007151738.1,portal
6973,YP_007151610.1,portal
6974,YP_009167768.1,portal
6975,YP_001469236.1,portal
6976,YP_004322270.1,portal
6977,YP_004322786.1,portal
6978,YP_004323487.1,portal
6979,YP_004322541.1,portal
6980,YP_001686872.1,portal
6981,YP_001285677.1,portal
6982,YP_009617234.1,portal
6983,YP_001650886.1,portal
6984,YP_004414754.1,portal
6985,YP_004414708.1,portal
6986,YP_009781939.1,portal
6987,YP_001974360.1,portal
6988,YP_002241987.1,portal
6989,YP_002333564.1,portal
6990,YP_002332402.1,portal
6991,YP_002455792.1,portal
6992,YP_003090220.1,portal
6993,YP_009167711.1,portal
6994,YP_002925167.1,portal
6995,YP_002925099.1,portal
6996,YP_009613633.1,portal
6997,YP_003344922.1,portal
6998,YP_003347606.1,portal
6999,YP_004010030.1,portal
7000,YP_004123809.1,portal
7001,YP_007673103.1,portal
7002,YP_008129933.1,portal
7003,YP_009103528.1,portal
7004,YP_007002212.1,portal
7005,YP_009279805.1,portal
7006,YP_007673752.1,portal
7007,YP_004934110.1,portal
7008,YP_004306454.1,portal
7009,YP_007003508.1,portal
7010,YP_007003395.1,portal
7011,YP_010079784.1,portal
7012,YP_007238038.1,portal
7013,YP_007003204.1,portal
7014,YP_007238133.1,portal
7015,YP_009590777.1,portal
7016,YP_008873592.1,portal
7017,YP_009780070.1,portal
7018,YP_004508381.1,portal
7019,YP_009637542.1,portal
7020,YP_009637637.1,portal
7021,YP_009591170.1,portal
7022,YP_009636416.1,portal
7023,YP_009636625.1,portal
7024,YP_009636739.1,portal
7025,YP_009637450.1,portal
7026,YP_009636833.1,portal
7027,YP_009636922.1,portal
7028,YP_009637262.1,portal
7029,YP_009607940.1,portal
7030,YP_009607742.1,portal
7031,YP_009635771.1,portal
7032,YP_009635850.1,portal
7033,YP_009614529.1,portal
7034,YP_009613908.1,portal
7035,YP_009208419.1,portal
7036,YP_009591310.1,portal
7037,YP_009608185.1,portal
7038,YP_009608078.1,portal
7039,YP_008854217.1,portal
7040,YP_008854041.1,portal
7041,YP_009637913.1,portal
7042,YP_007004276.1,portal
7043,YP_009017000.1,portal
7044,YP_009011771.1,portal
7045,YP_009017590.1,portal
7046,YP_009638097.1,portal
7047,YP_009014180.1,portal
7048,YP_009604786.1,portal
7049,YP_009017068.1,portal
7050,YP_009014002.1,portal
7051,YP_009012699.1,portal
7052,YP_009013021.1,portal
7053,YP_009013557.1,portal
7054,YP_007004322.1,portal
7055,YP_009638364.1,portal
7056,YP_009638275.1,portal
7057,YP_005087047.1,portal
7058,YP_009101192.1,portal
7059,YP_006560693.1,portal
7060,YP_009829816.1,portal
7061,YP_006383889.1,portal
7062,YP_006987350.1,portal
7063,YP_007236658.1,portal
7064,YP_007236599.1,portal
7065,YP_007007244.1,portal
7066,YP_009607823.1,portal
7067,YP_007111706.1,portal
7068,YP_007112137.1,portal
7069,YP_007111956.1,portal
7070,YP_007112542.1,portal
7071,YP_007112279.1,portal
7072,YP_007111778.1,portal
7073,YP_007111377.1,portal
7074,YP_007111640.1,portal
7075,YP_007111439.1,portal
7076,YP_007112016.1,portal
7077,YP_007112420.1,portal
7078,YP_007007012.1,portal
7079,YP_009607653.1,portal
7080,YP_006560553.1,portal
7081,YP_009008361.1,portal
7082,YP_009016279.1,portal
7083,YP_006382288.1,portal
7084,YP_008059004.1,portal
7085,YP_009638468.1,portal
7086,YP_009780565.1,portal
7087,YP_009780795.1,portal
7088,YP_009781242.1,portal
7089,YP_009781476.1,portal
7090,YP_009781706.1,portal
7091,YP_009781009.1,portal
7092,YP_008320237.1,portal
7093,YP_007677872.1,portal
7094,YP_009275779.1,portal
7095,YP_006906186.1,portal
7096,YP_006990481.1,portal
7097,YP_007236004.1,portal
7098,YP_009591465.1,portal
7099,YP_009591852.1,portal
7100,YP_010079746.1,portal
7101,YP_009591978.1,portal
7102,YP_008320177.1,portal
7103,YP_007112480.1,portal
7104,YP_006906029.1,portal
7105,YP_006906449.1,portal
7106,YP_006906543.1,portal
7107,YP_006906775.1,portal
7108,YP_006907000.1,portal
7109,YP_006907132.1,portal
7110,YP_006906404.1,portal
7111,YP_006906496.1,portal
7112,YP_006906590.1,portal
7113,YP_006906899.1,portal
7114,YP_006907086.1,portal
7115,YP_008531638.1,portal
7116,YP_008531774.1,portal
7117,YP_008531728.1,portal
7118,YP_008531593.1,portal
7119,YP_008531683.1,portal
7120,YP_008531909.1,portal
7121,YP_008531547.1,portal
7122,YP_008531865.1,portal
7123,YP_008531819.1,portal
7124,YP_007236399.1,portal
7125,YP_006990343.1,portal
7126,YP_007112779.1,portal
7127,YP_009098228.1,portal
7128,YP_009044774.1,portal
7129,YP_008126101.1,portal
7130,YP_008126122.1,portal
7131,YP_009103185.1,portal
7132,YP_009150837.1,portal
7133,YP_008058801.1,portal
7134,YP_007869815.1,portal
7135,YP_009220060.1,portal
7136,YP_008858638.1,portal
7137,YP_009002858.1,portal
7138,YP_008058909.1,portal
7139,YP_008051635.1,portal
7140,YP_008051228.1,portal
7141,YP_008050779.1,portal
7142,YP_008051946.1,portal
7143,YP_008051489.1,portal
7144,YP_008320339.1,portal
7145,YP_009600933.1,portal
7146,YP_008430668.1,portal
7147,YP_008409067.1,portal
7148,YP_008410028.1,portal
7149,YP_008766836.1,portal
7150,YP_008241886.1,portal
7151,YP_008240331.1,portal
7152,YP_008767077.1,portal
7153,YP_008531087.1,portal
7154,YP_009142980.1,portal
7155,YP_008409404.1,portal
7156,YP_008410791.1,portal
7157,YP_008430527.1,portal
7158,YP_008859447.1,portal
7159,YP_008858290.1,portal
7160,YP_008857497.1,portal
7161,YP_008857946.1,portal
7162,YP_008858552.1,portal
7163,YP_009003376.1,portal
7164,YP_008771433.1,portal
7165,YP_009032145.1,portal
7166,YP_009002659.1,portal
7167,YP_009784240.1,portal
7168,YP_009056520.1,portal
7169,YP_009055344.1,portal
7170,YP_009056059.1,portal
7171,YP_009035495.1,portal
7172,YP_009007456.1,portal
7173,YP_009004374.1,portal
7174,YP_009211612.1,portal
7175,YP_008858201.1,portal
7176,YP_008859035.1,portal
7177,YP_008858738.1,portal
7178,YP_009153162.1,portal
7179,YP_009006605.1,portal
7180,YP_009007470.1,portal
7181,YP_009009481.1,portal
7182,YP_009193980.1,portal
7183,YP_009043193.1,portal
7184,YP_009042740.1,portal
7185,YP_009043960.1,portal
7186,YP_009006740.1,portal
7187,YP_009005450.1,portal
7188,YP_009031200.1,portal
7189,YP_009021584.1,portal
7190,YP_009044804.1,portal
7191,YP_009103069.1,portal
7192,YP_009963922.1,portal
7193,YP_009036977.1,portal
7194,YP_009036990.1,portal
7195,YP_009035599.1,portal
7196,YP_009035270.1,portal
7197,YP_009035284.1,portal
7198,YP_009218422.1,portal
7199,YP_009151466.1,portal
7200,YP_009043798.1,portal
7201,YP_009147227.1,portal
7202,YP_009149917.1,portal
7203,YP_009151521.1,portal
7204,YP_009152664.1,portal
7205,YP_009153207.1,portal
7206,YP_009152058.1,portal
7207,YP_009146896.1,portal
7208,YP_009150008.1,portal
7209,YP_009603672.1,portal
7210,YP_009150202.1,portal
7211,YP_009152364.1,portal
7212,YP_009153252.1,portal
7213,YP_009150246.1,portal
7214,YP_009153561.1,portal
7215,YP_009603718.1,portal
7216,YP_009151203.1,portal
7217,YP_009152593.1,portal
7218,YP_009145772.1,portal
7219,YP_009148319.1,portal
7220,YP_009603764.1,portal
7221,YP_009152409.1,portal
7222,YP_009153877.1,portal
7223,YP_009148274.1,portal
7224,YP_009151381.1,portal
7225,YP_009152709.1,portal
7226,YP_009145817.1,portal
7227,YP_009149519.1,portal
7228,YP_009151857.1,portal
7229,YP_009099333.1,portal
7230,YP_009098014.1,portal
7231,YP_009099545.1,portal
7232,YP_009208895.1,portal
7233,YP_009056231.1,portal
7234,YP_009101381.1,portal
7235,YP_009124194.1,portal
7236,YP_009151914.1,portal
7237,YP_009209552.1,portal
7238,YP_009102185.1,portal
7239,YP_009197129.1,portal
7240,YP_009216670.1,portal
7241,YP_009217927.1,portal
7242,YP_009219404.1,portal
7243,YP_009205862.1,portal
7244,YP_009207360.1,portal
7245,YP_009209926.1,portal
7246,YP_009214018.1,portal
7247,YP_009123880.1,portal
7248,YP_009222375.1,portal
7249,YP_009125958.1,portal
7250,YP_009222296.1,portal
7251,YP_009113066.1,portal
7252,YP_009195911.1,portal
7253,YP_009214463.1,portal
7254,YP_009207754.1,portal
7255,YP_009784986.1,portal
7256,YP_009208356.1,portal
7257,YP_009214131.1,portal
7258,YP_009195763.1,portal
7259,YP_009206121.1,portal
7260,YP_009214183.1,portal
7261,YP_009200431.1,portal
7262,YP_009188491.1,portal
7263,YP_009195193.1,portal
7264,YP_009197948.1,portal
7265,YP_009202210.1,portal
7266,YP_009224869.1,portal
7267,YP_009598526.1,portal
7268,YP_009203448.1,portal
7269,YP_009624859.1,portal
7270,YP_009218320.2,portal
7271,YP_009782114.1,portal
7272,YP_009782359.1,portal
7273,YP_009209165.1,portal
7274,YP_009203205.1,portal
7275,YP_009193816.1,portal
7276,YP_009196102.1,portal
7277,YP_009593412.1,portal
7278,YP_009201913.1,portal
7279,YP_009218136.1,portal
7280,YP_009198347.1,portal
7281,YP_009210364.1,portal
7282,YP_009225298.1,portal
7283,YP_009220155.1,portal
7284,YP_009601178.1,portal
7285,YP_009212309.1,portal
7286,YP_009191457.1,portal
7287,YP_009785145.1,portal
7288,YP_009277981.1,portal
7289,YP_009221388.1,portal
7290,YP_009603627.1,portal
7291,YP_009159966.1,portal
7292,YP_009204100.1,portal
7293,YP_009782908.1,portal
7294,YP_009198782.1,portal
7295,YP_009782602.1,portal
7296,YP_009211167.1,portal
7297,YP_009204259.1,portal
7298,YP_009198972.1,portal
7299,YP_009206721.1,portal
7300,YP_009199807.1,portal
7301,YP_009224278.1,portal
7302,YP_009197679.1,portal
7303,YP_009616432.1,portal
7304,YP_009592373.1,portal
7305,YP_009616507.1,portal
7306,YP_009214878.1,portal
7307,YP_009202520.1,portal
7308,YP_009193900.1,portal
7309,YP_009207675.1,portal
7310,YP_009214363.1,portal
7311,YP_009208744.1,portal
7312,YP_009322349.1,portal
7313,YP_009321791.1,portal
7314,YP_009320697.1,portal
7315,YP_009324862.1,portal
7316,YP_009321975.1,portal
7317,YP_009324904.1,portal
7318,YP_009323491.1,portal
7319,YP_009322683.1,portal
7320,YP_009321520.1,portal
7321,YP_009201027.1,portal
7322,YP_009211723.1,portal
7323,YP_009191533.1,portal
7324,YP_010012464.1,portal
7325,YP_009210524.1,portal
7326,YP_009214281.1,portal
7327,YP_009189884.1,portal
7328,YP_009615908.1,portal
7329,YP_009187159.1,portal
7330,YP_009191348.1,portal
7331,YP_009268873.1,portal
7332,YP_009276435.1,portal
7333,YP_009830079.1,portal
7334,YP_009594157.1,portal
7335,YP_009274760.1,portal
7336,YP_009275280.1,portal
7337,YP_009274690.1,portal
7338,YP_009325274.1,portal
7339,YP_009325105.1,portal
7340,YP_009279643.1,portal
7341,YP_009304912.1,portal
7342,YP_009302318.1,portal
7343,YP_009595695.1,portal
7344,YP_009616857.1,portal
7345,YP_009304196.1,portal
7346,YP_009595761.1,portal
7347,YP_009303386.1,portal
7348,YP_009302998.1,portal
7349,YP_009303761.1,portal
7350,YP_009275570.1,portal
7351,YP_009274016.1,portal
7352,YP_009274051.1,portal
7353,YP_009280021.1,portal
7354,YP_009830799.1,portal
7355,YP_009830874.1,portal
7356,YP_009830736.1,portal
7357,YP_009285251.1,portal
7358,YP_009900700.1,portal
7359,YP_009900748.1,portal
7360,YP_009283261.1,portal
7361,YP_009291251.1,portal
7362,YP_009977147.1,portal
7363,YP_010056636.1,portal
7364,YP_009981628.1,portal
7365,YP_009321401.1,portal
7366,YP_009289812.1,portal
7367,YP_009284783.1,portal
7368,YP_010091787.1,portal
7369,YP_010060456.1,portal
7370,YP_009596588.1,portal
7371,YP_009958545.1,portal
7372,YP_009596752.1,portal
7373,YP_009596868.1,portal
7374,YP_009979976.1,portal
7375,YP_010080386.1,portal
7376,YP_009963396.1,portal
7377,YP_009793819.1,portal
7378,YP_009962773.1,portal
7379,YP_009787791.1,portal
7380,YP_009956671.1,portal
7381,YP_010081944.1,portal
7382,YP_009980069.1,portal
7383,YP_009977323.1,portal
7384,YP_009955015.1,portal
7385,YP_009832049.1,portal
7386,YP_009962147.1,portal
7387,YP_009789835.1,portal
7388,YP_009951478.1,portal
7389,YP_009790562.1,portal
7390,YP_010090602.1,portal
7391,YP_009961198.1,portal
7392,YP_009790713.1,portal
7393,YP_009908541.1,portal
7394,YP_010012974.1,portal
7395,YP_009964571.1,portal
7396,YP_010012843.1,portal
7397,YP_009964728.1,portal
7398,YP_010012592.1,portal
7399,YP_009962560.1,portal
7400,YP_009610586.1,portal
7401,YP_009610818.1,portal
7402,YP_009611039.1,portal
7403,YP_009611258.1,portal
7404,YP_009611485.1,portal
7405,YP_009791285.1,portal
7406,YP_010081623.1,portal
7407,YP_009834131.1,portal
7408,YP_010062308.1,portal
7409,YP_009964965.1,portal
7410,YP_010062137.1,portal
7411,YP_009804031.1,portal
7412,YP_010080752.1,portal
7413,YP_009818092.1,portal
7414,YP_009956562.1,portal
7415,YP_009961831.1,portal
7416,YP_009981075.1,portal
7417,YP_009963187.1,portal
7418,YP_010080115.1,portal
7419,YP_010055296.1,portal
7420,YP_010055619.1,portal
7421,YP_010055217.1,portal
7422,YP_010055375.1,portal
7423,YP_009792833.1,portal
7424,YP_009615354.1,portal
7425,YP_009964887.1,portal
7426,YP_009963702.1,portal
7427,YP_009978336.1,portal
7428,YP_009961000.1,portal
7429,YP_009795482.1,portal
7430,YP_010052076.1,portal
7431,YP_010060973.1,portal
7432,YP_010051868.1,portal
7433,YP_009620681.1,portal
7434,YP_009623855.1,portal
7435,YP_010056339.1,portal
7436,YP_010079522.1,portal
7437,YP_010055137.1,portal
7438,YP_010083679.1,portal
7439,YP_009836547.1,portal
7440,YP_009836622.1,portal
7441,YP_009836333.1,portal
7442,YP_009836412.1,portal
7443,YP_009836482.1,portal
7444,YP_010088184.1,portal
7445,YP_009960689.1,portal
7446,YP_009964034.1,portal
7447,YP_009998413.1,portal
7448,YP_009622810.1,portal
7449,YP_009976242.1,portal
7450,YP_009980161.1,portal
7451,YP_009977966.1,portal
7452,YP_009961621.1,portal
7453,YP_009980704.1,portal
7454,YP_009976150.1,portal
7455,YP_009977687.1,portal
7456,YP_009978239.1,portal
7457,YP_009979438.1,portal
7458,YP_009960581.1,portal
7459,YP_009977406.1,portal
7460,YP_010055873.1,portal
7461,YP_010094057.1,portal
7462,YP_010060548.1,portal
7463,YP_009978895.1,portal
7464,YP_009954585.1,portal
7465,YP_009978056.1,portal
7466,YP_010060634.1,portal
7467,YP_009955921.1,portal
7468,YP_009959574.1,portal
7469,YP_009800758.1,portal
7470,YP_010094248.1,portal
7471,YP_010094780.1,portal
7472,YP_009977590.1,portal
7473,YP_009979888.1,portal
7474,YP_009965210.1,portal
7475,YP_009889808.1,portal
7476,YP_010056560.1,portal
7477,YP_009954791.1,portal
7478,YP_009959469.1,portal
7479,YP_010054650.1,portal
7480,YP_009958764.1,portal
7481,YP_009979347.1,portal
7482,YP_009979530.1,portal
7483,YP_009838839.1,portal
7484,YP_009838906.1,portal
7485,YP_010082171.1,portal
7486,YP_009838703.1,portal
7487,YP_009838774.1,portal
7488,YP_009838634.1,portal
7489,YP_009955513.1,portal
7490,YP_009978982.1,portal
7491,YP_009960790.1,portal
7492,YP_009962043.1,portal
7493,YP_009979802.1,portal
7494,YP_010096617.1,portal
7495,YP_010096712.1,portal
7496,YP_009880946.1,portal
7497,YP_010082442.1,portal
7498,YP_009909769.1,portal
7499,YP_009957824.1,portal
7500,YP_009976679.1,portal
7501,YP_010013235.1,portal
7502,YP_009980257.1,portal
7503,YP_009980981.1,portal
7504,YP_009839486.1,portal
7505,YP_009839736.1,portal
7506,YP_009957721.1,portal
7507,YP_009958860.1,portal
7508,YP_009959367.1,portal
7509,YP_009979712.1,portal
7510,YP_009840220.1,portal
7511,YP_009839972.1,portal
7512,YP_010052277.1,portal
7513,YP_009976331.1,portal
7514,YP_010051940.1,portal
7515,YP_009977780.1,portal
7516,YP_010098175.1,portal
7517,YP_009956454.1,portal
7518,YP_009957619.1,portal
7519,YP_009958240.1,portal
7520,YP_009960282.1,portal
7521,YP_009961726.1,portal
7522,YP_010055060.1,portal
7523,YP_009957406.1,portal
7524,YP_009841185.1,portal
7525,YP_009881525.1,portal
7526,YP_010001805.1,portal
7527,YP_009808345.1,portal
7528,YP_010097905.1,portal
7529,YP_009808242.1,portal
7530,YP_009958957.1,portal
7531,YP_009955115.1,portal
7532,YP_009979164.1,portal
7533,YP_009960476.1,portal
7534,YP_010055791.1,portal
7535,YP_009841551.1,portal
7536,YP_009814117.1,portal
7537,YP_009954482.1,portal
7538,YP_009959670.1,portal
7539,YP_009959163.1,portal
7540,YP_009816604.1,portal
7541,YP_010001977.1,portal
7542,YP_010001890.1,portal
7543,YP_010001554.1,portal
7544,YP_010099422.1,portal
7545,YP_009956992.1,portal
7546,YP_009963288.1,portal
7547,YP_009980435.1,portal
7548,YP_009816989.1,portal
7549,YP_009977063.1,portal
7550,YP_009977501.1,portal
7551,YP_009963500.1,portal
7552,YP_010081594.1,portal
7553,YP_010079940.1,portal
7554,YP_010081752.1,portal
7555,YP_010081783.1,portal
7556,YP_010081887.1,portal
7557,YP_009814918.1,portal
7558,YP_009965933.1,portal
7559,YP_009818620.1,portal
7560,YP_010100814.1,portal
7561,YP_009961301.1,portal
7562,YP_010100901.1,portal
7563,YP_009976415.1,portal
7564,YP_009981268.1,portal
7565,YP_010101017.1,portal
7566,YP_009980347.1,portal
7567,YP_009819049.1,portal
7568,YP_009882710.1,portal
7569,YP_009882612.1,portal
7570,YP_009882463.1,portal
7571,YP_009882498.1,portal
7572,YP_010054982.1,portal
7573,YP_009977869.1,portal
7574,YP_009964491.1,portal
7575,YP_010060722.1,portal
7576,YP_010101311.1,portal
7577,YP_009962876.1,portal
7578,YP_010101468.1,portal
7579,YP_009956882.1,portal
7580,YP_010052007.1,portal
7581,YP_009980522.1,portal
7582,YP_009980801.1,portal
7583,YP_010060288.1,portal
7584,YP_010055457.1,portal
7585,YP_009821007.1,portal
7586,YP_009845067.1,portal
7587,YP_010080051.1,portal
7588,YP_009821698.1,portal
7589,YP_010101736.1,portal
7590,YP_009981452.1,portal
7591,YP_010101974.1,portal
7592,YP_009964805.1,portal
7593,YP_009964651.1,portal
7594,YP_009961408.1,portal
7595,YP_010079687.1,portal
7596,YP_010102264.1,portal
7597,YP_010102165.1,portal
7598,YP_010102358.1,portal
7599,YP_010102070.1,portal
7600,YP_010103616.1,portal
7601,YP_010052141.1,portal
7602,YP_010103424.1,portal
7603,YP_009850526.1,portal
7604,YP_009976503.1,portal
7605,YP_009900942.1,portal
7606,YP_010103023.1,portal
7607,YP_010002061.1,portal
7608,YP_009976971.1,portal
7609,YP_009959268.1,portal
7610,YP_010102927.1,portal
7611,YP_010102842.1,portal
7612,YP_009956142.1,portal
7613,YP_009965126.1,portal
7614,YP_010060805.1,portal
7615,YP_010103938.1,portal
7616,YP_010056414.1,portal
7617,YP_010081971.1,portal
7618,YP_009976588.1,portal
7619,YP_009884376.1,portal
7620,YP_010013354.1,portal
7621,YP_009965046.1,portal
7622,YP_010013103.1,portal
7623,YP_010104144.1,portal
7624,YP_010055703.1,portal
7625,YP_009851416.1,portal
7626,YP_010056187.1,portal
7627,YP_009960379.1,portal
7628,YP_010104227.1,portal
7629,YP_009852851.1,portal
7630,YP_009978425.1,portal
7631,YP_010104811.1,portal
7632,YP_009958449.1,portal
7633,YP_009978801.1,portal
7634,YP_009959774.1,portal
7635,YP_009959876.1,portal
7636,YP_009962982.1,portal
7637,YP_009853583.1,portal
7638,YP_010059487.1,portal
7639,YP_009964336.1,portal
7640,YP_009954690.1,portal
7641,YP_009955411.1,portal
7642,YP_009956345.1,portal
7643,YP_009978621.1,portal
7644,YP_009978711.1,portal
7645,YP_010105191.1,portal
7646,YP_009980891.1,portal
7647,YP_009981172.1,portal
7648,YP_009962663.1,portal
7649,YP_009981545.1,portal
7650,YP_009900802.1,portal
7651,YP_009976876.1,portal
7652,YP_010060890.1,portal
7653,YP_010105407.1,portal
7654,YP_009885360.1,portal
7655,YP_010079582.1,portal
7656,YP_002332512.1,portal
7657,YP_009964258.1,portal
7658,YP_009976777.1,portal
7659,YP_009886947.1,portal
7660,YP_009886204.1,portal
7661,YP_009886700.1,portal
7662,YP_009886450.1,portal
7663,YP_009887174.1,portal
7664,YP_009856181.1,portal
7665,YP_010079957.1,portal
7666,YP_010001304.1,portal
7667,YP_010064904.1,portal
7668,YP_009901303.1,portal
7669,YP_009900971.1,portal
7670,YP_009901078.1,portal
7671,YP_009959069.1,portal
7672,YP_009954899.1,portal
7673,YP_009964178.1,portal
7674,YP_009965296.1,portal
7675,YP_009963093.1,portal
7676,YP_010078837.1,portal
7677,YP_009956241.1,portal
7678,YP_010055541.1,portal
7679,YP_010107445.1,portal
7680,YP_010107648.1,portal
7681,YP_010060373.1,portal
7682,YP_009979074.1,portal
7683,YP_010055956.1,portal
7684,YP_010056032.1,portal
7685,YP_009964414.1,portal
7686,YP_009999779.1,portal
7687,YP_009909568.1,portal
7688,YP_009909902.1,portal
7689,YP_009909642.1,portal
7690,YP_009910042.1,portal
7691,YP_010052347.1,portal
7692,YP_010051805.1,portal
7693,YP_010052211.1,portal
7694,YP_010109274.1,portal
7695,YP_009963819.1,portal
7696,YP_009907735.1,portal
7697,YP_010038096.1,portal
7698,YP_009978518.1,portal
7699,YP_009979618.1,portal
7700,YP_009978146.1,portal
7701,YP_010109849.1,portal
7702,YP_010109467.1,portal
7703,YP_010109646.1,portal
7704,YP_009979257.1,portal
7705,YP_009957515.1,portal
7706,YP_009958138.1,portal
7707,YP_009960069.1,portal
7708,YP_010037904.1,portal
7709,YP_010054722.1,portal
7710,YP_010054812.1,portal
7711,YP_010056256.1,portal
7712,YP_010054893.1,portal
7713,YP_009961934.1,portal
7714,YP_010012721.1,portal
7715,YP_009594792.1,portal
7716,YP_009981354.1,portal
7717,YP_009962242.1,portal
7718,YP_009957097.1,portal
7719,YP_010114041.1,portal
7720,YP_010114705.1,portal
7721,YP_010056487.1,portal
7722,YP_010114931.1,portal
7723,YP_006589973.1,portal
7724,YP_009883039.1,portal
7725,YP_002265412.1,portal
7726,YP_009289234.1,portal
7727,YP_004956890.1,portal
7728,YP_002922718.1,portal
7729,YP_007236793.1,portal
7730,YP_010082261.1,portal
7731,YP_010082348.1,portal
7732,YP_009836260.1,portal
7733,YP_001994744.1,portal
7734,YP_004123825.1,portal
7735,YP_009100115.1,portal
7736,YP_009100817.1,portal
7737,YP_063735.1,portal
7738,YP_873988.1,portal
7739,YP_009209014.1,portal
7740,YP_009204410.1,portal
7741,YP_010187231.1,portal
7742,YP_001285799.1,portal
7743,YP_001467939.1,portal
7744,YP_001468055.1,portal
7745,YP_002014330.1,portal
7746,YP_002014479.1,portal
7747,YP_003344849.1,portal
7748,YP_003857069.1,portal
7749,YP_005086960.1,portal
7750,YP_007005397.1,portal
7751,YP_009013205.1,portal
7752,YP_009013656.1,portal
7753,YP_009014395.1,portal
7754,YP_009015999.1,portal
7755,YP_009016707.1,portal
7756,YP_009016893.1,portal
7757,YP_009018879.1,portal
7758,YP_009268678.1,portal
7759,YP_008058456.1,portal
7760,YP_008058574.1,portal
7761,YP_009600051.1,portal
7762,YP_009958044.1,portal
7763,YP_006990121.1,portal
7764,YP_001491582.1,portal
7765,YP_002223953.1,portal
7766,YP_009019089.1,portal
7767,YP_008050864.1,portal
7768,YP_008051410.1,portal
7769,YP_008060241.1,portal
7770,YP_008051129.1,portal
7771,YP_008410676.1,portal
7772,YP_008410572.1,portal
7773,YP_008409744.1,portal
7774,YP_008408664.1,portal
7775,YP_008530477.1,portal
7776,YP_008408892.1,portal
7777,YP_008410880.1,portal
7778,YP_008530990.1,portal
7779,YP_009007287.1,portal
7780,YP_009009565.1,portal
7781,YP_009032232.1,portal
7782,YP_009009208.1,portal
7783,YP_009032058.1,portal
7784,YP_009032497.1,portal
7785,YP_009043994.1,portal
7786,YP_009125386.1,portal
7787,YP_009125284.1,portal
7788,YP_009209402.1,portal
7789,YP_009200630.1,portal
7790,YP_009202284.1,portal
7791,YP_009225777.1,portal
7792,YP_009124658.1,portal
7793,YP_009275692.1,portal
7794,YP_009288325.1,portal
7795,YP_009292038.1,portal
7796,YP_009277877.1,portal
7797,YP_009160236.1,portal
7798,YP_009160057.1,portal
7799,YP_009160191.1,portal
7800,YP_009159830.1,portal
7801,YP_009160281.1,portal
7802,YP_009160101.1,portal
7803,YP_009160010.1,portal
7804,YP_009160146.1,portal
7805,YP_009159920.1,portal
7806,YP_009159876.1,portal
7807,YP_009208285.1,portal
7808,YP_009215386.1,portal
7809,YP_009200948.1,portal
7810,YP_009207104.1,portal
7811,YP_009212645.1,portal
7812,YP_009197591.1,portal
7813,YP_009199527.1,portal
7814,YP_009202393.1,portal
7815,YP_009197001.1,portal
7816,YP_009205050.1,portal
7817,YP_009205472.1,portal
7818,YP_009189725.1,portal
7819,YP_009300699.1,portal
7820,YP_009303842.1,portal
7821,YP_009304262.1,portal
7822,YP_009275363.1,portal
7823,YP_009273941.1,portal
7824,YP_009292519.1,portal
7825,YP_009287793.1,portal
7826,YP_009286690.1,portal
7827,YP_009013099.1,portal
7828,YP_009011344.1,portal
7829,YP_001994471.1,portal
7830,YP_001994653.1,portal
7831,YP_001994560.1,portal
7832,YP_003857136.1,portal
7833,YP_004538949.1,portal
7834,YP_009017230.1,portal
7835,NP_438141.1,portal
7836,YP_008052183.1,portal
7837,YP_010106963.1,portal
7838,YP_009949342.1,portal
7839,YP_009949339.1,portal
7840,NP_852590.1,portal
7841,NP_795403.1,portal
7842,YP_008242317.1,portal
7843,YP_009831874.1,portal
7844,YP_009790055.1,portal
7845,YP_009804548.1,portal
7846,YP_009623104.1,portal
7847,YP_009800178.1,portal
7848,YP_009800322.1,portal
7849,YP_009808180.1,portal
7850,YP_009910760.1,portal
7851,YP_009841854.1,portal
7852,YP_009818439.1,portal
7853,YP_009844827.1,portal
7854,YP_009847657.1,portal
7855,YP_009847714.1,portal
7856,YP_009908580.1,portal
7857,YP_009854632.1,portal
7858,YP_009854778.1,portal
7859,YP_009855048.1,portal
7860,YP_009855116.1,portal
7861,YP_009855402.1,portal
7862,YP_009855531.1,portal
7863,YP_010113722.1,portal
7864,YP_010110429.1,portal
7865,YP_010110804.1,portal
7866,YP_010111117.1,portal
7867,YP_010111420.1,portal
7868,YP_010111592.1,portal
7869,YP_010111774.1,portal
7870,YP_009199271.1,portal
7871,YP_009213130.1,portal
7872,YP_009830316.1,portal
7873,YP_010111026.1,portal
7874,NP_958276.1,portal
7875,YP_009860149.1,portal
7876,YP_001039921.1,portal
7877,YP_003714730.1,portal
7878,YP_007005681.1,portal
7879,YP_006383508.1,portal
7880,YP_007237996.1,portal
7881,YP_006906945.1,portal
7882,YP_009948777.1,portal
7883,YP_009829964.1,portal
7884,YP_009830004.1,portal
7885,YP_009279502.1,portal
7886,YP_009286346.1,portal
7887,YP_009802416.1,portal
7888,YP_009816527.1,portal
7889,YP_009796837.1,portal
7890,YP_009797152.1,portal
7891,YP_009802685.1,portal
7892,YP_009815205.1,portal
7893,YP_009815276.1,portal
7894,YP_009815418.1,portal
7895,YP_009815481.1,portal
7896,YP_009815553.1,portal
7897,YP_009873982.1,portal
7898,YP_009844617.1,portal
7899,YP_009845441.1,portal
7900,YP_010080421.1,portal
7901,YP_009854708.1,portal
7902,YP_009854908.1,portal
7903,YP_009854981.1,portal
7904,YP_009855190.1,portal
7905,YP_009855263.1,portal
7906,YP_009855335.1,portal
7907,YP_009949341.1,portal
7908,YP_009949340.1,portal
7909,YP_009949257.1,portal
7910,YP_010298400.1,portal
7911,YP_010298249.1,portal
7912,YP_010356615.1,portal
7913,YP_010356702.1,portal
7914,YP_010356832.1,portal
7915,YP_010356953.1,portal
7916,YP_010357007.1,portal
7917,YP_010357568.1,portal
7918,YP_009966082.1,tail_fiber
7919,YP_009791816.1,tail_fiber
7920,YP_010105824.1,tail_fiber
7921,YP_010105630.1,tail_fiber
7922,YP_010108081.1,tail_fiber
7923,YP_010108664.1,tail_fiber
7924,YP_010108275.1,tail_fiber
7925,YP_010108468.1,tail_fiber
7926,YP_010114209.1,tail_fiber
7927,YP_009804599.1,tail_fiber
7928,YP_009789235.1,tail_fiber
7929,YP_010093553.1,tail_fiber
7930,YP_009881009.1,tail_fiber
7931,YP_009904955.1,tail_fiber
7932,YP_009886269.1,tail_fiber
7933,YP_009886513.1,tail_fiber
7934,YP_010037914.1,tail_fiber
7935,YP_009848593.1,tail_fiber
7936,YP_009785950.1,tail_fiber
7937,YP_009785951.1,tail_fiber
7938,YP_009831570.1,tail_fiber
7939,YP_009793724.1,tail_fiber
7940,YP_009831286.1,tail_fiber
7941,YP_009790185.1,tail_fiber
7942,YP_009791569.1,tail_fiber
7943,YP_009791874.1,tail_fiber
7944,YP_009795143.1,tail_fiber
7945,YP_009804421.1,tail_fiber
7946,YP_009837293.1,tail_fiber
7947,YP_009801149.1,tail_fiber
7948,YP_009829784.1,tail_fiber
7949,YP_009804021.1,tail_fiber
7950,YP_009804809.1,tail_fiber
7951,YP_009805298.1,tail_fiber
7952,YP_009805911.1,tail_fiber
7953,YP_009804734.1,tail_fiber
7954,YP_009824366.1,tail_fiber
7955,YP_009814993.1,tail_fiber
7956,YP_009818752.1,tail_fiber
7957,YP_009848012.1,tail_fiber
7958,YP_009997485.1,tail_fiber
7959,YP_009998578.1,tail_fiber
7960,YP_010089128.1,tail_fiber
7961,YP_010089174.1,tail_fiber
7962,YP_010093070.1,tail_fiber
7963,YP_010102658.1,tail_fiber
7964,YP_010102469.1,tail_fiber
7965,YP_006500.1,tail_fiber
7966,YP_009591448.1,tail_fiber
7967,YP_010067129.1,tail_fiber
7968,NP_037719.1,tail_fiber
7969,YP_004415139.1,tail_fiber
7970,YP_009102720.1,tail_fiber
7971,YP_009149492.1,tail_fiber
7972,YP_009037525.1,tail_fiber
7973,YP_009148688.1,tail_fiber
7974,YP_009967020.1,tail_fiber
7975,YP_009111062.1,tail_fiber
7976,YP_009784839.1,tail_fiber
7977,YP_009784844.1,tail_fiber
7978,YP_009784781.1,tail_fiber
7979,YP_009785166.1,tail_fiber
7980,YP_009211930.1,tail_fiber
7981,YP_010088281.1,tail_fiber
7982,YP_010088283.1,tail_fiber
7983,YP_010066655.1,tail_fiber
7984,YP_010066194.1,tail_fiber
7985,YP_010066196.1,tail_fiber
7986,YP_010066032.1,tail_fiber
7987,YP_010066034.1,tail_fiber
7988,YP_009284211.1,tail_fiber
7989,YP_009210167.1,tail_fiber
7990,YP_009785899.1,tail_fiber
7991,YP_010088468.1,tail_fiber
7992,YP_009290510.1,tail_fiber
7993,YP_009281582.1,tail_fiber
7994,YP_010073124.1,tail_fiber
7995,YP_009875645.1,tail_fiber
7996,YP_010091868.1,tail_fiber
7997,YP_010091870.1,tail_fiber
7998,YP_010076862.1,tail_fiber
7999,YP_009787857.1,tail_fiber
8000,YP_009787865.1,tail_fiber
8001,YP_009787870.1,tail_fiber
8002,YP_009800434.1,tail_fiber
8003,YP_010090079.1,tail_fiber
8004,YP_009790654.1,tail_fiber
8005,YP_009608423.1,tail_fiber
8006,YP_010092407.1,tail_fiber
8007,YP_009914710.1,tail_fiber
8008,YP_009791693.1,tail_fiber
8009,YP_009619178.1,tail_fiber
8010,YP_010076446.1,tail_fiber
8011,YP_010092011.1,tail_fiber
8012,YP_010067929.1,tail_fiber
8013,YP_010068484.1,tail_fiber
8014,YP_010075140.1,tail_fiber
8015,YP_009799068.1,tail_fiber
8016,YP_009799167.1,tail_fiber
8017,YP_010077131.1,tail_fiber
8018,YP_010091282.1,tail_fiber
8019,YP_010073620.1,tail_fiber
8020,YP_010073896.1,tail_fiber
8021,YP_009836841.1,tail_fiber
8022,YP_009797783.1,tail_fiber
8023,YP_010061902.1,tail_fiber
8024,YP_010065304.1,tail_fiber
8025,YP_009798002.1,tail_fiber
8026,YP_010069809.1,tail_fiber
8027,YP_010090893.1,tail_fiber
8028,YP_009799423.1,tail_fiber
8029,YP_009837350.1,tail_fiber
8030,YP_010094127.1,tail_fiber
8031,YP_009819986.1,tail_fiber
8032,YP_010094171.1,tail_fiber
8033,YP_010094444.1,tail_fiber
8034,YP_010066408.1,tail_fiber
8035,YP_010094700.1,tail_fiber
8036,YP_009889870.1,tail_fiber
8037,YP_009889871.1,tail_fiber
8038,YP_009889872.1,tail_fiber
8039,YP_010072259.1,tail_fiber
8040,YP_010071719.1,tail_fiber
8041,YP_009802559.1,tail_fiber
8042,YP_010096465.1,tail_fiber
8043,YP_009881007.1,tail_fiber
8044,YP_009881008.1,tail_fiber
8045,YP_009881460.1,tail_fiber
8046,YP_009881461.1,tail_fiber
8047,YP_010080829.1,tail_fiber
8048,YP_009842869.1,tail_fiber
8049,YP_010072917.1,tail_fiber
8050,YP_010093295.1,tail_fiber
8051,YP_010093297.1,tail_fiber
8052,YP_010100199.1,tail_fiber
8053,YP_010100201.1,tail_fiber
8054,YP_009829563.1,tail_fiber
8055,YP_010100378.1,tail_fiber
8056,YP_010070075.1,tail_fiber
8057,YP_009819494.1,tail_fiber
8058,YP_009819501.1,tail_fiber
8059,YP_010069542.1,tail_fiber
8060,YP_010071451.1,tail_fiber
8061,YP_009820998.1,tail_fiber
8062,YP_009833197.1,tail_fiber
8063,YP_010076331.1,tail_fiber
8064,YP_010076333.1,tail_fiber
8065,YP_010064610.1,tail_fiber
8066,YP_010075518.1,tail_fiber
8067,YP_009885422.1,tail_fiber
8068,YP_009885423.1,tail_fiber
8069,YP_010080681.1,tail_fiber
8070,YP_010081289.1,tail_fiber
8071,YP_010081093.1,tail_fiber
8072,YP_010081328.1,tail_fiber
8073,YP_010081362.1,tail_fiber
8074,YP_010081400.1,tail_fiber
8075,YP_010081134.1,tail_fiber
8076,YP_010081169.1,tail_fiber
8077,YP_010081253.1,tail_fiber
8078,YP_010081545.1,tail_fiber
8079,YP_009887010.1,tail_fiber
8080,YP_009887011.1,tail_fiber
8081,YP_009887012.1,tail_fiber
8082,YP_009886267.1,tail_fiber
8083,YP_009886268.1,tail_fiber
8084,YP_009886762.1,tail_fiber
8085,YP_009886763.1,tail_fiber
8086,YP_009886511.1,tail_fiber
8087,YP_009886512.1,tail_fiber
8088,YP_010068894.1,tail_fiber
8089,YP_010068896.1,tail_fiber
8090,YP_009855967.1,tail_fiber
8091,YP_009855968.1,tail_fiber
8092,YP_009855969.1,tail_fiber
8093,YP_010074045.1,tail_fiber
8094,YP_010074047.1,tail_fiber
8095,YP_010074448.1,tail_fiber
8096,YP_010074450.1,tail_fiber
8097,YP_010074519.1,tail_fiber
8098,YP_010074521.1,tail_fiber
8099,YP_009949319.1,tail_fiber
8100,YP_009949231.1,tail_fiber
8101,YP_009965313.1,tail_fiber
8102,YP_010065888.1,tail_fiber
8103,YP_010065616.1,tail_fiber
8104,YP_010075786.1,tail_fiber
8105,YP_009914328.1,tail_fiber
8106,YP_009914337.1,tail_fiber
8107,YP_009914431.1,tail_fiber
8108,YP_009913698.1,tail_fiber
8109,YP_010071016.1,tail_fiber
8110,YP_009999763.1,tail_fiber
8111,YP_010068737.1,tail_fiber
8112,YP_010071997.1,tail_fiber
8113,YP_010072811.1,tail_fiber
8114,YP_010072813.1,tail_fiber
8115,YP_010114659.1,tail_fiber
8116,YP_010278370.1,tail_fiber
8117,YP_010348187.1,tail_fiber
8118,YP_010099670.1,tail_fiber
8119,YP_010093067.1,tail_fiber
8120,YP_009850356.1,tail_fiber
8121,YP_009901317.1,tail_fiber
8122,YP_009966685.1,tail_fiber
8123,YP_009948893.1,tail_fiber
8124,YP_009785949.1,tail_fiber
8125,YP_009877611.1,tail_fiber
8126,YP_009879418.1,tail_fiber
8127,YP_009798855.1,tail_fiber
8128,YP_009841464.1,tail_fiber
8129,YP_009824675.1,tail_fiber
8130,YP_009883624.1,tail_fiber
8131,YP_009848744.1,tail_fiber
8132,YP_009889937.1,tail_fiber
8133,YP_009883134.1,tail_fiber
8134,YP_009889508.1,tail_fiber
8135,YP_009876045.1,tail_fiber
8136,YP_009999387.1,tail_fiber
8137,YP_009832460.1,tail_fiber
8138,YP_009800433.1,tail_fiber
8139,YP_009836935.1,tail_fiber
8140,YP_009797956.1,tail_fiber
8141,YP_009800492.1,tail_fiber
8142,YP_009840753.1,tail_fiber
8143,YP_009998656.1,tail_fiber
8144,YP_010161332.1,tail_fiber
8145,YP_009999821.1,tail_fiber
8146,YP_009999894.1,tail_fiber
8147,YP_009999260.1,tail_fiber
8148,YP_009999351.1,tail_fiber
8149,YP_009966084.1,tail_fiber
8150,YP_009611953.1,tail_fiber
8151,YP_009611992.1,tail_fiber
8152,YP_009948935.1,tail_fiber
8153,YP_006961.1,tail_fiber
8154,YP_238945.1,tail_fiber
8155,YP_874014.1,tail_fiber
8156,YP_008766982.1,tail_fiber
8157,YP_001285455.1,tail_fiber
8158,YP_009140335.1,tail_fiber
8159,YP_004782208.1,tail_fiber
8160,YP_003580108.1,tail_fiber
8161,YP_003580109.1,tail_fiber
8162,YP_003580110.1,tail_fiber
8163,YP_003580111.1,tail_fiber
8164,YP_004421487.1,tail_fiber
8165,YP_005098348.1,tail_fiber
8166,YP_003969061.1,tail_fiber
8167,YP_003969401.1,tail_fiber
8168,YP_003969632.1,tail_fiber
8169,YP_007237565.1,tail_fiber
8170,YP_007003187.1,tail_fiber
8171,YP_004251290.1,tail_fiber
8172,YP_004678793.1,tail_fiber
8173,YP_006489150.1,tail_fiber
8174,YP_006489032.1,tail_fiber
8175,YP_006489029.1,tail_fiber
8176,YP_007004726.1,tail_fiber
8177,YP_009604020.1,tail_fiber
8178,YP_004895332.1,tail_fiber
8179,YP_004957459.1,tail_fiber
8180,YP_006382516.1,tail_fiber
8181,YP_007348898.1,tail_fiber
8182,YP_007348899.1,tail_fiber
8183,YP_007348900.1,tail_fiber
8184,YP_007348901.1,tail_fiber
8185,YP_006561130.1,tail_fiber
8186,YP_006986535.1,tail_fiber
8187,YP_006986539.1,tail_fiber
8188,YP_006382770.1,tail_fiber
8189,YP_006382773.1,tail_fiber
8190,YP_006488751.1,tail_fiber
8191,YP_007010893.1,tail_fiber
8192,YP_007010302.1,tail_fiber
8193,YP_007010398.1,tail_fiber
8194,YP_009101472.1,tail_fiber
8195,YP_007236260.1,tail_fiber
8196,YP_009617800.1,tail_fiber
8197,YP_008320495.1,tail_fiber
8198,YP_008320496.1,tail_fiber
8199,YP_009217599.1,tail_fiber
8200,YP_009217619.1,tail_fiber
8201,YP_009217620.1,tail_fiber
8202,YP_006905887.1,tail_fiber
8203,YP_008239674.1,tail_fiber
8204,YP_006906093.1,tail_fiber
8205,YP_007517797.1,tail_fiber
8206,YP_009216102.1,tail_fiber
8207,YP_008060782.1,tail_fiber
8208,YP_008241542.1,tail_fiber
8209,YP_008240634.1,tail_fiber
8210,YP_008853880.1,tail_fiber
8211,YP_008770031.1,tail_fiber
8212,YP_008770771.1,tail_fiber
8213,YP_008771658.1,tail_fiber
8214,YP_008771819.1,tail_fiber
8215,YP_008858915.1,tail_fiber
8216,YP_008858916.1,tail_fiber
8217,YP_008858917.1,tail_fiber
8218,YP_008859427.1,tail_fiber
8219,YP_008859429.1,tail_fiber
8220,YP_009639172.1,tail_fiber
8221,YP_009005094.1,tail_fiber
8222,YP_009031752.1,tail_fiber
8223,YP_009030453.1,tail_fiber
8224,YP_009021675.1,tail_fiber
8225,YP_009021355.1,tail_fiber
8226,YP_009043911.1,tail_fiber
8227,YP_009097866.1,tail_fiber
8228,YP_009151122.1,tail_fiber
8229,YP_009151483.1,tail_fiber
8230,YP_009151963.1,tail_fiber
8231,YP_009151965.1,tail_fiber
8232,YP_009147517.1,tail_fiber
8233,YP_009784959.1,tail_fiber
8234,YP_009784960.1,tail_fiber
8235,YP_009194770.1,tail_fiber
8236,YP_006908863.1,tail_fiber
8237,YP_009196812.1,tail_fiber
8238,YP_009203659.1,tail_fiber
8239,YP_009196938.1,tail_fiber
8240,YP_009226131.1,tail_fiber
8241,YP_009200196.1,tail_fiber
8242,YP_009221565.1,tail_fiber
8243,YP_009191784.1,tail_fiber
8244,YP_009191789.1,tail_fiber
8245,YP_009224679.1,tail_fiber
8246,YP_009220799.1,tail_fiber
8247,YP_009220801.1,tail_fiber
8248,YP_009220808.1,tail_fiber
8249,YP_009785285.1,tail_fiber
8250,YP_009218554.1,tail_fiber
8251,YP_009218736.1,tail_fiber
8252,YP_009218737.1,tail_fiber
8253,YP_009218739.1,tail_fiber
8254,YP_009218741.1,tail_fiber
8255,YP_009218792.1,tail_fiber
8256,YP_009218801.1,tail_fiber
8257,YP_009194511.1,tail_fiber
8258,YP_009194512.1,tail_fiber
8259,YP_009194513.1,tail_fiber
8260,YP_009194514.1,tail_fiber
8261,YP_009607459.1,tail_fiber
8262,YP_009607460.1,tail_fiber
8263,YP_009607461.1,tail_fiber
8264,YP_009607462.1,tail_fiber
8265,YP_009607181.1,tail_fiber
8266,YP_009607182.1,tail_fiber
8267,YP_009607183.1,tail_fiber
8268,YP_009225277.1,tail_fiber
8269,YP_009195082.1,tail_fiber
8270,YP_009195084.1,tail_fiber
8271,YP_009195086.1,tail_fiber
8272,YP_009198019.1,tail_fiber
8273,YP_009191338.1,tail_fiber
8274,YP_009276305.1,tail_fiber
8275,YP_009323872.1,tail_fiber
8276,YP_009323874.1,tail_fiber
8277,YP_009323880.1,tail_fiber
8278,YP_009320871.1,tail_fiber
8279,YP_009320872.1,tail_fiber
8280,YP_009320874.1,tail_fiber
8281,YP_009320880.1,tail_fiber
8282,YP_009595938.1,tail_fiber
8283,YP_009596180.1,tail_fiber
8284,YP_009615973.1,tail_fiber
8285,YP_009616013.1,tail_fiber
8286,YP_009616015.1,tail_fiber
8287,YP_009280189.1,tail_fiber
8288,YP_009280195.1,tail_fiber
8289,YP_009280202.1,tail_fiber
8290,YP_009280326.1,tail_fiber
8291,YP_009283774.1,tail_fiber
8292,YP_009283823.1,tail_fiber
8293,YP_009285798.1,tail_fiber
8294,YP_009831566.1,tail_fiber
8295,YP_009831568.1,tail_fiber
8296,YP_009289653.1,tail_fiber
8297,YP_009793730.1,tail_fiber
8298,YP_009626447.1,tail_fiber
8299,YP_009626463.1,tail_fiber
8300,YP_009626501.1,tail_fiber
8301,YP_009626502.1,tail_fiber
8302,YP_009786621.1,tail_fiber
8303,YP_009322977.1,tail_fiber
8304,YP_009831282.1,tail_fiber
8305,YP_009831284.1,tail_fiber
8306,YP_009787148.1,tail_fiber
8307,YP_009597493.1,tail_fiber
8308,YP_009597495.1,tail_fiber
8309,YP_009597501.1,tail_fiber
8310,YP_009597502.1,tail_fiber
8311,YP_009792488.1,tail_fiber
8312,YP_009599166.1,tail_fiber
8313,YP_009876470.1,tail_fiber
8314,YP_009599754.1,tail_fiber
8315,YP_009625564.1,tail_fiber
8316,YP_009618490.1,tail_fiber
8317,YP_009618496.1,tail_fiber
8318,YP_009794795.1,tail_fiber
8319,YP_009794801.1,tail_fiber
8320,YP_009610331.1,tail_fiber
8321,YP_009610482.1,tail_fiber
8322,YP_009834314.1,tail_fiber
8323,YP_009791567.1,tail_fiber
8324,YP_009794968.1,tail_fiber
8325,YP_009794974.1,tail_fiber
8326,YP_009795130.1,tail_fiber
8327,YP_009795136.1,tail_fiber
8328,YP_009877770.1,tail_fiber
8329,YP_009804143.1,tail_fiber
8330,YP_009804149.1,tail_fiber
8331,YP_009804151.1,tail_fiber
8332,YP_009613059.1,tail_fiber
8333,YP_009834945.1,tail_fiber
8334,YP_009834946.1,tail_fiber
8335,YP_009834947.1,tail_fiber
8336,YP_009619923.1,tail_fiber
8337,YP_009879584.1,tail_fiber
8338,YP_009622276.1,tail_fiber
8339,YP_009797649.1,tail_fiber
8340,YP_009622566.1,tail_fiber
8341,YP_009804801.1,tail_fiber
8342,YP_009805451.1,tail_fiber
8343,YP_009881071.1,tail_fiber
8344,YP_009813053.1,tail_fiber
8345,YP_009841470.1,tail_fiber
8346,YP_009841475.1,tail_fiber
8347,YP_009812287.1,tail_fiber
8348,YP_009811861.1,tail_fiber
8349,YP_009811970.1,tail_fiber
8350,YP_009812128.1,tail_fiber
8351,YP_009814984.1,tail_fiber
8352,YP_009814990.1,tail_fiber
8353,YP_009814992.1,tail_fiber
8354,YP_009816796.1,tail_fiber
8355,YP_009818753.1,tail_fiber
8356,YP_009908883.1,tail_fiber
8357,YP_009909013.1,tail_fiber
8358,YP_009909038.1,tail_fiber
8359,YP_009908828.1,tail_fiber
8360,YP_009908854.1,tail_fiber
8361,YP_009908935.1,tail_fiber
8362,YP_009908986.1,tail_fiber
8363,YP_009908908.1,tail_fiber
8364,YP_009845357.1,tail_fiber
8365,YP_009621128.1,tail_fiber
8366,YP_009849812.1,tail_fiber
8367,YP_009849818.1,tail_fiber
8368,YP_009848020.1,tail_fiber
8369,YP_009848025.1,tail_fiber
8370,YP_009848026.1,tail_fiber
8371,YP_009848736.1,tail_fiber
8372,YP_009883090.1,tail_fiber
8373,YP_009847777.1,tail_fiber
8374,YP_009851898.1,tail_fiber
8375,YP_009852051.1,tail_fiber
8376,YP_009852057.1,tail_fiber
8377,YP_006382434.1,tail_fiber
8378,YP_009888123.1,tail_fiber
8379,YP_009888124.1,tail_fiber
8380,YP_009887919.1,tail_fiber
8381,YP_009857927.1,tail_fiber
8382,YP_009888329.1,tail_fiber
8383,YP_009858091.1,tail_fiber
8384,YP_009858417.1,tail_fiber
8385,YP_009887532.1,tail_fiber
8386,YP_009889141.1,tail_fiber
8387,YP_009889142.1,tail_fiber
8388,YP_009888730.1,tail_fiber
8389,YP_009857777.1,tail_fiber
8390,YP_009858746.1,tail_fiber
8391,YP_009888940.1,tail_fiber
8392,YP_009887341.1,tail_fiber
8393,YP_009887343.1,tail_fiber
8394,YP_009887345.1,tail_fiber
8395,YP_009777879.1,tail_fiber
8396,YP_009985124.1,tail_fiber
8397,YP_009985603.1,tail_fiber
8398,YP_009985839.1,tail_fiber
8399,YP_009986103.1,tail_fiber
8400,YP_009986348.1,tail_fiber
8401,YP_009986518.1,tail_fiber
8402,YP_009986892.1,tail_fiber
8403,YP_009987347.1,tail_fiber
8404,YP_010050807.1,tail_fiber
8405,YP_010089171.1,tail_fiber
8406,YP_010089173.1,tail_fiber
8407,YP_010092952.1,tail_fiber
8408,YP_010093066.1,tail_fiber
8409,YP_010095629.1,tail_fiber
8410,YP_010095923.1,tail_fiber
8411,YP_010102657.1,tail_fiber
8412,YP_010105823.1,tail_fiber
8413,YP_010105629.1,tail_fiber
8414,YP_010108080.1,tail_fiber
8415,YP_010108663.1,tail_fiber
8416,YP_010108274.1,tail_fiber
8417,YP_010108467.1,tail_fiber
8418,YP_010107886.1,tail_fiber
8419,YP_010110033.1,tail_fiber
8420,YP_010113913.1,tail_fiber
8421,YP_010114208.1,tail_fiber
8422,YP_008125169.1,tail_fiber
8423,YP_008125200.1,tail_fiber
8424,YP_007006607.1,tail_fiber
8425,YP_009800372.1,tail_fiber
8426,YP_007236349.2,tail_fiber
8427,YP_007236353.2,tail_fiber
8428,YP_009201451.1,tail_fiber
8429,YP_009201452.1,tail_fiber
8430,YP_009203194.1,tail_fiber
8431,YP_009594252.1,tail_fiber
8432,YP_009624511.1,tail_fiber
8433,YP_009615405.1,tail_fiber
8434,YP_009615412.1,tail_fiber
8435,NP_049770.1,tail_fiber
8436,NP_049862.1,tail_fiber
8437,YP_010067303.1,tail_fiber
8438,YP_010067395.1,tail_fiber
8439,YP_009914510.1,tail_fiber
8440,YP_010067041.1,tail_fiber
8441,YP_010067128.1,tail_fiber
8442,YP_010067130.1,tail_fiber
8443,YP_002854116.1,tail_fiber
8444,YP_002854202.1,tail_fiber
8445,YP_009792963.1,tail_fiber
8446,NP_861863.1,tail_fiber
8447,NP_861943.1,tail_fiber
8448,YP_009098543.1,tail_fiber
8449,YP_009098631.1,tail_fiber
8450,YP_009167530.1,tail_fiber
8451,YP_009167615.1,tail_fiber
8452,YP_009167616.1,tail_fiber
8453,NP_037718.1,tail_fiber
8454,YP_002308420.1,tail_fiber
8455,NP_891819.1,tail_fiber
8456,NP_891820.1,tail_fiber
8457,YP_008318502.1,tail_fiber
8458,YP_009167975.1,tail_fiber
8459,YP_009168067.1,tail_fiber
8460,YP_009168068.1,tail_fiber
8461,YP_009102363.1,tail_fiber
8462,YP_009102447.1,tail_fiber
8463,YP_009102448.1,tail_fiber
8464,NP_892070.1,tail_fiber
8465,NP_892072.1,tail_fiber
8466,NP_853598.1,tail_fiber
8467,NP_877477.1,tail_fiber
8468,YP_195254.1,tail_fiber
8469,NP_944293.1,tail_fiber
8470,NP_944295.1,tail_fiber
8471,YP_512324.1,tail_fiber
8472,YP_338198.1,tail_fiber
8473,YP_459979.1,tail_fiber
8474,YP_794068.1,tail_fiber
8475,YP_007151695.1,tail_fiber
8476,YP_004323654.1,tail_fiber
8477,YP_001686891.1,tail_fiber
8478,YP_009617253.1,tail_fiber
8479,YP_002455977.1,tail_fiber
8480,YP_002922323.1,tail_fiber
8481,YP_002922324.1,tail_fiber
8482,YP_002925179.1,tail_fiber
8483,YP_003934883.1,tail_fiber
8484,YP_003934884.1,tail_fiber
8485,YP_003934886.1,tail_fiber
8486,YP_003335800.1,tail_fiber
8487,YP_003335801.1,tail_fiber
8488,YP_003347555.1,tail_fiber
8489,YP_009302116.1,tail_fiber
8490,YP_009302117.1,tail_fiber
8491,YP_009012584.1,tail_fiber
8492,YP_009012587.1,tail_fiber
8493,YP_009017616.1,tail_fiber
8494,YP_009017621.1,tail_fiber
8495,YP_007673203.1,tail_fiber
8496,YP_007676433.1,tail_fiber
8497,YP_009103805.1,tail_fiber
8498,YP_009103540.1,tail_fiber
8499,YP_009782943.1,tail_fiber
8500,YP_007238199.1,tail_fiber
8501,YP_004306691.1,tail_fiber
8502,YP_007003529.1,tail_fiber
8503,YP_007501021.1,tail_fiber
8504,YP_007501031.1,tail_fiber
8505,YP_007238118.1,tail_fiber
8506,YP_004415053.1,tail_fiber
8507,YP_009606708.1,tail_fiber
8508,YP_007004199.1,tail_fiber
8509,YP_007004201.1,tail_fiber
8510,YP_007004288.1,tail_fiber
8511,YP_004782196.1,tail_fiber
8512,YP_007004901.1,tail_fiber
8513,YP_007004987.1,tail_fiber
8514,YP_007004988.1,tail_fiber
8515,YP_007004537.1,tail_fiber
8516,YP_007004621.1,tail_fiber
8517,YP_007004622.1,tail_fiber
8518,YP_007004623.1,tail_fiber
8519,YP_009017610.1,tail_fiber
8520,YP_007501189.1,tail_fiber
8521,YP_007501285.1,tail_fiber
8522,YP_007501288.1,tail_fiber
8523,YP_007392699.1,tail_fiber
8524,YP_007518411.1,tail_fiber
8525,YP_006907803.1,tail_fiber
8526,YP_007006128.1,tail_fiber
8527,YP_006987062.1,tail_fiber
8528,YP_006986712.1,tail_fiber
8529,YP_006986804.1,tail_fiber
8530,YP_006299962.1,tail_fiber
8531,YP_007111724.1,tail_fiber
8532,YP_007112158.1,tail_fiber
8533,YP_007112159.1,tail_fiber
8534,YP_007111977.1,tail_fiber
8535,YP_007111525.1,tail_fiber
8536,YP_007111526.1,tail_fiber
8537,YP_007111393.1,tail_fiber
8538,YP_007111461.1,tail_fiber
8539,YP_007112365.1,tail_fiber
8540,YP_007112366.1,tail_fiber
8541,YP_007112037.1,tail_fiber
8542,YP_006906882.1,tail_fiber
8543,YP_008239655.1,tail_fiber
8544,YP_008239656.1,tail_fiber
8545,YP_009617947.1,tail_fiber
8546,YP_009150170.1,tail_fiber
8547,YP_007677930.1,tail_fiber
8548,YP_009102630.1,tail_fiber
8549,YP_009148843.1,tail_fiber
8550,YP_009147971.1,tail_fiber
8551,YP_009147974.1,tail_fiber
8552,YP_007237104.1,tail_fiber
8553,YP_007237106.1,tail_fiber
8554,YP_007237112.1,tail_fiber
8555,YP_009149403.1,tail_fiber
8556,YP_009149493.1,tail_fiber
8557,YP_009149494.1,tail_fiber
8558,YP_006905987.1,tail_fiber
8559,YP_006907052.1,tail_fiber
8560,YP_006990236.1,tail_fiber
8561,YP_006990241.1,tail_fiber
8562,YP_008766807.1,tail_fiber
8563,YP_008766808.1,tail_fiber
8564,YP_009103197.1,tail_fiber
8565,YP_009003131.1,tail_fiber
8566,YP_009779013.1,tail_fiber
8567,YP_009779227.1,tail_fiber
8568,YP_009779442.1,tail_fiber
8569,YP_009220088.1,tail_fiber
8570,YP_008858666.1,tail_fiber
8571,YP_008239741.1,tail_fiber
8572,YP_009153757.1,tail_fiber
8573,YP_009153848.1,tail_fiber
8574,YP_009056747.1,tail_fiber
8575,YP_009056825.1,tail_fiber
8576,YP_009056827.1,tail_fiber
8577,YP_008771120.1,tail_fiber
8578,YP_008770317.1,tail_fiber
8579,YP_008770326.1,tail_fiber
8580,YP_009007846.1,tail_fiber
8581,YP_008766886.1,tail_fiber
8582,YP_008766758.1,tail_fiber
8583,YP_009005150.1,tail_fiber
8584,YP_008857891.1,tail_fiber
8585,YP_008857895.1,tail_fiber
8586,YP_009006074.1,tail_fiber
8587,YP_009056550.1,tail_fiber
8588,YP_009055376.1,tail_fiber
8589,YP_009056087.1,tail_fiber
8590,YP_009211602.1,tail_fiber
8591,YP_009211691.1,tail_fiber
8592,YP_009211694.1,tail_fiber
8593,YP_009037523.1,tail_fiber
8594,YP_009148601.1,tail_fiber
8595,YP_009126187.1,tail_fiber
8596,YP_009126190.1,tail_fiber
8597,YP_009126354.1,tail_fiber
8598,YP_009275678.1,tail_fiber
8599,YP_009005533.1,tail_fiber
8600,YP_009005534.1,tail_fiber
8601,YP_009005535.1,tail_fiber
8602,YP_009031970.1,tail_fiber
8603,YP_009030217.1,tail_fiber
8604,YP_009030297.1,tail_fiber
8605,YP_009030298.1,tail_fiber
8606,YP_009030300.1,tail_fiber
8607,YP_009055856.1,tail_fiber
8608,YP_009778953.1,tail_fiber
8609,YP_009030767.1,tail_fiber
8610,YP_009030858.1,tail_fiber
8611,YP_009030859.1,tail_fiber
8612,YP_009100278.1,tail_fiber
8613,YP_009043269.1,tail_fiber
8614,YP_009043561.1,tail_fiber
8615,YP_009592797.1,tail_fiber
8616,YP_009592983.1,tail_fiber
8617,YP_009592985.1,tail_fiber
8618,YP_009592990.1,tail_fiber
8619,YP_009592992.1,tail_fiber
8620,YP_009593159.1,tail_fiber
8621,YP_009099318.1,tail_fiber
8622,YP_009221531.1,tail_fiber
8623,YP_009097947.1,tail_fiber
8624,YP_009146611.1,tail_fiber
8625,YP_009146702.1,tail_fiber
8626,YP_009146705.1,tail_fiber
8627,YP_009146706.1,tail_fiber
8628,YP_009100706.1,tail_fiber
8629,YP_009100768.1,tail_fiber
8630,YP_009100787.1,tail_fiber
8631,YP_009303689.1,tail_fiber
8632,YP_009304458.1,tail_fiber
8633,YP_009304469.1,tail_fiber
8634,YP_009300920.1,tail_fiber
8635,YP_009110978.1,tail_fiber
8636,YP_009102095.1,tail_fiber
8637,YP_009784840.1,tail_fiber
8638,YP_009147344.1,tail_fiber
8639,YP_009152055.1,tail_fiber
8640,YP_009216697.1,tail_fiber
8641,YP_009152236.1,tail_fiber
8642,YP_009205853.1,tail_fiber
8643,YP_009205942.1,tail_fiber
8644,YP_009205944.1,tail_fiber
8645,YP_009207437.1,tail_fiber
8646,YP_009207438.1,tail_fiber
8647,YP_009207441.1,tail_fiber
8648,YP_009210005.1,tail_fiber
8649,YP_009210008.1,tail_fiber
8650,YP_009214007.1,tail_fiber
8651,YP_009214099.1,tail_fiber
8652,YP_009214101.1,tail_fiber
8653,YP_009113082.1,tail_fiber
8654,YP_009113084.1,tail_fiber
8655,YP_009113085.1,tail_fiber
8656,YP_009196097.1,tail_fiber
8657,YP_009200585.1,tail_fiber
8658,YP_009200420.1,tail_fiber
8659,YP_009624886.1,tail_fiber
8660,YP_009624887.1,tail_fiber
8661,YP_009593283.1,tail_fiber
8662,YP_009190428.1,tail_fiber
8663,YP_009190430.1,tail_fiber
8664,YP_009190431.1,tail_fiber
8665,YP_009190432.1,tail_fiber
8666,YP_009190433.1,tail_fiber
8667,YP_009205690.1,tail_fiber
8668,YP_009219303.1,tail_fiber
8669,YP_009219304.1,tail_fiber
8670,YP_009219990.1,tail_fiber
8671,YP_009219993.1,tail_fiber
8672,YP_009216958.1,tail_fiber
8673,YP_009216961.1,tail_fiber
8674,YP_009191567.1,tail_fiber
8675,YP_009784787.1,tail_fiber
8676,YP_009200817.1,tail_fiber
8677,YP_009195564.1,tail_fiber
8678,YP_009195656.1,tail_fiber
8679,YP_009195659.1,tail_fiber
8680,YP_009226220.1,tail_fiber
8681,YP_009198341.1,tail_fiber
8682,YP_009209330.1,tail_fiber
8683,YP_009193795.1,tail_fiber
8684,YP_009201895.1,tail_fiber
8685,YP_009201899.1,tail_fiber
8686,YP_009215191.1,tail_fiber
8687,YP_009206320.1,tail_fiber
8688,YP_010088348.1,tail_fiber
8689,YP_010066815.1,tail_fiber
8690,YP_010066193.1,tail_fiber
8691,YP_010066356.1,tail_fiber
8692,YP_010065958.1,tail_fiber
8693,YP_010066031.1,tail_fiber
8694,YP_009284019.1,tail_fiber
8695,YP_009289421.1,tail_fiber
8696,YP_009289545.1,tail_fiber
8697,YP_009289546.1,tail_fiber
8698,YP_009289548.1,tail_fiber
8699,YP_009225094.1,tail_fiber
8700,YP_009225010.1,tail_fiber
8701,YP_009225012.1,tail_fiber
8702,YP_009225013.1,tail_fiber
8703,YP_009180952.1,tail_fiber
8704,YP_009601950.1,tail_fiber
8705,YP_009601957.1,tail_fiber
8706,YP_009202892.1,tail_fiber
8707,YP_009202980.1,tail_fiber
8708,YP_009190568.1,tail_fiber
8709,YP_009203897.1,tail_fiber
8710,YP_009203990.1,tail_fiber
8711,YP_009177306.1,tail_fiber
8712,YP_009177307.1,tail_fiber
8713,YP_009190948.1,tail_fiber
8714,YP_009190990.1,tail_fiber
8715,YP_009188354.1,tail_fiber
8716,YP_009188355.1,tail_fiber
8717,YP_009321957.1,tail_fiber
8718,YP_009606612.1,tail_fiber
8719,YP_009606611.1,tail_fiber
8720,YP_009210345.1,tail_fiber
8721,YP_009625002.1,tail_fiber
8722,YP_009625004.1,tail_fiber
8723,YP_009625005.1,tail_fiber
8724,YP_009625090.1,tail_fiber
8725,YP_009625376.1,tail_fiber
8726,YP_009625464.1,tail_fiber
8727,YP_009197210.1,tail_fiber
8728,YP_009197296.1,tail_fiber
8729,YP_009180660.1,tail_fiber
8730,YP_009180746.1,tail_fiber
8731,YP_009180748.1,tail_fiber
8732,YP_009615864.1,tail_fiber
8733,YP_009187309.1,tail_fiber
8734,YP_009201821.1,tail_fiber
8735,YP_009208860.1,tail_fiber
8736,YP_009191364.1,tail_fiber
8737,YP_009785893.1,tail_fiber
8738,YP_009275524.1,tail_fiber
8739,YP_010088652.1,tail_fiber
8740,YP_010088661.1,tail_fiber
8741,YP_009324518.1,tail_fiber
8742,YP_009279770.1,tail_fiber
8743,YP_009278125.1,tail_fiber
8744,YP_009286984.1,tail_fiber
8745,YP_009289972.1,tail_fiber
8746,YP_009291683.1,tail_fiber
8747,YP_009274687.1,tail_fiber
8748,YP_009325271.1,tail_fiber
8749,YP_009323551.1,tail_fiber
8750,YP_009325016.1,tail_fiber
8751,YP_009325021.1,tail_fiber
8752,YP_009290427.1,tail_fiber
8753,YP_009286511.1,tail_fiber
8754,YP_009286600.1,tail_fiber
8755,YP_009286603.1,tail_fiber
8756,YP_009286604.1,tail_fiber
8757,YP_009278565.1,tail_fiber
8758,YP_009282057.1,tail_fiber
8759,YP_009291519.1,tail_fiber
8760,YP_009281494.1,tail_fiber
8761,YP_009281581.1,tail_fiber
8762,YP_010073209.1,tail_fiber
8763,YP_009324055.1,tail_fiber
8764,YP_009324139.1,tail_fiber
8765,YP_009324141.1,tail_fiber
8766,YP_009323362.1,tail_fiber
8767,YP_009323447.1,tail_fiber
8768,YP_009323449.1,tail_fiber
8769,YP_009280444.1,tail_fiber
8770,YP_009280454.1,tail_fiber
8771,YP_009280478.1,tail_fiber
8772,YP_009291573.1,tail_fiber
8773,YP_009280011.1,tail_fiber
8774,YP_009280109.1,tail_fiber
8775,YP_009280110.1,tail_fiber
8776,YP_009280111.1,tail_fiber
8777,YP_009280112.1,tail_fiber
8778,YP_009322853.1,tail_fiber
8779,YP_009324628.1,tail_fiber
8780,YP_009287206.1,tail_fiber
8781,YP_009278602.1,tail_fiber
8782,YP_009287665.1,tail_fiber
8783,YP_009277863.1,tail_fiber
8784,YP_009283762.1,tail_fiber
8785,YP_009288524.1,tail_fiber
8786,YP_009288610.1,tail_fiber
8787,YP_009288612.1,tail_fiber
8788,YP_009277532.1,tail_fiber
8789,YP_009279151.1,tail_fiber
8790,YP_009289039.1,tail_fiber
8791,YP_009289040.1,tail_fiber
8792,YP_009289041.1,tail_fiber
8793,YP_009289073.1,tail_fiber
8794,YP_009289122.1,tail_fiber
8795,YP_009289137.1,tail_fiber
8796,YP_009280164.1,tail_fiber
8797,YP_009280165.1,tail_fiber
8798,YP_009288141.1,tail_fiber
8799,YP_009288145.1,tail_fiber
8800,YP_009291473.1,tail_fiber
8801,YP_009320943.1,tail_fiber
8802,YP_010088692.1,tail_fiber
8803,YP_009322459.1,tail_fiber
8804,YP_009322460.1,tail_fiber
8805,YP_009322462.1,tail_fiber
8806,YP_010091867.1,tail_fiber
8807,YP_009792408.1,tail_fiber
8808,YP_010076775.1,tail_fiber
8809,YP_010076861.1,tail_fiber
8810,YP_010089483.1,tail_fiber
8811,YP_010089573.1,tail_fiber
8812,YP_010089574.1,tail_fiber
8813,YP_009787869.1,tail_fiber
8814,YP_009787912.1,tail_fiber
8815,YP_010074883.1,tail_fiber
8816,YP_010074965.1,tail_fiber
8817,YP_009966373.1,tail_fiber
8818,YP_009789753.1,tail_fiber
8819,YP_009800435.1,tail_fiber
8820,YP_009600277.1,tail_fiber
8821,YP_009600278.1,tail_fiber
8822,YP_010089999.1,tail_fiber
8823,YP_010090265.1,tail_fiber
8824,YP_009602109.1,tail_fiber
8825,YP_009602206.1,tail_fiber
8826,YP_009602207.1,tail_fiber
8827,YP_009602209.1,tail_fiber
8828,YP_009608421.1,tail_fiber
8829,YP_009608504.1,tail_fiber
8830,YP_009609575.1,tail_fiber
8831,YP_009609576.1,tail_fiber
8832,YP_009609578.1,tail_fiber
8833,YP_009609579.1,tail_fiber
8834,YP_010092403.1,tail_fiber
8835,YP_010092404.1,tail_fiber
8836,YP_010092406.1,tail_fiber
8837,YP_009914709.1,tail_fiber
8838,YP_009914712.1,tail_fiber
8839,YP_009791184.1,tail_fiber
8840,YP_009791648.1,tail_fiber
8841,YP_009618598.1,tail_fiber
8842,YP_009618729.1,tail_fiber
8843,YP_009618969.1,tail_fiber
8844,YP_009619053.1,tail_fiber
8845,YP_009619093.1,tail_fiber
8846,YP_009619177.1,tail_fiber
8847,YP_009619179.1,tail_fiber
8848,YP_009804087.1,tail_fiber
8849,YP_009612733.1,tail_fiber
8850,YP_009614811.1,tail_fiber
8851,YP_009614898.1,tail_fiber
8852,YP_010076359.1,tail_fiber
8853,YP_010076445.1,tail_fiber
8854,YP_010067840.1,tail_fiber
8855,YP_010068214.1,tail_fiber
8856,YP_010068394.1,tail_fiber
8857,YP_010075052.1,tail_fiber
8858,YP_009615636.1,tail_fiber
8859,YP_009615726.1,tail_fiber
8860,YP_009615727.1,tail_fiber
8861,YP_009615729.1,tail_fiber
8862,YP_010077042.1,tail_fiber
8863,YP_010091465.1,tail_fiber
8864,YP_010091194.1,tail_fiber
8865,YP_009816315.1,tail_fiber
8866,YP_009795843.1,tail_fiber
8867,YP_009621563.1,tail_fiber
8868,YP_009621692.1,tail_fiber
8869,YP_010073528.1,tail_fiber
8870,YP_010073809.1,tail_fiber
8871,YP_010093555.1,tail_fiber
8872,YP_010093653.1,tail_fiber
8873,YP_009836843.1,tail_fiber
8874,YP_009797816.1,tail_fiber
8875,YP_010065219.1,tail_fiber
8876,YP_010065305.1,tail_fiber
8877,YP_010069181.1,tail_fiber
8878,YP_010069267.1,tail_fiber
8879,YP_010069719.1,tail_fiber
8880,YP_009799418.1,tail_fiber
8881,YP_009903186.1,tail_fiber
8882,YP_010094125.1,tail_fiber
8883,YP_010094126.1,tail_fiber
8884,YP_009613531.1,tail_fiber
8885,YP_009613621.1,tail_fiber
8886,YP_010094257.1,tail_fiber
8887,YP_010094443.1,tail_fiber
8888,YP_010094445.1,tail_fiber
8889,YP_010094528.1,tail_fiber
8890,YP_010066409.1,tail_fiber
8891,YP_010066494.1,tail_fiber
8892,YP_010094703.1,tail_fiber
8893,YP_010072171.1,tail_fiber
8894,YP_010072258.1,tail_fiber
8895,YP_009820026.1,tail_fiber
8896,YP_010071632.1,tail_fiber
8897,YP_010071718.1,tail_fiber
8898,YP_009802470.1,tail_fiber
8899,YP_010096139.1,tail_fiber
8900,YP_010096226.1,tail_fiber
8901,YP_010096482.1,tail_fiber
8902,YP_010096283.1,tail_fiber
8903,YP_009618240.1,tail_fiber
8904,YP_009618336.1,tail_fiber
8905,YP_009807461.1,tail_fiber
8906,YP_009817979.1,tail_fiber
8907,YP_009818021.1,tail_fiber
8908,YP_010073100.1,tail_fiber
8909,YP_010098445.1,tail_fiber
8910,YP_010098525.1,tail_fiber
8911,YP_010077240.1,tail_fiber
8912,YP_010077419.1,tail_fiber
8913,YP_009816563.1,tail_fiber
8914,YP_010093213.1,tail_fiber
8915,YP_010067576.1,tail_fiber
8916,YP_010067660.1,tail_fiber
8917,YP_010100018.1,tail_fiber
8918,YP_010100202.1,tail_fiber
8919,YP_009816020.1,tail_fiber
8920,YP_009817028.1,tail_fiber
8921,YP_009818428.1,tail_fiber
8922,YP_009814969.1,tail_fiber
8923,YP_010100375.1,tail_fiber
8924,YP_010100377.1,tail_fiber
8925,YP_010100511.1,tail_fiber
8926,YP_010100688.1,tail_fiber
8927,YP_010100690.1,tail_fiber
8928,YP_010070262.1,tail_fiber
8929,YP_010069988.1,tail_fiber
8930,YP_010070539.1,tail_fiber
8931,YP_009819493.1,tail_fiber
8932,YP_010072449.1,tail_fiber
8933,YP_010069453.1,tail_fiber
8934,YP_010071365.1,tail_fiber
8935,YP_010070812.1,tail_fiber
8936,YP_009820950.1,tail_fiber
8937,YP_009821798.1,tail_fiber
8938,YP_009821864.1,tail_fiber
8939,YP_010068068.1,tail_fiber
8940,YP_009903057.1,tail_fiber
8941,YP_009850441.1,tail_fiber
8942,YP_010064801.1,tail_fiber
8943,YP_010075966.1,tail_fiber
8944,YP_010076051.1,tail_fiber
8945,YP_010076246.1,tail_fiber
8946,YP_010076330.1,tail_fiber
8947,YP_009902582.1,tail_fiber
8948,YP_009902674.1,tail_fiber
8949,YP_009902495.1,tail_fiber
8950,YP_009850025.1,tail_fiber
8951,YP_009883880.1,tail_fiber
8952,YP_009883957.1,tail_fiber
8953,YP_009883958.1,tail_fiber
8954,YP_009902881.1,tail_fiber
8955,YP_010075424.1,tail_fiber
8956,NP_602302.1,tail_fiber
8957,NP_602303.1,tail_fiber
8958,YP_009887113.1,tail_fiber
8959,YP_009887184.1,tail_fiber
8960,YP_010077480.1,tail_fiber
8961,YP_010077660.1,tail_fiber
8962,YP_010068983.1,tail_fiber
8963,YP_009855966.1,tail_fiber
8964,YP_010074048.1,tail_fiber
8965,YP_010074134.1,tail_fiber
8966,YP_010074363.1,tail_fiber
8967,YP_010074447.1,tail_fiber
8968,YP_010074522.1,tail_fiber
8969,YP_010074607.1,tail_fiber
8970,YP_010065803.1,tail_fiber
8971,YP_010065887.1,tail_fiber
8972,YP_010065529.1,tail_fiber
8973,YP_010065615.1,tail_fiber
8974,YP_010075699.1,tail_fiber
8975,YP_010071202.1,tail_fiber
8976,YP_010068648.1,tail_fiber
8977,YP_010071908.1,tail_fiber
8978,YP_010072723.1,tail_fiber
8979,YP_010072810.1,tail_fiber
8980,YP_009594801.1,tail_fiber
8981,YP_010113617.1,tail_fiber
8982,YP_008771851.1,tail_fiber
8983,YP_001294868.1,tail_fiber
8984,YP_006589990.1,tail_fiber
8985,YP_009208178.1,tail_fiber
8986,YP_009208179.1,tail_fiber
8987,YP_009293489.1,tail_fiber
8988,YP_009148733.1,tail_fiber
8989,YP_001671760.1,tail_fiber
8990,YP_007236806.1,tail_fiber
8991,YP_007236808.1,tail_fiber
8992,YP_007005418.1,tail_fiber
8993,YP_009151844.1,tail_fiber
8994,YP_008239861.1,tail_fiber
8995,YP_008239941.1,tail_fiber
8996,YP_010278286.1,tail_fiber
8997,YP_009881781.1,tail_fiber
8998,YP_010099757.1,tail_fiber
8999,YP_010356194.1,tail_fiber
9000,YP_009814689.1,tail_fiber
9001,YP_009843231.1,tail_fiber
9002,YP_010089578.1,tail_fiber
9003,YP_010089579.1,tail_fiber
9004,YP_009909924.1,tail_fiber
9005,YP_010064509.1,tail_fiber
9006,YP_009788688.1,tail_fiber
9007,YP_009784184.1,tail_fiber
9008,YP_009785538.1,tail_fiber
9009,YP_009786627.1,tail_fiber
9010,YP_009876130.1,tail_fiber
9011,YP_009792481.1,tail_fiber
9012,YP_009832395.1,tail_fiber
9013,YP_009790029.1,tail_fiber
9014,YP_009790177.1,tail_fiber
9015,YP_009802348.1,tail_fiber
9016,YP_009790746.1,tail_fiber
9017,YP_009791133.1,tail_fiber
9018,YP_009833741.1,tail_fiber
9019,YP_009791820.1,tail_fiber
9020,YP_009791878.1,tail_fiber
9021,YP_009792654.1,tail_fiber
9022,YP_009795787.1,tail_fiber
9023,YP_009879581.1,tail_fiber
9024,YP_009796703.1,tail_fiber
9025,YP_009798893.1,tail_fiber
9026,YP_009622565.1,tail_fiber
9027,YP_009798750.1,tail_fiber
9028,YP_009799369.1,tail_fiber
9029,YP_009837827.1,tail_fiber
9030,YP_009837852.1,tail_fiber
9031,YP_009800165.1,tail_fiber
9032,YP_009800311.1,tail_fiber
9033,YP_009800633.1,tail_fiber
9034,YP_009800680.1,tail_fiber
9035,YP_009800586.1,tail_fiber
9036,YP_009800541.1,tail_fiber
9037,YP_009802281.1,tail_fiber
9038,YP_009807867.1,tail_fiber
9039,YP_009809210.1,tail_fiber
9040,YP_009809300.1,tail_fiber
9041,YP_009814688.1,tail_fiber
9042,YP_009841482.1,tail_fiber
9043,YP_009818326.1,tail_fiber
9044,YP_009819277.1,tail_fiber
9045,YP_009844292.1,tail_fiber
9046,YP_009843950.1,tail_fiber
9047,YP_009904659.1,tail_fiber
9048,YP_009849288.1,tail_fiber
9049,YP_009849289.1,tail_fiber
9050,YP_009849290.1,tail_fiber
9051,YP_009849294.1,tail_fiber
9052,YP_009849304.1,tail_fiber
9053,YP_009845877.1,tail_fiber
9054,YP_009847094.1,tail_fiber
9055,YP_009849825.1,tail_fiber
9056,YP_009883457.1,tail_fiber
9057,YP_009848722.1,tail_fiber
9058,YP_009877411.1,tail_fiber
9059,YP_009833462.1,tail_fiber
9060,YP_009889344.1,tail_fiber
9061,YP_009857446.1,tail_fiber
9062,YP_009887344.1,tail_fiber
9063,YP_009778109.1,tail_fiber
9064,YP_009984503.1,tail_fiber
9065,YP_009984883.1,tail_fiber
9066,YP_010082803.1,tail_fiber
9067,YP_010082113.1,tail_fiber
9068,YP_010106805.1,tail_fiber
9069,YP_010112196.1,tail_fiber
9070,YP_010114618.1,tail_fiber
9071,YP_009792874.1,tail_fiber
9072,YP_009850606.1,tail_fiber
9073,YP_009850607.1,tail_fiber
9074,YP_009914508.1,tail_fiber
9075,YP_009914509.1,tail_fiber
9076,NP_050998.1,tail_fiber
9077,YP_224171.1,tail_fiber
9078,NP_543108.1,tail_fiber
9079,YP_010078062.1,tail_fiber
9080,YP_010078066.1,tail_fiber
9081,NP_862890.1,tail_fiber
9082,YP_010115336.1,tail_fiber
9083,YP_010115331.1,tail_fiber
9084,NP_852778.1,tail_fiber
9085,YP_009909262.1,tail_fiber
9086,YP_001272535.1,tail_fiber
9087,YP_002274284.1,tail_fiber
9088,YP_002274207.1,tail_fiber
9089,YP_003344784.1,tail_fiber
9090,YP_007675267.1,tail_fiber
9091,YP_007675394.1,tail_fiber
9092,YP_004306390.1,tail_fiber
9093,YP_004306861.1,tail_fiber
9094,YP_009792299.1,tail_fiber
9095,YP_007001478.1,tail_fiber
9096,YP_007011009.1,tail_fiber
9097,YP_009909186.1,tail_fiber
9098,YP_009908412.1,tail_fiber
9099,YP_009908320.1,tail_fiber
9100,YP_009909110.1,tail_fiber
9101,YP_009909418.1,tail_fiber
9102,YP_009909340.1,tail_fiber
9103,YP_008240310.1,tail_fiber
9104,YP_009009354.1,tail_fiber
9105,YP_009146194.1,tail_fiber
9106,YP_009302964.1,tail_fiber
9107,YP_009967029.1,tail_fiber
9108,YP_009200295.1,tail_fiber
9109,YP_009219995.1,tail_fiber
9110,YP_009785165.1,tail_fiber
9111,YP_010088310.1,tail_fiber
9112,YP_010088361.1,tail_fiber
9113,YP_009830022.1,tail_fiber
9114,YP_009908496.1,tail_fiber
9115,YP_009908250.1,tail_fiber
9116,YP_009831687.1,tail_fiber
9117,YP_009787963.1,tail_fiber
9118,YP_009788013.1,tail_fiber
9119,YP_009788866.1,tail_fiber
9120,YP_009789754.1,tail_fiber
9121,YP_009907931.1,tail_fiber
9122,YP_009790577.1,tail_fiber
9123,YP_010090631.1,tail_fiber
9124,YP_010090652.1,tail_fiber
9125,YP_009790736.1,tail_fiber
9126,YP_009790851.1,tail_fiber
9127,YP_009791186.1,tail_fiber
9128,YP_009834148.1,tail_fiber
9129,YP_009804097.1,tail_fiber
9130,YP_010092023.1,tail_fiber
9131,YP_009816443.1,tail_fiber
9132,YP_009816454.1,tail_fiber
9133,YP_009816479.1,tail_fiber
9134,YP_009836880.1,tail_fiber
9135,YP_009998430.1,tail_fiber
9136,YP_010090965.1,tail_fiber
9137,YP_010090967.1,tail_fiber
9138,YP_009908010.1,tail_fiber
9139,YP_010095214.1,tail_fiber
9140,YP_009914613.1,tail_fiber
9141,YP_010096228.1,tail_fiber
9142,YP_009823976.1,tail_fiber
9143,YP_009817807.1,tail_fiber
9144,YP_010055077.1,tail_fiber
9145,YP_010055808.1,tail_fiber
9146,YP_009841568.1,tail_fiber
9147,YP_010098443.1,tail_fiber
9148,YP_010052842.1,tail_fiber
9149,YP_009815362.1,tail_fiber
9150,YP_010100034.1,tail_fiber
9151,YP_010100687.1,tail_fiber
9152,YP_009820775.1,tail_fiber
9153,YP_009819485.1,tail_fiber
9154,YP_009819489.1,tail_fiber
9155,YP_009819490.1,tail_fiber
9156,YP_010054999.1,tail_fiber
9157,YP_009820946.1,tail_fiber
9158,YP_009845553.1,tail_fiber
9159,YP_009845615.1,tail_fiber
9160,YP_009845616.1,tail_fiber
9161,YP_009903407.1,tail_fiber
9162,YP_009907788.1,tail_fiber
9163,YP_009883354.1,tail_fiber
9164,YP_009851400.1,tail_fiber
9165,YP_010000117.1,tail_fiber
9166,YP_010081507.1,tail_fiber
9167,YP_009854374.1,tail_fiber
9168,NP_052268.1,tail_fiber
9169,YP_009854053.1,tail_fiber
9170,YP_009887111.1,tail_fiber
9171,YP_009877449.1,tail_fiber
9172,YP_009877527.1,tail_fiber
9173,YP_009877486.1,tail_fiber
9174,YP_009877569.1,tail_fiber
9175,YP_009857713.1,tail_fiber
9176,YP_009857640.1,tail_fiber
9177,YP_009949280.1,tail_fiber
9178,YP_010078819.1,tail_fiber
9179,YP_010106883.1,tail_fiber
9180,YP_010056047.1,tail_fiber
9181,YP_009910064.1,tail_fiber
9182,YP_010038082.1,tail_fiber
9183,YP_010109792.1,tail_fiber
9184,YP_010037981.1,tail_fiber
9185,YP_010037982.1,tail_fiber
9186,YP_010054546.1,tail_fiber
9187,YP_009997040.1,tail_fiber
9188,YP_009966149.1,tail_fiber
9189,YP_010298467.1,tail_fiber
9190,YP_010298456.1,tail_fiber
9191,YP_010298184.1,tail_fiber
9192,YP_010297665.1,tail_fiber
9193,YP_010297682.1,tail_fiber
9194,YP_010347747.1,tail_fiber
9195,YP_010357066.1,tail_fiber
9196,YP_010357265.1,tail_fiber
